2025-09-24 10:41:32 [restartedMain] INFO  c.p.PortBookingSystemApplication - Starting PortBookingSystemApplication using Java 22.0.2 with PID 26276 (C:\Users\THAMINDU\Documents\slpa__ports\slpa__ports\ports\ports\Bckend\target\classes started by THAMINDU in C:\Users\THAMINDU\Documents\slpa__ports\slpa__ports\ports\ports)
2025-09-24 10:41:32 [restartedMain] DEBUG c.p.PortBookingSystemApplication - Running with Spring Boot v3.2.0, Spring v6.1.1
2025-09-24 10:41:32 [restartedMain] INFO  c.p.PortBookingSystemApplication - No active profile set, falling back to 1 default profile: "default"
2025-09-24 10:41:35 [restartedMain] INFO  o.s.d.r.c.RepositoryConfigurationDelegate - Bootstrapping Spring Data JPA repositories in DEFAULT mode.
2025-09-24 10:41:36 [restartedMain] INFO  o.s.d.r.c.RepositoryConfigurationDelegate - Finished Spring Data repository scanning in 259 ms. Found 5 JPA repository interfaces.
2025-09-24 10:41:37 [restartedMain] INFO  o.s.b.w.e.tomcat.TomcatWebServer - Tomcat initialized with port 8080 (http)
2025-09-24 10:41:37 [restartedMain] INFO  o.a.catalina.core.StandardService - Starting service [Tomcat]
2025-09-24 10:41:37 [restartedMain] INFO  o.a.catalina.core.StandardEngine - Starting Servlet engine: [Apache Tomcat/10.1.16]
2025-09-24 10:41:37 [restartedMain] INFO  o.a.c.c.C.[Tomcat].[localhost].[/] - Initializing Spring embedded WebApplicationContext
2025-09-24 10:41:37 [restartedMain] INFO  o.s.b.w.s.c.ServletWebServerApplicationContext - Root WebApplicationContext: initialization completed in 4744 ms
2025-09-24 10:41:38 [restartedMain] INFO  com.zaxxer.hikari.HikariDataSource - HikariPool-2 - Starting...
2025-09-24 10:41:38 [restartedMain] INFO  com.zaxxer.hikari.pool.HikariPool - HikariPool-2 - Added connection com.mysql.cj.jdbc.ConnectionImpl@3c7579b4
2025-09-24 10:41:38 [restartedMain] INFO  com.zaxxer.hikari.HikariDataSource - HikariPool-2 - Start completed.
2025-09-24 10:41:38 [restartedMain] INFO  o.s.b.a.h.H2ConsoleAutoConfiguration - H2 console available at '/h2-console'. Database available at 'jdbc:mysql://localhost:3306/ports?useSSL=false&serverTimezone=UTC&allowPublicKeyRetrieval=true&createDatabaseIfNotExist=true'
2025-09-24 10:41:39 [restartedMain] INFO  o.h.jpa.internal.util.LogHelper - HHH000204: Processing PersistenceUnitInfo [name: default]
2025-09-24 10:41:39 [restartedMain] INFO  o.h.c.i.RegionFactoryInitiator - HHH000026: Second-level cache disabled
2025-09-24 10:41:39 [restartedMain] INFO  o.s.o.j.p.SpringPersistenceUnitInfo - No LoadTimeWeaver setup: ignoring JPA class transformer
2025-09-24 10:41:39 [restartedMain] WARN  org.hibernate.orm.deprecation - HHH90000025: MySQL8Dialect does not need to be specified explicitly using 'hibernate.dialect' (remove the property setting and it will be selected by default)
2025-09-24 10:41:39 [restartedMain] WARN  org.hibernate.orm.deprecation - HHH90000026: MySQL8Dialect has been deprecated; use org.hibernate.dialect.MySQLDialect instead
2025-09-24 10:41:40 [restartedMain] INFO  o.h.e.t.j.p.i.JtaPlatformInitiator - HHH000489: No JTA platform available (set 'hibernate.transaction.jta.platform' to enable JTA platform integration)
2025-09-24 10:41:40 [restartedMain] INFO  o.s.o.j.LocalContainerEntityManagerFactoryBean - Initialized JPA EntityManagerFactory for persistence unit 'default'
2025-09-24 10:41:41 [restartedMain] DEBUG c.p.security.AuthTokenFilter - Filter 'authenticationJwtTokenFilter' configured for use
2025-09-24 10:41:42 [restartedMain] INFO  o.s.b.a.e.web.EndpointLinksResolver - Exposing 3 endpoint(s) beneath base path '/actuator'
2025-09-24 10:41:43 [restartedMain] INFO  o.s.s.web.DefaultSecurityFilterChain - Will secure any request with [org.springframework.security.web.session.DisableEncodeUrlFilter@1a1fe36e, org.springframework.security.web.context.request.async.WebAsyncManagerIntegrationFilter@6415f552, org.springframework.security.web.context.SecurityContextHolderFilter@3eff389f, org.springframework.security.web.header.HeaderWriterFilter@4d7ef0c, org.springframework.web.filter.CorsFilter@1ae956bf, org.springframework.security.web.authentication.logout.LogoutFilter@19c1af9, com.portbooking.security.AuthTokenFilter@233e228b, org.springframework.security.web.savedrequest.RequestCacheAwareFilter@78764adf, org.springframework.security.web.servletapi.SecurityContextHolderAwareRequestFilter@5f8f1f19, org.springframework.security.web.authentication.AnonymousAuthenticationFilter@49a11983, org.springframework.security.web.session.SessionManagementFilter@74c3a6a8, org.springframework.security.web.access.ExceptionTranslationFilter@61a4f09e, org.springframework.security.web.access.intercept.AuthorizationFilter@643764c5]
2025-09-24 10:41:44 [restartedMain] INFO  o.s.b.d.a.OptionalLiveReloadServer - LiveReload server is running on port 35729
2025-09-24 10:41:44 [restartedMain] INFO  o.s.b.w.e.tomcat.TomcatWebServer - Tomcat started on port 8080 (http) with context path ''
2025-09-24 10:41:44 [restartedMain] INFO  c.p.PortBookingSystemApplication - Started PortBookingSystemApplication in 11.789 seconds (process running for 1853.669)
2025-09-24 10:41:44 [restartedMain] INFO  o.s.b.d.a.ConditionEvaluationDeltaLoggingListener - Condition evaluation delta:


==========================
CONDITION EVALUATION DELTA
==========================


Positive matches:
-----------------

   LogFileWebEndpointAutoConfiguration#logFileWebEndpoint matched:
      - Log File found logging.file.name logs/application.log (LogFileWebEndpointAutoConfiguration.LogFileCondition)
      - @ConditionalOnMissingBean (types: org.springframework.boot.actuate.logging.LogFileWebEndpoint; SearchStrategy: all) did not find any beans (OnBeanCondition)


Negative matches:
-----------------

    None


Exclusions:
-----------

    None


Unconditional classes:
----------------------

    None



2025-09-24 10:42:08 [File Watcher] INFO  o.s.b.d.a.LocalDevToolsAutoConfiguration$RestartingClassPathChangeChangedEventListener - Restarting due to 41 class path changes (0 additions, 39 deletions, 2 modifications)
2025-09-24 10:42:08 [Thread-7] INFO  o.s.o.j.LocalContainerEntityManagerFactoryBean - Closing JPA EntityManagerFactory for persistence unit 'default'
2025-09-24 10:42:08 [Thread-7] INFO  com.zaxxer.hikari.HikariDataSource - HikariPool-2 - Shutdown initiated...
2025-09-24 10:42:08 [Thread-7] INFO  com.zaxxer.hikari.HikariDataSource - HikariPool-2 - Shutdown completed.
2025-09-24 10:42:08 [restartedMain] INFO  c.p.PortBookingSystemApplication - Starting PortBookingSystemApplication using Java 22.0.2 with PID 26276 (C:\Users\THAMINDU\Documents\slpa__ports\slpa__ports\ports\ports\Bckend\target\classes started by THAMINDU in C:\Users\THAMINDU\Documents\slpa__ports\slpa__ports\ports\ports)
2025-09-24 10:42:08 [restartedMain] DEBUG c.p.PortBookingSystemApplication - Running with Spring Boot v3.2.0, Spring v6.1.1
2025-09-24 10:42:08 [restartedMain] INFO  c.p.PortBookingSystemApplication - No active profile set, falling back to 1 default profile: "default"
2025-09-24 10:42:10 [restartedMain] INFO  o.s.d.r.c.RepositoryConfigurationDelegate - Bootstrapping Spring Data JPA repositories in DEFAULT mode.
2025-09-24 10:42:10 [restartedMain] INFO  o.s.d.r.c.RepositoryConfigurationDelegate - Finished Spring Data repository scanning in 19 ms. Found 0 JPA repository interfaces.
2025-09-24 10:42:12 [restartedMain] INFO  o.s.b.w.e.tomcat.TomcatWebServer - Tomcat initialized with port 8080 (http)
2025-09-24 10:42:12 [restartedMain] INFO  o.a.catalina.core.StandardService - Starting service [Tomcat]
2025-09-24 10:42:12 [restartedMain] INFO  o.a.catalina.core.StandardEngine - Starting Servlet engine: [Apache Tomcat/10.1.16]
2025-09-24 10:42:13 [restartedMain] INFO  o.a.c.c.C.[Tomcat].[localhost].[/] - Initializing Spring embedded WebApplicationContext
2025-09-24 10:42:13 [restartedMain] INFO  o.s.b.w.s.c.ServletWebServerApplicationContext - Root WebApplicationContext: initialization completed in 4363 ms
2025-09-24 10:42:13 [restartedMain] INFO  com.zaxxer.hikari.HikariDataSource - HikariPool-3 - Starting...
2025-09-24 10:42:14 [restartedMain] INFO  com.zaxxer.hikari.pool.HikariPool - HikariPool-3 - Added connection com.mysql.cj.jdbc.ConnectionImpl@1966e4b8
2025-09-24 10:42:14 [restartedMain] INFO  com.zaxxer.hikari.HikariDataSource - HikariPool-3 - Start completed.
2025-09-24 10:42:14 [restartedMain] INFO  o.s.b.a.h.H2ConsoleAutoConfiguration - H2 console available at '/h2-console'. Database available at 'jdbc:mysql://localhost:3306/ports?useSSL=false&serverTimezone=UTC&allowPublicKeyRetrieval=true&createDatabaseIfNotExist=true'
2025-09-24 10:42:15 [restartedMain] INFO  o.h.jpa.internal.util.LogHelper - HHH000204: Processing PersistenceUnitInfo [name: default]
2025-09-24 10:42:15 [restartedMain] INFO  o.h.c.i.RegionFactoryInitiator - HHH000026: Second-level cache disabled
2025-09-24 10:42:15 [restartedMain] INFO  o.s.o.j.p.SpringPersistenceUnitInfo - No LoadTimeWeaver setup: ignoring JPA class transformer
2025-09-24 10:42:15 [restartedMain] WARN  org.hibernate.orm.deprecation - HHH90000025: MySQL8Dialect does not need to be specified explicitly using 'hibernate.dialect' (remove the property setting and it will be selected by default)
2025-09-24 10:42:15 [restartedMain] WARN  org.hibernate.orm.deprecation - HHH90000026: MySQL8Dialect has been deprecated; use org.hibernate.dialect.MySQLDialect instead
2025-09-24 10:42:16 [restartedMain] INFO  o.h.e.t.j.p.i.JtaPlatformInitiator - HHH000489: No JTA platform available (set 'hibernate.transaction.jta.platform' to enable JTA platform integration)
2025-09-24 10:42:16 [restartedMain] INFO  o.s.o.j.LocalContainerEntityManagerFactoryBean - Initialized JPA EntityManagerFactory for persistence unit 'default'
2025-09-24 10:42:18 [restartedMain] WARN  o.s.b.a.s.s.UserDetailsServiceAutoConfiguration - 

Using generated security password: 54ebbe26-2eb6-4b3a-80e6-31a24b69f84f

This generated password is for development use only. Your security configuration must be updated before running your application in production.

2025-09-24 10:42:18 [restartedMain] INFO  o.s.b.a.e.web.EndpointLinksResolver - Exposing 3 endpoint(s) beneath base path '/actuator'
2025-09-24 10:42:18 [restartedMain] INFO  o.s.s.web.DefaultSecurityFilterChain - Will secure any request with [org.springframework.security.web.session.DisableEncodeUrlFilter@2bdeb6a1, org.springframework.security.web.context.request.async.WebAsyncManagerIntegrationFilter@6146619e, org.springframework.security.web.context.SecurityContextHolderFilter@361de385, org.springframework.security.web.header.HeaderWriterFilter@3bbc9501, org.springframework.web.filter.CorsFilter@5a3e3a24, org.springframework.security.web.csrf.CsrfFilter@3f2dfe0f, org.springframework.security.web.authentication.logout.LogoutFilter@1afca51a, org.springframework.security.web.authentication.UsernamePasswordAuthenticationFilter@61d3af5c, org.springframework.security.web.authentication.ui.DefaultLoginPageGeneratingFilter@3926adff, org.springframework.security.web.authentication.ui.DefaultLogoutPageGeneratingFilter@12b2ee6e, org.springframework.security.web.authentication.www.BasicAuthenticationFilter@68c86317, org.springframework.security.web.savedrequest.RequestCacheAwareFilter@6ffb8c2, org.springframework.security.web.servletapi.SecurityContextHolderAwareRequestFilter@665792f1, org.springframework.security.web.authentication.AnonymousAuthenticationFilter@4c872927, org.springframework.security.web.access.ExceptionTranslationFilter@929a3f3, org.springframework.security.web.access.intercept.AuthorizationFilter@571767a7]
2025-09-24 10:42:19 [restartedMain] INFO  o.s.b.d.a.OptionalLiveReloadServer - LiveReload server is running on port 35729
2025-09-24 10:42:19 [restartedMain] INFO  o.s.b.w.e.tomcat.TomcatWebServer - Tomcat started on port 8080 (http) with context path ''
2025-09-24 10:42:19 [restartedMain] INFO  c.p.PortBookingSystemApplication - Started PortBookingSystemApplication in 10.902 seconds (process running for 1888.615)
2025-09-24 10:42:19 [restartedMain] INFO  o.s.b.d.a.ConditionEvaluationDeltaLoggingListener - Condition evaluation delta:


==========================
CONDITION EVALUATION DELTA
==========================


Positive matches:
-----------------

   MailHealthContributorAutoConfiguration matched:
      - @ConditionalOnClass found required class 'org.springframework.mail.javamail.JavaMailSenderImpl' (OnClassCondition)
      - @ConditionalOnEnabledHealthIndicator management.health.defaults.enabled is considered true (OnEnabledHealthIndicatorCondition)
      - @ConditionalOnBean (types: org.springframework.mail.javamail.JavaMailSenderImpl; SearchStrategy: all) found bean 'mailSender' (OnBeanCondition)

   MailHealthContributorAutoConfiguration#mailHealthContributor matched:
      - @ConditionalOnMissingBean (names: mailHealthIndicator,mailHealthContributor; SearchStrategy: all) did not find any beans (OnBeanCondition)

   MailSenderAutoConfiguration matched:
      - @ConditionalOnClass found required classes 'jakarta.mail.internet.MimeMessage', 'jakarta.activation.MimeType', 'org.springframework.mail.MailSender' (OnClassCondition)
      - AnyNestedCondition 1 matched 1 did not; NestedCondition on MailSenderAutoConfiguration.MailSenderCondition.JndiNameProperty @ConditionalOnProperty (spring.mail.jndi-name) did not find property 'jndi-name'; NestedCondition on MailSenderAutoConfiguration.MailSenderCondition.HostProperty @ConditionalOnProperty (spring.mail.host) matched (MailSenderAutoConfiguration.MailSenderCondition)
      - @ConditionalOnMissingBean (types: org.springframework.mail.MailSender; SearchStrategy: all) did not find any beans (OnBeanCondition)

   MailSenderPropertiesConfiguration#mailSender matched:
      - @ConditionalOnMissingBean (types: org.springframework.mail.javamail.JavaMailSender; SearchStrategy: all) did not find any beans (OnBeanCondition)

   ManagementWebSecurityAutoConfiguration matched:
      - found 'session' scope (OnWebApplicationCondition)
      - AllNestedConditions 2 matched 0 did not; NestedCondition on DefaultWebSecurityCondition.Beans @ConditionalOnMissingBean (types: org.springframework.security.web.SecurityFilterChain; SearchStrategy: all) did not find any beans; NestedCondition on DefaultWebSecurityCondition.Classes @ConditionalOnClass found required classes 'org.springframework.security.web.SecurityFilterChain', 'org.springframework.security.config.annotation.web.builders.HttpSecurity' (DefaultWebSecurityCondition)

   SpringBootWebSecurityConfiguration.WebSecurityEnablerConfiguration matched:
      - @ConditionalOnClass found required class 'org.springframework.security.config.annotation.web.configuration.EnableWebSecurity' (OnClassCondition)
      - @ConditionalOnMissingBean (names: springSecurityFilterChain; SearchStrategy: all) did not find any beans (OnBeanCondition)

   UserDetailsServiceAutoConfiguration matched:
      - @ConditionalOnClass found required class 'org.springframework.security.authentication.AuthenticationManager'; @ConditionalOnMissingClass did not find unwanted classes 'org.springframework.security.oauth2.client.registration.ClientRegistrationRepository', 'org.springframework.security.oauth2.server.resource.introspection.OpaqueTokenIntrospector', 'org.springframework.security.saml2.provider.service.registration.RelyingPartyRegistrationRepository' (OnClassCondition)
      - @ConditionalOnBean (types: org.springframework.security.config.annotation.ObjectPostProcessor; SearchStrategy: all) found bean 'objectPostProcessor'; @ConditionalOnMissingBean (types: org.springframework.security.authentication.AuthenticationManager,org.springframework.security.authentication.AuthenticationProvider,org.springframework.security.core.userdetails.UserDetailsService,org.springframework.security.authentication.AuthenticationManagerResolver,org.springframework.security.oauth2.jwt.JwtDecoder; SearchStrategy: all) did not find any beans (OnBeanCondition)


Negative matches:
-----------------

    None


Exclusions:
-----------

    None


Unconditional classes:
----------------------

    None



2025-09-24 10:42:20 [File Watcher] INFO  o.s.b.d.a.LocalDevToolsAutoConfiguration$RestartingClassPathChangeChangedEventListener - Restarting due to 39 class path changes (39 additions, 0 deletions, 0 modifications)
2025-09-24 10:42:20 [Thread-11] INFO  o.s.o.j.LocalContainerEntityManagerFactoryBean - Closing JPA EntityManagerFactory for persistence unit 'default'
2025-09-24 10:42:20 [Thread-11] INFO  com.zaxxer.hikari.HikariDataSource - HikariPool-3 - Shutdown initiated...
2025-09-24 10:42:20 [Thread-11] INFO  com.zaxxer.hikari.HikariDataSource - HikariPool-3 - Shutdown completed.
2025-09-24 10:42:20 [restartedMain] INFO  c.p.PortBookingSystemApplication - Starting PortBookingSystemApplication using Java 22.0.2 with PID 26276 (C:\Users\THAMINDU\Documents\slpa__ports\slpa__ports\ports\ports\Bckend\target\classes started by THAMINDU in C:\Users\THAMINDU\Documents\slpa__ports\slpa__ports\ports\ports)
2025-09-24 10:42:20 [restartedMain] DEBUG c.p.PortBookingSystemApplication - Running with Spring Boot v3.2.0, Spring v6.1.1
2025-09-24 10:42:20 [restartedMain] INFO  c.p.PortBookingSystemApplication - No active profile set, falling back to 1 default profile: "default"
2025-09-24 10:42:21 [restartedMain] INFO  o.s.d.r.c.RepositoryConfigurationDelegate - Bootstrapping Spring Data JPA repositories in DEFAULT mode.
2025-09-24 10:42:21 [restartedMain] INFO  o.s.d.r.c.RepositoryConfigurationDelegate - Finished Spring Data repository scanning in 61 ms. Found 5 JPA repository interfaces.
2025-09-24 10:42:22 [restartedMain] INFO  o.s.b.w.e.tomcat.TomcatWebServer - Tomcat initialized with port 8080 (http)
2025-09-24 10:42:22 [restartedMain] INFO  o.a.catalina.core.StandardService - Starting service [Tomcat]
2025-09-24 10:42:22 [restartedMain] INFO  o.a.catalina.core.StandardEngine - Starting Servlet engine: [Apache Tomcat/10.1.16]
2025-09-24 10:42:22 [restartedMain] INFO  o.a.c.c.C.[Tomcat].[localhost].[/] - Initializing Spring embedded WebApplicationContext
2025-09-24 10:42:22 [restartedMain] INFO  o.s.b.w.s.c.ServletWebServerApplicationContext - Root WebApplicationContext: initialization completed in 1729 ms
2025-09-24 10:42:22 [restartedMain] INFO  com.zaxxer.hikari.HikariDataSource - HikariPool-4 - Starting...
2025-09-24 10:42:22 [restartedMain] INFO  com.zaxxer.hikari.pool.HikariPool - HikariPool-4 - Added connection com.mysql.cj.jdbc.ConnectionImpl@4b9104ba
2025-09-24 10:42:22 [restartedMain] INFO  com.zaxxer.hikari.HikariDataSource - HikariPool-4 - Start completed.
2025-09-24 10:42:22 [restartedMain] INFO  o.s.b.a.h.H2ConsoleAutoConfiguration - H2 console available at '/h2-console'. Database available at 'jdbc:mysql://localhost:3306/ports?useSSL=false&serverTimezone=UTC&allowPublicKeyRetrieval=true&createDatabaseIfNotExist=true'
2025-09-24 10:42:22 [restartedMain] INFO  o.h.jpa.internal.util.LogHelper - HHH000204: Processing PersistenceUnitInfo [name: default]
2025-09-24 10:42:22 [restartedMain] INFO  o.h.c.i.RegionFactoryInitiator - HHH000026: Second-level cache disabled
2025-09-24 10:42:22 [restartedMain] INFO  o.s.o.j.p.SpringPersistenceUnitInfo - No LoadTimeWeaver setup: ignoring JPA class transformer
2025-09-24 10:42:22 [restartedMain] WARN  org.hibernate.orm.deprecation - HHH90000025: MySQL8Dialect does not need to be specified explicitly using 'hibernate.dialect' (remove the property setting and it will be selected by default)
2025-09-24 10:42:22 [restartedMain] WARN  org.hibernate.orm.deprecation - HHH90000026: MySQL8Dialect has been deprecated; use org.hibernate.dialect.MySQLDialect instead
2025-09-24 10:42:23 [restartedMain] INFO  o.h.e.t.j.p.i.JtaPlatformInitiator - HHH000489: No JTA platform available (set 'hibernate.transaction.jta.platform' to enable JTA platform integration)
2025-09-24 10:42:23 [restartedMain] INFO  o.s.o.j.LocalContainerEntityManagerFactoryBean - Initialized JPA EntityManagerFactory for persistence unit 'default'
2025-09-24 10:42:23 [restartedMain] DEBUG c.p.security.AuthTokenFilter - Filter 'authenticationJwtTokenFilter' configured for use
2025-09-24 10:42:25 [restartedMain] INFO  o.s.b.a.e.web.EndpointLinksResolver - Exposing 3 endpoint(s) beneath base path '/actuator'
2025-09-24 10:42:25 [restartedMain] INFO  o.s.s.web.DefaultSecurityFilterChain - Will secure any request with [org.springframework.security.web.session.DisableEncodeUrlFilter@d33898e, org.springframework.security.web.context.request.async.WebAsyncManagerIntegrationFilter@1bbd25f9, org.springframework.security.web.context.SecurityContextHolderFilter@1caa5a71, org.springframework.security.web.header.HeaderWriterFilter@6c190ea8, org.springframework.web.filter.CorsFilter@58e97bcc, org.springframework.security.web.authentication.logout.LogoutFilter@7d8f5705, com.portbooking.security.AuthTokenFilter@5e5c4ed7, org.springframework.security.web.savedrequest.RequestCacheAwareFilter@98f81f1, org.springframework.security.web.servletapi.SecurityContextHolderAwareRequestFilter@bf6b6a6, org.springframework.security.web.authentication.AnonymousAuthenticationFilter@5a53a094, org.springframework.security.web.session.SessionManagementFilter@5c99e633, org.springframework.security.web.access.ExceptionTranslationFilter@363d76, org.springframework.security.web.access.intercept.AuthorizationFilter@6a5bf217]
2025-09-24 10:42:26 [restartedMain] INFO  o.s.b.d.a.OptionalLiveReloadServer - LiveReload server is running on port 35729
2025-09-24 10:42:26 [restartedMain] INFO  o.s.b.w.e.tomcat.TomcatWebServer - Tomcat started on port 8080 (http) with context path ''
2025-09-24 10:42:26 [restartedMain] INFO  c.p.PortBookingSystemApplication - Started PortBookingSystemApplication in 5.929 seconds (process running for 1896.072)
2025-09-24 10:42:26 [restartedMain] INFO  o.s.b.d.a.ConditionEvaluationDeltaLoggingListener - Condition evaluation delta:


==========================
CONDITION EVALUATION DELTA
==========================


Positive matches:
-----------------

    None


Negative matches:
-----------------

   MailHealthContributorAutoConfiguration:
      Did not match:
         - @ConditionalOnBean (types: org.springframework.mail.javamail.JavaMailSenderImpl; SearchStrategy: all) did not find any beans of type org.springframework.mail.javamail.JavaMailSenderImpl (OnBeanCondition)
      Matched:
         - @ConditionalOnClass found required class 'org.springframework.mail.javamail.JavaMailSenderImpl' (OnClassCondition)
         - @ConditionalOnEnabledHealthIndicator management.health.defaults.enabled is considered true (OnEnabledHealthIndicatorCondition)

   MailSenderAutoConfiguration:
      Did not match:
         - @ConditionalOnMissingBean (types: org.springframework.mail.MailSender; SearchStrategy: all) found beans of type 'org.springframework.mail.MailSender' javaMailSender (OnBeanCondition)
      Matched:
         - @ConditionalOnClass found required classes 'jakarta.mail.internet.MimeMessage', 'jakarta.activation.MimeType', 'org.springframework.mail.MailSender' (OnClassCondition)
         - AnyNestedCondition 1 matched 1 did not; NestedCondition on MailSenderAutoConfiguration.MailSenderCondition.JndiNameProperty @ConditionalOnProperty (spring.mail.jndi-name) did not find property 'jndi-name'; NestedCondition on MailSenderAutoConfiguration.MailSenderCondition.HostProperty @ConditionalOnProperty (spring.mail.host) matched (MailSenderAutoConfiguration.MailSenderCondition)

   ManagementWebSecurityAutoConfiguration:
      Did not match:
         - AllNestedConditions 1 matched 1 did not; NestedCondition on DefaultWebSecurityCondition.Beans @ConditionalOnMissingBean (types: org.springframework.security.web.SecurityFilterChain; SearchStrategy: all) found beans of type 'org.springframework.security.web.SecurityFilterChain' filterChain; NestedCondition on DefaultWebSecurityCondition.Classes @ConditionalOnClass found required classes 'org.springframework.security.web.SecurityFilterChain', 'org.springframework.security.config.annotation.web.builders.HttpSecurity' (DefaultWebSecurityCondition)
      Matched:
         - found 'session' scope (OnWebApplicationCondition)

   SpringBootWebSecurityConfiguration.WebSecurityEnablerConfiguration:
      Did not match:
         - @ConditionalOnMissingBean (names: springSecurityFilterChain; SearchStrategy: all) found beans named springSecurityFilterChain (OnBeanCondition)
      Matched:
         - @ConditionalOnClass found required class 'org.springframework.security.config.annotation.web.configuration.EnableWebSecurity' (OnClassCondition)

   UserDetailsServiceAutoConfiguration:
      Did not match:
         - @ConditionalOnMissingBean (types: org.springframework.security.authentication.AuthenticationManager,org.springframework.security.authentication.AuthenticationProvider,org.springframework.security.core.userdetails.UserDetailsService,org.springframework.security.authentication.AuthenticationManagerResolver,org.springframework.security.oauth2.jwt.JwtDecoder; SearchStrategy: all) found beans of type 'org.springframework.security.authentication.AuthenticationManager' authenticationManager and found beans of type 'org.springframework.security.core.userdetails.UserDetailsService' userPrincipalService and found beans of type 'org.springframework.security.authentication.AuthenticationProvider' authenticationProvider (OnBeanCondition)
      Matched:
         - @ConditionalOnClass found required class 'org.springframework.security.authentication.AuthenticationManager'; @ConditionalOnMissingClass did not find unwanted classes 'org.springframework.security.oauth2.client.registration.ClientRegistrationRepository', 'org.springframework.security.oauth2.server.resource.introspection.OpaqueTokenIntrospector', 'org.springframework.security.saml2.provider.service.registration.RelyingPartyRegistrationRepository' (OnClassCondition)


Exclusions:
-----------

    None


Unconditional classes:
----------------------

    None



2025-09-24 10:42:41 [restartedMain] INFO  c.p.PortBookingSystemApplication - Starting PortBookingSystemApplication using Java 22.0.2 with PID 20356 (C:\Users\THAMINDU\Documents\slpa__ports\slpa__ports\ports\ports\Bckend\target\classes started by THAMINDU in C:\Users\THAMINDU\Documents\slpa__ports\slpa__ports\ports\ports)
2025-09-24 10:42:41 [restartedMain] DEBUG c.p.PortBookingSystemApplication - Running with Spring Boot v3.2.0, Spring v6.1.1
2025-09-24 10:42:41 [restartedMain] INFO  c.p.PortBookingSystemApplication - No active profile set, falling back to 1 default profile: "default"
2025-09-24 10:42:41 [restartedMain] INFO  o.s.b.d.e.DevToolsPropertyDefaultsPostProcessor - Devtools property defaults active! Set 'spring.devtools.add-properties' to 'false' to disable
2025-09-24 10:42:41 [restartedMain] INFO  o.s.b.d.e.DevToolsPropertyDefaultsPostProcessor - For additional web related logging consider setting the 'logging.level.web' property to 'DEBUG'
2025-09-24 10:42:44 [restartedMain] INFO  o.s.d.r.c.RepositoryConfigurationDelegate - Bootstrapping Spring Data JPA repositories in DEFAULT mode.
2025-09-24 10:42:44 [restartedMain] INFO  o.s.d.r.c.RepositoryConfigurationDelegate - Finished Spring Data repository scanning in 140 ms. Found 5 JPA repository interfaces.
2025-09-24 10:42:47 [restartedMain] INFO  o.s.b.w.e.tomcat.TomcatWebServer - Tomcat initialized with port 8080 (http)
2025-09-24 10:42:48 [restartedMain] INFO  o.a.catalina.core.StandardService - Starting service [Tomcat]
2025-09-24 10:42:48 [restartedMain] INFO  o.a.catalina.core.StandardEngine - Starting Servlet engine: [Apache Tomcat/10.1.16]
2025-09-24 10:42:48 [restartedMain] INFO  o.a.c.c.C.[Tomcat].[localhost].[/] - Initializing Spring embedded WebApplicationContext
2025-09-24 10:42:48 [restartedMain] INFO  o.s.b.w.s.c.ServletWebServerApplicationContext - Root WebApplicationContext: initialization completed in 6856 ms
2025-09-24 10:42:48 [restartedMain] INFO  com.zaxxer.hikari.HikariDataSource - HikariPool-1 - Starting...
2025-09-24 10:42:49 [restartedMain] INFO  com.zaxxer.hikari.pool.HikariPool - HikariPool-1 - Added connection com.mysql.cj.jdbc.ConnectionImpl@b31e621
2025-09-24 10:42:49 [restartedMain] INFO  com.zaxxer.hikari.HikariDataSource - HikariPool-1 - Start completed.
2025-09-24 10:42:49 [restartedMain] INFO  o.s.b.a.h.H2ConsoleAutoConfiguration - H2 console available at '/h2-console'. Database available at 'jdbc:mysql://localhost:3306/ports?useSSL=false&serverTimezone=UTC&allowPublicKeyRetrieval=true&createDatabaseIfNotExist=true'
2025-09-24 10:42:49 [restartedMain] INFO  o.h.jpa.internal.util.LogHelper - HHH000204: Processing PersistenceUnitInfo [name: default]
2025-09-24 10:42:50 [restartedMain] INFO  org.hibernate.Version - HHH000412: Hibernate ORM core version 6.3.1.Final
2025-09-24 10:42:50 [restartedMain] INFO  o.h.c.i.RegionFactoryInitiator - HHH000026: Second-level cache disabled
2025-09-24 10:42:51 [restartedMain] INFO  o.s.o.j.p.SpringPersistenceUnitInfo - No LoadTimeWeaver setup: ignoring JPA class transformer
2025-09-24 10:42:51 [restartedMain] WARN  org.hibernate.orm.deprecation - HHH90000025: MySQL8Dialect does not need to be specified explicitly using 'hibernate.dialect' (remove the property setting and it will be selected by default)
2025-09-24 10:42:51 [restartedMain] WARN  org.hibernate.orm.deprecation - HHH90000026: MySQL8Dialect has been deprecated; use org.hibernate.dialect.MySQLDialect instead
2025-09-24 10:42:53 [restartedMain] INFO  o.h.e.t.j.p.i.JtaPlatformInitiator - HHH000489: No JTA platform available (set 'hibernate.transaction.jta.platform' to enable JTA platform integration)
2025-09-24 10:42:53 [restartedMain] INFO  o.s.o.j.LocalContainerEntityManagerFactoryBean - Initialized JPA EntityManagerFactory for persistence unit 'default'
2025-09-24 10:42:54 [restartedMain] DEBUG c.p.security.AuthTokenFilter - Filter 'authenticationJwtTokenFilter' configured for use
2025-09-24 10:42:55 [restartedMain] INFO  o.s.d.j.r.query.QueryEnhancerFactory - Hibernate is in classpath; If applicable, HQL parser will be used.
2025-09-24 10:42:58 [restartedMain] INFO  o.s.b.a.e.web.EndpointLinksResolver - Exposing 3 endpoint(s) beneath base path '/actuator'
2025-09-24 10:42:58 [restartedMain] INFO  o.s.s.web.DefaultSecurityFilterChain - Will secure any request with [org.springframework.security.web.session.DisableEncodeUrlFilter@9ab05c9, org.springframework.security.web.context.request.async.WebAsyncManagerIntegrationFilter@6153523e, org.springframework.security.web.context.SecurityContextHolderFilter@3fe21736, org.springframework.security.web.header.HeaderWriterFilter@2b6dc65, org.springframework.web.filter.CorsFilter@385fe485, org.springframework.security.web.authentication.logout.LogoutFilter@3954c1c8, com.portbooking.security.AuthTokenFilter@2b9bf7bd, org.springframework.security.web.savedrequest.RequestCacheAwareFilter@6392c84d, org.springframework.security.web.servletapi.SecurityContextHolderAwareRequestFilter@419836c8, org.springframework.security.web.authentication.AnonymousAuthenticationFilter@360a2966, org.springframework.security.web.session.SessionManagementFilter@202e7304, org.springframework.security.web.access.ExceptionTranslationFilter@1ac51327, org.springframework.security.web.access.intercept.AuthorizationFilter@2fadac22]
2025-09-24 10:43:00 [restartedMain] INFO  o.s.b.d.a.OptionalLiveReloadServer - LiveReload server is running on port 35729
2025-09-24 10:43:00 [restartedMain] INFO  o.s.b.w.e.tomcat.TomcatWebServer - Tomcat started on port 8080 (http) with context path ''
2025-09-24 10:43:00 [restartedMain] INFO  c.p.PortBookingSystemApplication - Started PortBookingSystemApplication in 20.631 seconds (process running for 22.136)
2025-09-24 10:43:01 [RMI TCP Connection(2)-127.0.0.1] INFO  o.a.c.c.C.[Tomcat].[localhost].[/] - Initializing Spring DispatcherServlet 'dispatcherServlet'
2025-09-24 10:43:01 [RMI TCP Connection(2)-127.0.0.1] INFO  o.s.web.servlet.DispatcherServlet - Initializing Servlet 'dispatcherServlet'
2025-09-24 10:43:01 [RMI TCP Connection(2)-127.0.0.1] INFO  o.s.web.servlet.DispatcherServlet - Completed initialization in 1 ms
2025-09-24 10:43:31 [http-nio-8080-exec-2] DEBUG o.s.security.web.FilterChainProxy - Securing GET /favicon.ico
2025-09-24 10:43:31 [http-nio-8080-exec-2] DEBUG org.hibernate.SQL - 
    select
        u1_0.id,
        u1_0.contact_number,
        u1_0.email,
        u1_0.institution_name,
        u1_0.password,
        u1_0.role,
        u1_0.username 
    from
        users u1_0 
    where
        u1_0.username=?
2025-09-24 10:43:31 [http-nio-8080-exec-2] WARN  o.s.w.s.h.HandlerMappingIntrospector - Cache miss for REQUEST dispatch to '/favicon.ico' (previous null). Performing MatchableHandlerMapping lookup. This is logged once only at WARN level, and every time at TRACE.
2025-09-24 10:43:31 [http-nio-8080-exec-2] DEBUG o.s.security.web.FilterChainProxy - Secured GET /favicon.ico
2025-09-24 10:43:39 [http-nio-8080-exec-3] DEBUG o.s.security.web.FilterChainProxy - Securing GET /favicon.ico
2025-09-24 10:43:39 [http-nio-8080-exec-3] DEBUG org.hibernate.SQL - 
    select
        u1_0.id,
        u1_0.contact_number,
        u1_0.email,
        u1_0.institution_name,
        u1_0.password,
        u1_0.role,
        u1_0.username 
    from
        users u1_0 
    where
        u1_0.username=?
2025-09-24 10:43:39 [http-nio-8080-exec-3] DEBUG o.s.security.web.FilterChainProxy - Secured GET /favicon.ico
2025-09-24 10:43:42 [http-nio-8080-exec-6] DEBUG o.s.security.web.FilterChainProxy - Securing POST /api/auth/signin
2025-09-24 10:43:42 [http-nio-8080-exec-6] DEBUG org.hibernate.SQL - 
    select
        u1_0.id,
        u1_0.contact_number,
        u1_0.email,
        u1_0.institution_name,
        u1_0.password,
        u1_0.role,
        u1_0.username 
    from
        users u1_0 
    where
        u1_0.username=?
2025-09-24 10:43:42 [http-nio-8080-exec-6] DEBUG o.s.security.web.FilterChainProxy - Secured POST /api/auth/signin
2025-09-24 10:43:43 [http-nio-8080-exec-6] DEBUG org.hibernate.SQL - 
    select
        u1_0.id,
        u1_0.contact_number,
        u1_0.email,
        u1_0.institution_name,
        u1_0.password,
        u1_0.role,
        u1_0.username 
    from
        users u1_0 
    where
        u1_0.username=?
2025-09-24 10:43:43 [http-nio-8080-exec-6] DEBUG o.s.s.a.d.DaoAuthenticationProvider - Authenticated user
2025-09-24 10:43:43 [http-nio-8080-exec-6] DEBUG org.hibernate.SQL - 
    select
        u1_0.id,
        u1_0.contact_number,
        u1_0.email,
        u1_0.institution_name,
        u1_0.password,
        u1_0.role,
        u1_0.username 
    from
        users u1_0 
    where
        u1_0.username=?
2025-09-24 10:43:43 [http-nio-8080-exec-7] DEBUG o.s.security.web.FilterChainProxy - Securing GET /favicon.ico
2025-09-24 10:43:43 [http-nio-8080-exec-7] DEBUG org.hibernate.SQL - 
    select
        u1_0.id,
        u1_0.contact_number,
        u1_0.email,
        u1_0.institution_name,
        u1_0.password,
        u1_0.role,
        u1_0.username 
    from
        users u1_0 
    where
        u1_0.username=?
2025-09-24 10:43:43 [http-nio-8080-exec-7] DEBUG o.s.security.web.FilterChainProxy - Secured GET /favicon.ico
2025-09-24 10:43:50 [http-nio-8080-exec-10] DEBUG o.s.security.web.FilterChainProxy - Securing GET /favicon.ico
2025-09-24 10:43:50 [http-nio-8080-exec-10] DEBUG org.hibernate.SQL - 
    select
        u1_0.id,
        u1_0.contact_number,
        u1_0.email,
        u1_0.institution_name,
        u1_0.password,
        u1_0.role,
        u1_0.username 
    from
        users u1_0 
    where
        u1_0.username=?
2025-09-24 10:43:50 [http-nio-8080-exec-10] DEBUG o.s.security.web.FilterChainProxy - Secured GET /favicon.ico
2025-09-24 10:44:28 [http-nio-8080-exec-1] DEBUG o.s.security.web.FilterChainProxy - Securing POST /api/bookings
2025-09-24 10:44:28 [http-nio-8080-exec-1] DEBUG org.hibernate.SQL - 
    select
        u1_0.id,
        u1_0.contact_number,
        u1_0.email,
        u1_0.institution_name,
        u1_0.password,
        u1_0.role,
        u1_0.username 
    from
        users u1_0 
    where
        u1_0.username=?
2025-09-24 10:44:28 [http-nio-8080-exec-1] DEBUG o.s.security.web.FilterChainProxy - Secured POST /api/bookings
2025-09-24 10:44:29 [http-nio-8080-exec-1] DEBUG org.hibernate.SQL - 
    select
        u1_0.id,
        u1_0.contact_number,
        u1_0.email,
        u1_0.institution_name,
        u1_0.password,
        u1_0.role,
        u1_0.username 
    from
        users u1_0 
    where
        u1_0.username=?
2025-09-24 10:44:29 [http-nio-8080-exec-1] DEBUG org.hibernate.SQL - 
    select
        count(b1_0.id) 
    from
        bookings b1_0 
    where
        b1_0.visit_date=? 
        and b1_0.status='APPROVED'
2025-09-24 10:44:29 [http-nio-8080-exec-1] DEBUG org.hibernate.SQL - 
    select
        b1_0.id,
        b1_0.contact_email,
        b1_0.created_at,
        b1_0.institution_contact_number,
        b1_0.number_of_students,
        b1_0.number_of_teachers,
        b1_0.purpose_of_visit,
        b1_0.rejection_reason,
        b1_0.special_requirements,
        b1_0.status,
        b1_0.updated_at,
        b1_0.user_id,
        b1_0.visit_date 
    from
        bookings b1_0 
    where
        b1_0.user_id=? 
        and b1_0.visit_date=?
2025-09-24 10:44:37 [http-nio-8080-exec-5] DEBUG o.s.security.web.FilterChainProxy - Securing POST /api/bookings
2025-09-24 10:44:37 [http-nio-8080-exec-5] DEBUG org.hibernate.SQL - 
    select
        u1_0.id,
        u1_0.contact_number,
        u1_0.email,
        u1_0.institution_name,
        u1_0.password,
        u1_0.role,
        u1_0.username 
    from
        users u1_0 
    where
        u1_0.username=?
2025-09-24 10:44:37 [http-nio-8080-exec-5] DEBUG o.s.security.web.FilterChainProxy - Secured POST /api/bookings
2025-09-24 10:44:37 [http-nio-8080-exec-5] DEBUG org.hibernate.SQL - 
    select
        u1_0.id,
        u1_0.contact_number,
        u1_0.email,
        u1_0.institution_name,
        u1_0.password,
        u1_0.role,
        u1_0.username 
    from
        users u1_0 
    where
        u1_0.username=?
2025-09-24 10:44:37 [http-nio-8080-exec-5] DEBUG org.hibernate.SQL - 
    select
        count(b1_0.id) 
    from
        bookings b1_0 
    where
        b1_0.visit_date=? 
        and b1_0.status='APPROVED'
2025-09-24 10:44:37 [http-nio-8080-exec-5] DEBUG org.hibernate.SQL - 
    select
        b1_0.id,
        b1_0.contact_email,
        b1_0.created_at,
        b1_0.institution_contact_number,
        b1_0.number_of_students,
        b1_0.number_of_teachers,
        b1_0.purpose_of_visit,
        b1_0.rejection_reason,
        b1_0.special_requirements,
        b1_0.status,
        b1_0.updated_at,
        b1_0.user_id,
        b1_0.visit_date 
    from
        bookings b1_0 
    where
        b1_0.user_id=? 
        and b1_0.visit_date=?
2025-09-24 10:44:44 [http-nio-8080-exec-4] DEBUG o.s.security.web.FilterChainProxy - Securing POST /api/bookings
2025-09-24 10:44:44 [http-nio-8080-exec-4] DEBUG org.hibernate.SQL - 
    select
        u1_0.id,
        u1_0.contact_number,
        u1_0.email,
        u1_0.institution_name,
        u1_0.password,
        u1_0.role,
        u1_0.username 
    from
        users u1_0 
    where
        u1_0.username=?
2025-09-24 10:44:44 [http-nio-8080-exec-4] DEBUG o.s.security.web.FilterChainProxy - Secured POST /api/bookings
2025-09-24 10:44:44 [http-nio-8080-exec-4] DEBUG org.hibernate.SQL - 
    select
        u1_0.id,
        u1_0.contact_number,
        u1_0.email,
        u1_0.institution_name,
        u1_0.password,
        u1_0.role,
        u1_0.username 
    from
        users u1_0 
    where
        u1_0.username=?
2025-09-24 10:44:44 [http-nio-8080-exec-4] DEBUG org.hibernate.SQL - 
    select
        count(b1_0.id) 
    from
        bookings b1_0 
    where
        b1_0.visit_date=? 
        and b1_0.status='APPROVED'
2025-09-24 10:44:44 [http-nio-8080-exec-4] DEBUG org.hibernate.SQL - 
    select
        b1_0.id,
        b1_0.contact_email,
        b1_0.created_at,
        b1_0.institution_contact_number,
        b1_0.number_of_students,
        b1_0.number_of_teachers,
        b1_0.purpose_of_visit,
        b1_0.rejection_reason,
        b1_0.special_requirements,
        b1_0.status,
        b1_0.updated_at,
        b1_0.user_id,
        b1_0.visit_date 
    from
        bookings b1_0 
    where
        b1_0.user_id=? 
        and b1_0.visit_date=?
2025-09-24 10:44:44 [http-nio-8080-exec-4] DEBUG org.hibernate.SQL - 
    insert 
    into
        bookings
        (contact_email, created_at, institution_contact_number, number_of_students, number_of_teachers, purpose_of_visit, rejection_reason, special_requirements, status, updated_at, user_id, visit_date) 
    values
        (?, ?, ?, ?, ?, ?, ?, ?, ?, ?, ?, ?)
2025-09-24 10:44:44 [http-nio-8080-exec-4] DEBUG org.hibernate.SQL - 
    insert 
    into
        bus_details
        (booking_id, bus_capacity, bus_company, bus_number, conductor_name, conductor_nic, driver_contact, driver_license_number, driver_name, estimated_arrival_time, estimated_departure_time) 
    values
        (?, ?, ?, ?, ?, ?, ?, ?, ?, ?, ?)
2025-09-24 10:44:44 [http-nio-8080-exec-4] DEBUG org.hibernate.SQL - 
    insert 
    into
        teachers
        (booking_id, name, nic) 
    values
        (?, ?, ?)
2025-09-24 10:44:44 [http-nio-8080-exec-4] DEBUG org.hibernate.SQL - 
    insert 
    into
        guardians
        (booking_id, contact_number, name, nic) 
    values
        (?, ?, ?, ?)
2025-09-24 10:44:44 [http-nio-8080-exec-4] INFO  c.portbooking.service.EmailService - Preparing to send booking confirmation email to: info.thamindu@gmail.com
2025-09-24 10:44:44 [http-nio-8080-exec-4] DEBUG c.portbooking.service.EmailService - Email body:
Dear KIU,

Your SLPA education visit booking for 2025-10-15 has been submitted successfully.
We will review your application and notify you of the status.

Thank you for your interest in our educational program.

Best regards,
SLPA Education Visit Team
2025-09-24 10:44:48 [http-nio-8080-exec-4] ERROR c.portbooking.service.EmailService - Failed to send email confirmation to: info.thamindu@gmail.com
org.springframework.mail.MailSendException: Mail server connection failed. Failed messages: jakarta.mail.MessagingException: Could not connect to SMTP host: smtp.gmail.com, port: 465;
  nested exception is:
	java.net.SocketTimeoutException: Read timed out
	at org.springframework.mail.javamail.JavaMailSenderImpl.doSend(JavaMailSenderImpl.java:410)
	at org.springframework.mail.javamail.JavaMailSenderImpl.send(JavaMailSenderImpl.java:317)
	at org.springframework.mail.MailSender.send(MailSender.java:42)
	at com.portbooking.service.EmailService.sendBookingConfirmation(EmailService.java:75)
	at com.portbooking.service.BookingService.createBooking(BookingService.java:145)
	at java.base/jdk.internal.reflect.DirectMethodHandleAccessor.invoke(DirectMethodHandleAccessor.java:103)
	at java.base/java.lang.reflect.Method.invoke(Method.java:580)
	at org.springframework.aop.support.AopUtils.invokeJoinpointUsingReflection(AopUtils.java:352)
	at org.springframework.aop.framework.ReflectiveMethodInvocation.invokeJoinpoint(ReflectiveMethodInvocation.java:196)
	at org.springframework.aop.framework.ReflectiveMethodInvocation.proceed(ReflectiveMethodInvocation.java:163)
	at org.springframework.aop.framework.CglibAopProxy$CglibMethodInvocation.proceed(CglibAopProxy.java:765)
	at org.springframework.transaction.interceptor.TransactionInterceptor$1.proceedWithInvocation(TransactionInterceptor.java:123)
	at org.springframework.transaction.interceptor.TransactionAspectSupport.invokeWithinTransaction(TransactionAspectSupport.java:385)
	at org.springframework.transaction.interceptor.TransactionInterceptor.invoke(TransactionInterceptor.java:119)
	at org.springframework.aop.framework.ReflectiveMethodInvocation.proceed(ReflectiveMethodInvocation.java:184)
	at org.springframework.aop.framework.CglibAopProxy$CglibMethodInvocation.proceed(CglibAopProxy.java:765)
	at org.springframework.aop.framework.CglibAopProxy$DynamicAdvisedInterceptor.intercept(CglibAopProxy.java:717)
	at com.portbooking.service.BookingService$$SpringCGLIB$$0.createBooking(<generated>)
	at com.portbooking.controller.BookingController.createBooking(BookingController.java:51)
	at java.base/jdk.internal.reflect.DirectMethodHandleAccessor.invoke(DirectMethodHandleAccessor.java:103)
	at java.base/java.lang.reflect.Method.invoke(Method.java:580)
	at org.springframework.aop.support.AopUtils.invokeJoinpointUsingReflection(AopUtils.java:352)
	at org.springframework.aop.framework.CglibAopProxy$DynamicAdvisedInterceptor.intercept(CglibAopProxy.java:713)
	at com.portbooking.controller.BookingController$$SpringCGLIB$$0.createBooking(<generated>)
	at java.base/jdk.internal.reflect.DirectMethodHandleAccessor.invoke(DirectMethodHandleAccessor.java:103)
	at java.base/java.lang.reflect.Method.invoke(Method.java:580)
	at org.springframework.web.method.support.InvocableHandlerMethod.doInvoke(InvocableHandlerMethod.java:254)
	at org.springframework.web.method.support.InvocableHandlerMethod.invokeForRequest(InvocableHandlerMethod.java:182)
	at org.springframework.web.servlet.mvc.method.annotation.ServletInvocableHandlerMethod.invokeAndHandle(ServletInvocableHandlerMethod.java:118)
	at org.springframework.web.servlet.mvc.method.annotation.RequestMappingHandlerAdapter.invokeHandlerMethod(RequestMappingHandlerAdapter.java:917)
	at org.springframework.web.servlet.mvc.method.annotation.RequestMappingHandlerAdapter.handleInternal(RequestMappingHandlerAdapter.java:829)
	at org.springframework.web.servlet.mvc.method.AbstractHandlerMethodAdapter.handle(AbstractHandlerMethodAdapter.java:87)
	at org.springframework.web.servlet.DispatcherServlet.doDispatch(DispatcherServlet.java:1089)
	at org.springframework.web.servlet.DispatcherServlet.doService(DispatcherServlet.java:979)
	at org.springframework.web.servlet.FrameworkServlet.processRequest(FrameworkServlet.java:1014)
	at org.springframework.web.servlet.FrameworkServlet.doPost(FrameworkServlet.java:914)
	at jakarta.servlet.http.HttpServlet.service(HttpServlet.java:590)
	at org.springframework.web.servlet.FrameworkServlet.service(FrameworkServlet.java:885)
	at jakarta.servlet.http.HttpServlet.service(HttpServlet.java:658)
	at org.apache.catalina.core.ApplicationFilterChain.internalDoFilter(ApplicationFilterChain.java:205)
	at org.apache.catalina.core.ApplicationFilterChain.doFilter(ApplicationFilterChain.java:149)
	at org.apache.tomcat.websocket.server.WsFilter.doFilter(WsFilter.java:51)
	at org.apache.catalina.core.ApplicationFilterChain.internalDoFilter(ApplicationFilterChain.java:174)
	at org.apache.catalina.core.ApplicationFilterChain.doFilter(ApplicationFilterChain.java:149)
	at org.springframework.web.filter.OncePerRequestFilter.doFilter(OncePerRequestFilter.java:110)
	at org.apache.catalina.core.ApplicationFilterChain.internalDoFilter(ApplicationFilterChain.java:174)
	at org.apache.catalina.core.ApplicationFilterChain.doFilter(ApplicationFilterChain.java:149)
	at org.springframework.security.web.FilterChainProxy.lambda$doFilterInternal$3(FilterChainProxy.java:231)
	at org.springframework.security.web.ObservationFilterChainDecorator$FilterObservation$SimpleFilterObservation.lambda$wrap$1(ObservationFilterChainDecorator.java:479)
	at org.springframework.security.web.ObservationFilterChainDecorator$AroundFilterObservation$SimpleAroundFilterObservation.lambda$wrap$1(ObservationFilterChainDecorator.java:340)
	at org.springframework.security.web.ObservationFilterChainDecorator.lambda$wrapSecured$0(ObservationFilterChainDecorator.java:82)
	at org.springframework.security.web.ObservationFilterChainDecorator$VirtualFilterChain.doFilter(ObservationFilterChainDecorator.java:128)
	at org.springframework.security.web.access.intercept.AuthorizationFilter.doFilter(AuthorizationFilter.java:100)
	at org.springframework.security.web.ObservationFilterChainDecorator$ObservationFilter.wrapFilter(ObservationFilterChainDecorator.java:240)
	at org.springframework.security.web.ObservationFilterChainDecorator$ObservationFilter.doFilter(ObservationFilterChainDecorator.java:227)
	at org.springframework.security.web.ObservationFilterChainDecorator$VirtualFilterChain.doFilter(ObservationFilterChainDecorator.java:137)
	at org.springframework.security.web.access.ExceptionTranslationFilter.doFilter(ExceptionTranslationFilter.java:126)
	at org.springframework.security.web.access.ExceptionTranslationFilter.doFilter(ExceptionTranslationFilter.java:120)
	at org.springframework.security.web.ObservationFilterChainDecorator$ObservationFilter.wrapFilter(ObservationFilterChainDecorator.java:240)
	at org.springframework.security.web.ObservationFilterChainDecorator$ObservationFilter.doFilter(ObservationFilterChainDecorator.java:227)
	at org.springframework.security.web.ObservationFilterChainDecorator$VirtualFilterChain.doFilter(ObservationFilterChainDecorator.java:137)
	at org.springframework.security.web.session.SessionManagementFilter.doFilter(SessionManagementFilter.java:131)
	at org.springframework.security.web.session.SessionManagementFilter.doFilter(SessionManagementFilter.java:85)
	at org.springframework.security.web.ObservationFilterChainDecorator$ObservationFilter.wrapFilter(ObservationFilterChainDecorator.java:240)
	at org.springframework.security.web.ObservationFilterChainDecorator$ObservationFilter.doFilter(ObservationFilterChainDecorator.java:227)
	at org.springframework.security.web.ObservationFilterChainDecorator$VirtualFilterChain.doFilter(ObservationFilterChainDecorator.java:137)
	at org.springframework.security.web.authentication.AnonymousAuthenticationFilter.doFilter(AnonymousAuthenticationFilter.java:100)
	at org.springframework.security.web.ObservationFilterChainDecorator$ObservationFilter.wrapFilter(ObservationFilterChainDecorator.java:240)
	at org.springframework.security.web.ObservationFilterChainDecorator$ObservationFilter.doFilter(ObservationFilterChainDecorator.java:227)
	at org.springframework.security.web.ObservationFilterChainDecorator$VirtualFilterChain.doFilter(ObservationFilterChainDecorator.java:137)
	at org.springframework.security.web.servletapi.SecurityContextHolderAwareRequestFilter.doFilter(SecurityContextHolderAwareRequestFilter.java:179)
	at org.springframework.security.web.ObservationFilterChainDecorator$ObservationFilter.wrapFilter(ObservationFilterChainDecorator.java:240)
	at org.springframework.security.web.ObservationFilterChainDecorator$ObservationFilter.doFilter(ObservationFilterChainDecorator.java:227)
	at org.springframework.security.web.ObservationFilterChainDecorator$VirtualFilterChain.doFilter(ObservationFilterChainDecorator.java:137)
	at org.springframework.security.web.savedrequest.RequestCacheAwareFilter.doFilter(RequestCacheAwareFilter.java:63)
	at org.springframework.security.web.ObservationFilterChainDecorator$ObservationFilter.wrapFilter(ObservationFilterChainDecorator.java:240)
	at org.springframework.security.web.ObservationFilterChainDecorator$ObservationFilter.doFilter(ObservationFilterChainDecorator.java:227)
	at org.springframework.security.web.ObservationFilterChainDecorator$VirtualFilterChain.doFilter(ObservationFilterChainDecorator.java:137)
	at com.portbooking.security.AuthTokenFilter.doFilterInternal(AuthTokenFilter.java:59)
	at org.springframework.web.filter.OncePerRequestFilter.doFilter(OncePerRequestFilter.java:116)
	at org.springframework.security.web.ObservationFilterChainDecorator$ObservationFilter.wrapFilter(ObservationFilterChainDecorator.java:240)
	at org.springframework.security.web.ObservationFilterChainDecorator$ObservationFilter.doFilter(ObservationFilterChainDecorator.java:227)
	at org.springframework.security.web.ObservationFilterChainDecorator$VirtualFilterChain.doFilter(ObservationFilterChainDecorator.java:137)
	at org.springframework.security.web.authentication.logout.LogoutFilter.doFilter(LogoutFilter.java:107)
	at org.springframework.security.web.authentication.logout.LogoutFilter.doFilter(LogoutFilter.java:93)
	at org.springframework.security.web.ObservationFilterChainDecorator$ObservationFilter.wrapFilter(ObservationFilterChainDecorator.java:240)
	at org.springframework.security.web.ObservationFilterChainDecorator$ObservationFilter.doFilter(ObservationFilterChainDecorator.java:227)
	at org.springframework.security.web.ObservationFilterChainDecorator$VirtualFilterChain.doFilter(ObservationFilterChainDecorator.java:137)
	at org.springframework.web.filter.CorsFilter.doFilterInternal(CorsFilter.java:91)
	at org.springframework.web.filter.OncePerRequestFilter.doFilter(OncePerRequestFilter.java:116)
	at org.springframework.security.web.ObservationFilterChainDecorator$ObservationFilter.wrapFilter(ObservationFilterChainDecorator.java:240)
	at org.springframework.security.web.ObservationFilterChainDecorator$ObservationFilter.doFilter(ObservationFilterChainDecorator.java:227)
	at org.springframework.security.web.ObservationFilterChainDecorator$VirtualFilterChain.doFilter(ObservationFilterChainDecorator.java:137)
	at org.springframework.security.web.header.HeaderWriterFilter.doHeadersAfter(HeaderWriterFilter.java:90)
	at org.springframework.security.web.header.HeaderWriterFilter.doFilterInternal(HeaderWriterFilter.java:75)
	at org.springframework.web.filter.OncePerRequestFilter.doFilter(OncePerRequestFilter.java:116)
	at org.springframework.security.web.ObservationFilterChainDecorator$ObservationFilter.wrapFilter(ObservationFilterChainDecorator.java:240)
	at org.springframework.security.web.ObservationFilterChainDecorator$ObservationFilter.doFilter(ObservationFilterChainDecorator.java:227)
	at org.springframework.security.web.ObservationFilterChainDecorator$VirtualFilterChain.doFilter(ObservationFilterChainDecorator.java:137)
	at org.springframework.security.web.context.SecurityContextHolderFilter.doFilter(SecurityContextHolderFilter.java:82)
	at org.springframework.security.web.context.SecurityContextHolderFilter.doFilter(SecurityContextHolderFilter.java:69)
	at org.springframework.security.web.ObservationFilterChainDecorator$ObservationFilter.wrapFilter(ObservationFilterChainDecorator.java:240)
	at org.springframework.security.web.ObservationFilterChainDecorator$ObservationFilter.doFilter(ObservationFilterChainDecorator.java:227)
	at org.springframework.security.web.ObservationFilterChainDecorator$VirtualFilterChain.doFilter(ObservationFilterChainDecorator.java:137)
	at org.springframework.security.web.context.request.async.WebAsyncManagerIntegrationFilter.doFilterInternal(WebAsyncManagerIntegrationFilter.java:62)
	at org.springframework.web.filter.OncePerRequestFilter.doFilter(OncePerRequestFilter.java:116)
	at org.springframework.security.web.ObservationFilterChainDecorator$ObservationFilter.wrapFilter(ObservationFilterChainDecorator.java:240)
	at org.springframework.security.web.ObservationFilterChainDecorator$ObservationFilter.doFilter(ObservationFilterChainDecorator.java:227)
	at org.springframework.security.web.ObservationFilterChainDecorator$VirtualFilterChain.doFilter(ObservationFilterChainDecorator.java:137)
	at org.springframework.security.web.session.DisableEncodeUrlFilter.doFilterInternal(DisableEncodeUrlFilter.java:42)
	at org.springframework.web.filter.OncePerRequestFilter.doFilter(OncePerRequestFilter.java:116)
	at org.springframework.security.web.ObservationFilterChainDecorator$ObservationFilter.wrapFilter(ObservationFilterChainDecorator.java:240)
	at org.springframework.security.web.ObservationFilterChainDecorator$AroundFilterObservation$SimpleAroundFilterObservation.lambda$wrap$0(ObservationFilterChainDecorator.java:323)
	at org.springframework.security.web.ObservationFilterChainDecorator$ObservationFilter.doFilter(ObservationFilterChainDecorator.java:224)
	at org.springframework.security.web.ObservationFilterChainDecorator$VirtualFilterChain.doFilter(ObservationFilterChainDecorator.java:137)
	at org.springframework.security.web.FilterChainProxy.doFilterInternal(FilterChainProxy.java:233)
	at org.springframework.security.web.FilterChainProxy.doFilter(FilterChainProxy.java:191)
	at org.springframework.web.filter.DelegatingFilterProxy.invokeDelegate(DelegatingFilterProxy.java:352)
	at org.springframework.web.filter.DelegatingFilterProxy.doFilter(DelegatingFilterProxy.java:268)
	at org.apache.catalina.core.ApplicationFilterChain.internalDoFilter(ApplicationFilterChain.java:174)
	at org.apache.catalina.core.ApplicationFilterChain.doFilter(ApplicationFilterChain.java:149)
	at org.springframework.web.filter.RequestContextFilter.doFilterInternal(RequestContextFilter.java:100)
	at org.springframework.web.filter.OncePerRequestFilter.doFilter(OncePerRequestFilter.java:116)
	at org.apache.catalina.core.ApplicationFilterChain.internalDoFilter(ApplicationFilterChain.java:174)
	at org.apache.catalina.core.ApplicationFilterChain.doFilter(ApplicationFilterChain.java:149)
	at org.springframework.web.filter.FormContentFilter.doFilterInternal(FormContentFilter.java:93)
	at org.springframework.web.filter.OncePerRequestFilter.doFilter(OncePerRequestFilter.java:116)
	at org.apache.catalina.core.ApplicationFilterChain.internalDoFilter(ApplicationFilterChain.java:174)
	at org.apache.catalina.core.ApplicationFilterChain.doFilter(ApplicationFilterChain.java:149)
	at org.springframework.web.filter.ServerHttpObservationFilter.doFilterInternal(ServerHttpObservationFilter.java:109)
	at org.springframework.web.filter.OncePerRequestFilter.doFilter(OncePerRequestFilter.java:116)
	at org.apache.catalina.core.ApplicationFilterChain.internalDoFilter(ApplicationFilterChain.java:174)
	at org.apache.catalina.core.ApplicationFilterChain.doFilter(ApplicationFilterChain.java:149)
	at org.springframework.web.filter.CharacterEncodingFilter.doFilterInternal(CharacterEncodingFilter.java:201)
	at org.springframework.web.filter.OncePerRequestFilter.doFilter(OncePerRequestFilter.java:116)
	at org.apache.catalina.core.ApplicationFilterChain.internalDoFilter(ApplicationFilterChain.java:174)
	at org.apache.catalina.core.ApplicationFilterChain.doFilter(ApplicationFilterChain.java:149)
	at org.apache.catalina.core.StandardWrapperValve.invoke(StandardWrapperValve.java:167)
	at org.apache.catalina.core.StandardContextValve.invoke(StandardContextValve.java:90)
	at org.apache.catalina.authenticator.AuthenticatorBase.invoke(AuthenticatorBase.java:482)
	at org.apache.catalina.core.StandardHostValve.invoke(StandardHostValve.java:115)
	at org.apache.catalina.valves.ErrorReportValve.invoke(ErrorReportValve.java:93)
	at org.apache.catalina.core.StandardEngineValve.invoke(StandardEngineValve.java:74)
	at org.apache.catalina.connector.CoyoteAdapter.service(CoyoteAdapter.java:340)
	at org.apache.coyote.http11.Http11Processor.service(Http11Processor.java:391)
	at org.apache.coyote.AbstractProcessorLight.process(AbstractProcessorLight.java:63)
	at org.apache.coyote.AbstractProtocol$ConnectionHandler.process(AbstractProtocol.java:896)
	at org.apache.tomcat.util.net.NioEndpoint$SocketProcessor.doRun(NioEndpoint.java:1744)
	at org.apache.tomcat.util.net.SocketProcessorBase.run(SocketProcessorBase.java:52)
	at org.apache.tomcat.util.threads.ThreadPoolExecutor.runWorker(ThreadPoolExecutor.java:1191)
	at org.apache.tomcat.util.threads.ThreadPoolExecutor$Worker.run(ThreadPoolExecutor.java:659)
	at org.apache.tomcat.util.threads.TaskThread$WrappingRunnable.run(TaskThread.java:61)
	at java.base/java.lang.Thread.run(Thread.java:1570)
Caused by: jakarta.mail.MessagingException: Could not connect to SMTP host: smtp.gmail.com, port: 465
	at org.eclipse.angus.mail.smtp.SMTPTransport.openServer(SMTPTransport.java:2245)
	at org.eclipse.angus.mail.smtp.SMTPTransport.protocolConnect(SMTPTransport.java:729)
	at jakarta.mail.Service.connect(Service.java:345)
	at org.springframework.mail.javamail.JavaMailSenderImpl.connectTransport(JavaMailSenderImpl.java:480)
	at org.springframework.mail.javamail.JavaMailSenderImpl.doSend(JavaMailSenderImpl.java:399)
	... 152 common frames omitted
Caused by: java.net.SocketTimeoutException: Read timed out
	at java.base/sun.nio.ch.NioSocketImpl.timedRead(NioSocketImpl.java:278)
	at java.base/sun.nio.ch.NioSocketImpl.implRead(NioSocketImpl.java:304)
	at java.base/sun.nio.ch.NioSocketImpl.read(NioSocketImpl.java:346)
	at java.base/sun.nio.ch.NioSocketImpl$1.read(NioSocketImpl.java:796)
	at java.base/java.net.Socket$SocketInputStream.implRead(Socket.java:1108)
	at java.base/java.net.Socket$SocketInputStream.read(Socket.java:1095)
	at java.base/sun.security.ssl.SSLSocketInputRecord.read(SSLSocketInputRecord.java:489)
	at java.base/sun.security.ssl.SSLSocketInputRecord.readHeader(SSLSocketInputRecord.java:483)
	at java.base/sun.security.ssl.SSLSocketInputRecord.decode(SSLSocketInputRecord.java:160)
	at java.base/sun.security.ssl.SSLTransport.decode(SSLTransport.java:111)
	at java.base/sun.security.ssl.SSLSocketImpl.decode(SSLSocketImpl.java:1507)
	at java.base/sun.security.ssl.SSLSocketImpl.readHandshakeRecord(SSLSocketImpl.java:1422)
	at java.base/sun.security.ssl.SSLSocketImpl.startHandshake(SSLSocketImpl.java:455)
	at java.base/sun.security.ssl.SSLSocketImpl.startHandshake(SSLSocketImpl.java:426)
	at org.eclipse.angus.mail.util.SocketFetcher.configureSSLSocket(SocketFetcher.java:628)
	at org.eclipse.angus.mail.util.SocketFetcher.createSocket(SocketFetcher.java:401)
	at org.eclipse.angus.mail.util.SocketFetcher.getSocket(SocketFetcher.java:235)
	at org.eclipse.angus.mail.smtp.SMTPTransport.openServer(SMTPTransport.java:2193)
	... 156 common frames omitted
2025-09-24 10:44:48 [http-nio-8080-exec-4] WARN  c.portbooking.service.BookingService - Email confirmation failed for booking creation, but booking was created successfully: Mail server connection failed. Failed messages: jakarta.mail.MessagingException: Could not connect to SMTP host: smtp.gmail.com, port: 465;
  nested exception is:
	java.net.SocketTimeoutException: Read timed out
2025-09-24 10:44:48 [http-nio-8080-exec-4] DEBUG org.hibernate.SQL - 
    select
        t1_0.id,
        t1_0.booking_id,
        t1_0.name,
        t1_0.nic 
    from
        teachers t1_0 
    where
        t1_0.booking_id=?
2025-09-24 10:44:48 [http-nio-8080-exec-4] DEBUG org.hibernate.SQL - 
    select
        g1_0.id,
        g1_0.booking_id,
        g1_0.contact_number,
        g1_0.name,
        g1_0.nic 
    from
        guardians g1_0 
    where
        g1_0.booking_id=?
2025-09-24 10:44:48 [http-nio-8080-exec-8] DEBUG o.s.security.web.FilterChainProxy - Securing GET /api/bookings/my-bookings
2025-09-24 10:44:48 [http-nio-8080-exec-8] DEBUG org.hibernate.SQL - 
    select
        u1_0.id,
        u1_0.contact_number,
        u1_0.email,
        u1_0.institution_name,
        u1_0.password,
        u1_0.role,
        u1_0.username 
    from
        users u1_0 
    where
        u1_0.username=?
2025-09-24 10:44:48 [http-nio-8080-exec-9] DEBUG o.s.security.web.FilterChainProxy - Securing GET /favicon.ico
2025-09-24 10:44:48 [http-nio-8080-exec-8] DEBUG o.s.security.web.FilterChainProxy - Secured GET /api/bookings/my-bookings
2025-09-24 10:44:48 [http-nio-8080-exec-9] DEBUG org.hibernate.SQL - 
    select
        u1_0.id,
        u1_0.contact_number,
        u1_0.email,
        u1_0.institution_name,
        u1_0.password,
        u1_0.role,
        u1_0.username 
    from
        users u1_0 
    where
        u1_0.username=?
2025-09-24 10:44:48 [http-nio-8080-exec-8] DEBUG org.hibernate.SQL - 
    select
        u1_0.id,
        u1_0.contact_number,
        u1_0.email,
        u1_0.institution_name,
        u1_0.password,
        u1_0.role,
        u1_0.username 
    from
        users u1_0 
    where
        u1_0.username=?
2025-09-24 10:44:48 [http-nio-8080-exec-9] DEBUG o.s.security.web.FilterChainProxy - Secured GET /favicon.ico
2025-09-24 10:44:48 [http-nio-8080-exec-8] DEBUG org.hibernate.SQL - 
    select
        b1_0.id,
        b1_0.contact_email,
        b1_0.created_at,
        b1_0.institution_contact_number,
        b1_0.number_of_students,
        b1_0.number_of_teachers,
        b1_0.purpose_of_visit,
        b1_0.rejection_reason,
        b1_0.special_requirements,
        b1_0.status,
        b1_0.updated_at,
        b1_0.user_id,
        b1_0.visit_date 
    from
        bookings b1_0 
    where
        b1_0.user_id=?
2025-09-24 10:44:48 [http-nio-8080-exec-8] DEBUG org.hibernate.SQL - 
    select
        u1_0.id,
        u1_0.contact_number,
        u1_0.email,
        u1_0.institution_name,
        u1_0.password,
        u1_0.role,
        u1_0.username 
    from
        users u1_0 
    where
        u1_0.id=?
2025-09-24 10:44:48 [http-nio-8080-exec-8] DEBUG org.hibernate.SQL - 
    select
        bd1_0.booking_id,
        bd1_0.id,
        bd1_0.bus_capacity,
        bd1_0.bus_company,
        bd1_0.bus_number,
        bd1_0.conductor_name,
        bd1_0.conductor_nic,
        bd1_0.driver_contact,
        bd1_0.driver_license_number,
        bd1_0.driver_name,
        bd1_0.estimated_arrival_time,
        bd1_0.estimated_departure_time 
    from
        bus_details bd1_0 
    where
        bd1_0.booking_id=?
2025-09-24 10:44:49 [http-nio-8080-exec-8] DEBUG org.hibernate.SQL - 
    select
        t1_0.id,
        t1_0.booking_id,
        t1_0.name,
        t1_0.nic 
    from
        teachers t1_0 
    where
        t1_0.booking_id=?
2025-09-24 10:44:49 [http-nio-8080-exec-8] DEBUG org.hibernate.SQL - 
    select
        g1_0.id,
        g1_0.booking_id,
        g1_0.contact_number,
        g1_0.name,
        g1_0.nic 
    from
        guardians g1_0 
    where
        g1_0.booking_id=?
2025-09-24 10:44:49 [http-nio-8080-exec-8] DEBUG org.hibernate.SQL - 
    select
        bd1_0.booking_id,
        bd1_0.id,
        bd1_0.bus_capacity,
        bd1_0.bus_company,
        bd1_0.bus_number,
        bd1_0.conductor_name,
        bd1_0.conductor_nic,
        bd1_0.driver_contact,
        bd1_0.driver_license_number,
        bd1_0.driver_name,
        bd1_0.estimated_arrival_time,
        bd1_0.estimated_departure_time 
    from
        bus_details bd1_0 
    where
        bd1_0.booking_id=?
2025-09-24 10:44:49 [http-nio-8080-exec-8] DEBUG org.hibernate.SQL - 
    select
        t1_0.id,
        t1_0.booking_id,
        t1_0.name,
        t1_0.nic 
    from
        teachers t1_0 
    where
        t1_0.booking_id=?
2025-09-24 10:44:49 [http-nio-8080-exec-8] DEBUG org.hibernate.SQL - 
    select
        g1_0.id,
        g1_0.booking_id,
        g1_0.contact_number,
        g1_0.name,
        g1_0.nic 
    from
        guardians g1_0 
    where
        g1_0.booking_id=?
2025-09-24 10:44:49 [http-nio-8080-exec-8] DEBUG org.hibernate.SQL - 
    select
        bd1_0.booking_id,
        bd1_0.id,
        bd1_0.bus_capacity,
        bd1_0.bus_company,
        bd1_0.bus_number,
        bd1_0.conductor_name,
        bd1_0.conductor_nic,
        bd1_0.driver_contact,
        bd1_0.driver_license_number,
        bd1_0.driver_name,
        bd1_0.estimated_arrival_time,
        bd1_0.estimated_departure_time 
    from
        bus_details bd1_0 
    where
        bd1_0.booking_id=?
2025-09-24 10:44:49 [http-nio-8080-exec-8] DEBUG org.hibernate.SQL - 
    select
        t1_0.id,
        t1_0.booking_id,
        t1_0.name,
        t1_0.nic 
    from
        teachers t1_0 
    where
        t1_0.booking_id=?
2025-09-24 10:44:49 [http-nio-8080-exec-8] DEBUG org.hibernate.SQL - 
    select
        g1_0.id,
        g1_0.booking_id,
        g1_0.contact_number,
        g1_0.name,
        g1_0.nic 
    from
        guardians g1_0 
    where
        g1_0.booking_id=?
2025-09-24 10:44:49 [http-nio-8080-exec-8] DEBUG org.hibernate.SQL - 
    select
        bd1_0.booking_id,
        bd1_0.id,
        bd1_0.bus_capacity,
        bd1_0.bus_company,
        bd1_0.bus_number,
        bd1_0.conductor_name,
        bd1_0.conductor_nic,
        bd1_0.driver_contact,
        bd1_0.driver_license_number,
        bd1_0.driver_name,
        bd1_0.estimated_arrival_time,
        bd1_0.estimated_departure_time 
    from
        bus_details bd1_0 
    where
        bd1_0.booking_id=?
2025-09-24 10:44:49 [http-nio-8080-exec-8] DEBUG org.hibernate.SQL - 
    select
        t1_0.id,
        t1_0.booking_id,
        t1_0.name,
        t1_0.nic 
    from
        teachers t1_0 
    where
        t1_0.booking_id=?
2025-09-24 10:44:49 [http-nio-8080-exec-8] DEBUG org.hibernate.SQL - 
    select
        g1_0.id,
        g1_0.booking_id,
        g1_0.contact_number,
        g1_0.name,
        g1_0.nic 
    from
        guardians g1_0 
    where
        g1_0.booking_id=?
2025-09-24 10:44:49 [http-nio-8080-exec-8] DEBUG org.hibernate.SQL - 
    select
        bd1_0.booking_id,
        bd1_0.id,
        bd1_0.bus_capacity,
        bd1_0.bus_company,
        bd1_0.bus_number,
        bd1_0.conductor_name,
        bd1_0.conductor_nic,
        bd1_0.driver_contact,
        bd1_0.driver_license_number,
        bd1_0.driver_name,
        bd1_0.estimated_arrival_time,
        bd1_0.estimated_departure_time 
    from
        bus_details bd1_0 
    where
        bd1_0.booking_id=?
2025-09-24 10:44:49 [http-nio-8080-exec-8] DEBUG org.hibernate.SQL - 
    select
        t1_0.id,
        t1_0.booking_id,
        t1_0.name,
        t1_0.nic 
    from
        teachers t1_0 
    where
        t1_0.booking_id=?
2025-09-24 10:44:49 [http-nio-8080-exec-8] DEBUG org.hibernate.SQL - 
    select
        g1_0.id,
        g1_0.booking_id,
        g1_0.contact_number,
        g1_0.name,
        g1_0.nic 
    from
        guardians g1_0 
    where
        g1_0.booking_id=?
2025-09-24 10:44:49 [http-nio-8080-exec-8] DEBUG org.hibernate.SQL - 
    select
        bd1_0.booking_id,
        bd1_0.id,
        bd1_0.bus_capacity,
        bd1_0.bus_company,
        bd1_0.bus_number,
        bd1_0.conductor_name,
        bd1_0.conductor_nic,
        bd1_0.driver_contact,
        bd1_0.driver_license_number,
        bd1_0.driver_name,
        bd1_0.estimated_arrival_time,
        bd1_0.estimated_departure_time 
    from
        bus_details bd1_0 
    where
        bd1_0.booking_id=?
2025-09-24 10:44:49 [http-nio-8080-exec-8] DEBUG org.hibernate.SQL - 
    select
        t1_0.id,
        t1_0.booking_id,
        t1_0.name,
        t1_0.nic 
    from
        teachers t1_0 
    where
        t1_0.booking_id=?
2025-09-24 10:44:49 [http-nio-8080-exec-8] DEBUG org.hibernate.SQL - 
    select
        g1_0.id,
        g1_0.booking_id,
        g1_0.contact_number,
        g1_0.name,
        g1_0.nic 
    from
        guardians g1_0 
    where
        g1_0.booking_id=?
2025-09-24 10:44:49 [http-nio-8080-exec-8] DEBUG org.hibernate.SQL - 
    select
        bd1_0.booking_id,
        bd1_0.id,
        bd1_0.bus_capacity,
        bd1_0.bus_company,
        bd1_0.bus_number,
        bd1_0.conductor_name,
        bd1_0.conductor_nic,
        bd1_0.driver_contact,
        bd1_0.driver_license_number,
        bd1_0.driver_name,
        bd1_0.estimated_arrival_time,
        bd1_0.estimated_departure_time 
    from
        bus_details bd1_0 
    where
        bd1_0.booking_id=?
2025-09-24 10:44:49 [http-nio-8080-exec-8] DEBUG org.hibernate.SQL - 
    select
        t1_0.id,
        t1_0.booking_id,
        t1_0.name,
        t1_0.nic 
    from
        teachers t1_0 
    where
        t1_0.booking_id=?
2025-09-24 10:44:49 [http-nio-8080-exec-8] DEBUG org.hibernate.SQL - 
    select
        g1_0.id,
        g1_0.booking_id,
        g1_0.contact_number,
        g1_0.name,
        g1_0.nic 
    from
        guardians g1_0 
    where
        g1_0.booking_id=?
2025-09-24 10:44:49 [http-nio-8080-exec-8] DEBUG org.hibernate.SQL - 
    select
        bd1_0.booking_id,
        bd1_0.id,
        bd1_0.bus_capacity,
        bd1_0.bus_company,
        bd1_0.bus_number,
        bd1_0.conductor_name,
        bd1_0.conductor_nic,
        bd1_0.driver_contact,
        bd1_0.driver_license_number,
        bd1_0.driver_name,
        bd1_0.estimated_arrival_time,
        bd1_0.estimated_departure_time 
    from
        bus_details bd1_0 
    where
        bd1_0.booking_id=?
2025-09-24 10:44:49 [http-nio-8080-exec-8] DEBUG org.hibernate.SQL - 
    select
        t1_0.id,
        t1_0.booking_id,
        t1_0.name,
        t1_0.nic 
    from
        teachers t1_0 
    where
        t1_0.booking_id=?
2025-09-24 10:44:49 [http-nio-8080-exec-8] DEBUG org.hibernate.SQL - 
    select
        g1_0.id,
        g1_0.booking_id,
        g1_0.contact_number,
        g1_0.name,
        g1_0.nic 
    from
        guardians g1_0 
    where
        g1_0.booking_id=?
2025-09-24 10:44:49 [http-nio-8080-exec-8] DEBUG org.hibernate.SQL - 
    select
        bd1_0.booking_id,
        bd1_0.id,
        bd1_0.bus_capacity,
        bd1_0.bus_company,
        bd1_0.bus_number,
        bd1_0.conductor_name,
        bd1_0.conductor_nic,
        bd1_0.driver_contact,
        bd1_0.driver_license_number,
        bd1_0.driver_name,
        bd1_0.estimated_arrival_time,
        bd1_0.estimated_departure_time 
    from
        bus_details bd1_0 
    where
        bd1_0.booking_id=?
2025-09-24 10:44:49 [http-nio-8080-exec-8] DEBUG org.hibernate.SQL - 
    select
        t1_0.id,
        t1_0.booking_id,
        t1_0.name,
        t1_0.nic 
    from
        teachers t1_0 
    where
        t1_0.booking_id=?
2025-09-24 10:44:49 [http-nio-8080-exec-8] DEBUG org.hibernate.SQL - 
    select
        g1_0.id,
        g1_0.booking_id,
        g1_0.contact_number,
        g1_0.name,
        g1_0.nic 
    from
        guardians g1_0 
    where
        g1_0.booking_id=?
2025-09-24 10:44:49 [http-nio-8080-exec-8] DEBUG org.hibernate.SQL - 
    select
        bd1_0.booking_id,
        bd1_0.id,
        bd1_0.bus_capacity,
        bd1_0.bus_company,
        bd1_0.bus_number,
        bd1_0.conductor_name,
        bd1_0.conductor_nic,
        bd1_0.driver_contact,
        bd1_0.driver_license_number,
        bd1_0.driver_name,
        bd1_0.estimated_arrival_time,
        bd1_0.estimated_departure_time 
    from
        bus_details bd1_0 
    where
        bd1_0.booking_id=?
2025-09-24 10:44:49 [http-nio-8080-exec-8] DEBUG org.hibernate.SQL - 
    select
        t1_0.id,
        t1_0.booking_id,
        t1_0.name,
        t1_0.nic 
    from
        teachers t1_0 
    where
        t1_0.booking_id=?
2025-09-24 10:44:49 [http-nio-8080-exec-8] DEBUG org.hibernate.SQL - 
    select
        g1_0.id,
        g1_0.booking_id,
        g1_0.contact_number,
        g1_0.name,
        g1_0.nic 
    from
        guardians g1_0 
    where
        g1_0.booking_id=?
2025-09-24 10:44:49 [http-nio-8080-exec-8] DEBUG org.hibernate.SQL - 
    select
        bd1_0.booking_id,
        bd1_0.id,
        bd1_0.bus_capacity,
        bd1_0.bus_company,
        bd1_0.bus_number,
        bd1_0.conductor_name,
        bd1_0.conductor_nic,
        bd1_0.driver_contact,
        bd1_0.driver_license_number,
        bd1_0.driver_name,
        bd1_0.estimated_arrival_time,
        bd1_0.estimated_departure_time 
    from
        bus_details bd1_0 
    where
        bd1_0.booking_id=?
2025-09-24 10:44:49 [http-nio-8080-exec-8] DEBUG org.hibernate.SQL - 
    select
        t1_0.id,
        t1_0.booking_id,
        t1_0.name,
        t1_0.nic 
    from
        teachers t1_0 
    where
        t1_0.booking_id=?
2025-09-24 10:44:49 [http-nio-8080-exec-8] DEBUG org.hibernate.SQL - 
    select
        g1_0.id,
        g1_0.booking_id,
        g1_0.contact_number,
        g1_0.name,
        g1_0.nic 
    from
        guardians g1_0 
    where
        g1_0.booking_id=?
2025-09-24 10:44:49 [http-nio-8080-exec-8] DEBUG org.hibernate.SQL - 
    select
        bd1_0.booking_id,
        bd1_0.id,
        bd1_0.bus_capacity,
        bd1_0.bus_company,
        bd1_0.bus_number,
        bd1_0.conductor_name,
        bd1_0.conductor_nic,
        bd1_0.driver_contact,
        bd1_0.driver_license_number,
        bd1_0.driver_name,
        bd1_0.estimated_arrival_time,
        bd1_0.estimated_departure_time 
    from
        bus_details bd1_0 
    where
        bd1_0.booking_id=?
2025-09-24 10:44:49 [http-nio-8080-exec-8] DEBUG org.hibernate.SQL - 
    select
        t1_0.id,
        t1_0.booking_id,
        t1_0.name,
        t1_0.nic 
    from
        teachers t1_0 
    where
        t1_0.booking_id=?
2025-09-24 10:44:49 [http-nio-8080-exec-8] DEBUG org.hibernate.SQL - 
    select
        g1_0.id,
        g1_0.booking_id,
        g1_0.contact_number,
        g1_0.name,
        g1_0.nic 
    from
        guardians g1_0 
    where
        g1_0.booking_id=?
2025-09-24 10:44:49 [http-nio-8080-exec-8] DEBUG org.hibernate.SQL - 
    select
        bd1_0.booking_id,
        bd1_0.id,
        bd1_0.bus_capacity,
        bd1_0.bus_company,
        bd1_0.bus_number,
        bd1_0.conductor_name,
        bd1_0.conductor_nic,
        bd1_0.driver_contact,
        bd1_0.driver_license_number,
        bd1_0.driver_name,
        bd1_0.estimated_arrival_time,
        bd1_0.estimated_departure_time 
    from
        bus_details bd1_0 
    where
        bd1_0.booking_id=?
2025-09-24 10:44:49 [http-nio-8080-exec-8] DEBUG org.hibernate.SQL - 
    select
        t1_0.id,
        t1_0.booking_id,
        t1_0.name,
        t1_0.nic 
    from
        teachers t1_0 
    where
        t1_0.booking_id=?
2025-09-24 10:44:49 [http-nio-8080-exec-8] DEBUG org.hibernate.SQL - 
    select
        g1_0.id,
        g1_0.booking_id,
        g1_0.contact_number,
        g1_0.name,
        g1_0.nic 
    from
        guardians g1_0 
    where
        g1_0.booking_id=?
2025-09-24 10:44:49 [http-nio-8080-exec-8] DEBUG org.hibernate.SQL - 
    select
        bd1_0.booking_id,
        bd1_0.id,
        bd1_0.bus_capacity,
        bd1_0.bus_company,
        bd1_0.bus_number,
        bd1_0.conductor_name,
        bd1_0.conductor_nic,
        bd1_0.driver_contact,
        bd1_0.driver_license_number,
        bd1_0.driver_name,
        bd1_0.estimated_arrival_time,
        bd1_0.estimated_departure_time 
    from
        bus_details bd1_0 
    where
        bd1_0.booking_id=?
2025-09-24 10:44:49 [http-nio-8080-exec-8] DEBUG org.hibernate.SQL - 
    select
        t1_0.id,
        t1_0.booking_id,
        t1_0.name,
        t1_0.nic 
    from
        teachers t1_0 
    where
        t1_0.booking_id=?
2025-09-24 10:44:49 [http-nio-8080-exec-8] DEBUG org.hibernate.SQL - 
    select
        g1_0.id,
        g1_0.booking_id,
        g1_0.contact_number,
        g1_0.name,
        g1_0.nic 
    from
        guardians g1_0 
    where
        g1_0.booking_id=?
2025-09-24 10:44:49 [http-nio-8080-exec-8] DEBUG org.hibernate.SQL - 
    select
        bd1_0.booking_id,
        bd1_0.id,
        bd1_0.bus_capacity,
        bd1_0.bus_company,
        bd1_0.bus_number,
        bd1_0.conductor_name,
        bd1_0.conductor_nic,
        bd1_0.driver_contact,
        bd1_0.driver_license_number,
        bd1_0.driver_name,
        bd1_0.estimated_arrival_time,
        bd1_0.estimated_departure_time 
    from
        bus_details bd1_0 
    where
        bd1_0.booking_id=?
2025-09-24 10:44:49 [http-nio-8080-exec-8] DEBUG org.hibernate.SQL - 
    select
        t1_0.id,
        t1_0.booking_id,
        t1_0.name,
        t1_0.nic 
    from
        teachers t1_0 
    where
        t1_0.booking_id=?
2025-09-24 10:44:49 [http-nio-8080-exec-8] DEBUG org.hibernate.SQL - 
    select
        g1_0.id,
        g1_0.booking_id,
        g1_0.contact_number,
        g1_0.name,
        g1_0.nic 
    from
        guardians g1_0 
    where
        g1_0.booking_id=?
2025-09-24 10:44:49 [http-nio-8080-exec-8] DEBUG org.hibernate.SQL - 
    select
        bd1_0.booking_id,
        bd1_0.id,
        bd1_0.bus_capacity,
        bd1_0.bus_company,
        bd1_0.bus_number,
        bd1_0.conductor_name,
        bd1_0.conductor_nic,
        bd1_0.driver_contact,
        bd1_0.driver_license_number,
        bd1_0.driver_name,
        bd1_0.estimated_arrival_time,
        bd1_0.estimated_departure_time 
    from
        bus_details bd1_0 
    where
        bd1_0.booking_id=?
2025-09-24 10:44:49 [http-nio-8080-exec-8] DEBUG org.hibernate.SQL - 
    select
        t1_0.id,
        t1_0.booking_id,
        t1_0.name,
        t1_0.nic 
    from
        teachers t1_0 
    where
        t1_0.booking_id=?
2025-09-24 10:44:49 [http-nio-8080-exec-8] DEBUG org.hibernate.SQL - 
    select
        g1_0.id,
        g1_0.booking_id,
        g1_0.contact_number,
        g1_0.name,
        g1_0.nic 
    from
        guardians g1_0 
    where
        g1_0.booking_id=?
2025-09-24 10:44:49 [http-nio-8080-exec-8] DEBUG org.hibernate.SQL - 
    select
        bd1_0.booking_id,
        bd1_0.id,
        bd1_0.bus_capacity,
        bd1_0.bus_company,
        bd1_0.bus_number,
        bd1_0.conductor_name,
        bd1_0.conductor_nic,
        bd1_0.driver_contact,
        bd1_0.driver_license_number,
        bd1_0.driver_name,
        bd1_0.estimated_arrival_time,
        bd1_0.estimated_departure_time 
    from
        bus_details bd1_0 
    where
        bd1_0.booking_id=?
2025-09-24 10:44:49 [http-nio-8080-exec-8] DEBUG org.hibernate.SQL - 
    select
        t1_0.id,
        t1_0.booking_id,
        t1_0.name,
        t1_0.nic 
    from
        teachers t1_0 
    where
        t1_0.booking_id=?
2025-09-24 10:44:49 [http-nio-8080-exec-8] DEBUG org.hibernate.SQL - 
    select
        g1_0.id,
        g1_0.booking_id,
        g1_0.contact_number,
        g1_0.name,
        g1_0.nic 
    from
        guardians g1_0 
    where
        g1_0.booking_id=?
2025-09-24 10:44:49 [http-nio-8080-exec-8] DEBUG org.hibernate.SQL - 
    select
        bd1_0.booking_id,
        bd1_0.id,
        bd1_0.bus_capacity,
        bd1_0.bus_company,
        bd1_0.bus_number,
        bd1_0.conductor_name,
        bd1_0.conductor_nic,
        bd1_0.driver_contact,
        bd1_0.driver_license_number,
        bd1_0.driver_name,
        bd1_0.estimated_arrival_time,
        bd1_0.estimated_departure_time 
    from
        bus_details bd1_0 
    where
        bd1_0.booking_id=?
2025-09-24 10:44:49 [http-nio-8080-exec-8] DEBUG org.hibernate.SQL - 
    select
        t1_0.id,
        t1_0.booking_id,
        t1_0.name,
        t1_0.nic 
    from
        teachers t1_0 
    where
        t1_0.booking_id=?
2025-09-24 10:44:49 [http-nio-8080-exec-8] DEBUG org.hibernate.SQL - 
    select
        g1_0.id,
        g1_0.booking_id,
        g1_0.contact_number,
        g1_0.name,
        g1_0.nic 
    from
        guardians g1_0 
    where
        g1_0.booking_id=?
2025-09-24 10:44:49 [http-nio-8080-exec-8] DEBUG org.hibernate.SQL - 
    select
        bd1_0.booking_id,
        bd1_0.id,
        bd1_0.bus_capacity,
        bd1_0.bus_company,
        bd1_0.bus_number,
        bd1_0.conductor_name,
        bd1_0.conductor_nic,
        bd1_0.driver_contact,
        bd1_0.driver_license_number,
        bd1_0.driver_name,
        bd1_0.estimated_arrival_time,
        bd1_0.estimated_departure_time 
    from
        bus_details bd1_0 
    where
        bd1_0.booking_id=?
2025-09-24 10:44:49 [http-nio-8080-exec-8] DEBUG org.hibernate.SQL - 
    select
        t1_0.id,
        t1_0.booking_id,
        t1_0.name,
        t1_0.nic 
    from
        teachers t1_0 
    where
        t1_0.booking_id=?
2025-09-24 10:44:49 [http-nio-8080-exec-8] DEBUG org.hibernate.SQL - 
    select
        g1_0.id,
        g1_0.booking_id,
        g1_0.contact_number,
        g1_0.name,
        g1_0.nic 
    from
        guardians g1_0 
    where
        g1_0.booking_id=?
2025-09-24 10:44:49 [http-nio-8080-exec-8] DEBUG org.hibernate.SQL - 
    select
        bd1_0.booking_id,
        bd1_0.id,
        bd1_0.bus_capacity,
        bd1_0.bus_company,
        bd1_0.bus_number,
        bd1_0.conductor_name,
        bd1_0.conductor_nic,
        bd1_0.driver_contact,
        bd1_0.driver_license_number,
        bd1_0.driver_name,
        bd1_0.estimated_arrival_time,
        bd1_0.estimated_departure_time 
    from
        bus_details bd1_0 
    where
        bd1_0.booking_id=?
2025-09-24 10:44:49 [http-nio-8080-exec-8] DEBUG org.hibernate.SQL - 
    select
        t1_0.id,
        t1_0.booking_id,
        t1_0.name,
        t1_0.nic 
    from
        teachers t1_0 
    where
        t1_0.booking_id=?
2025-09-24 10:44:49 [http-nio-8080-exec-8] DEBUG org.hibernate.SQL - 
    select
        g1_0.id,
        g1_0.booking_id,
        g1_0.contact_number,
        g1_0.name,
        g1_0.nic 
    from
        guardians g1_0 
    where
        g1_0.booking_id=?
2025-09-24 10:44:49 [http-nio-8080-exec-8] DEBUG org.hibernate.SQL - 
    select
        bd1_0.booking_id,
        bd1_0.id,
        bd1_0.bus_capacity,
        bd1_0.bus_company,
        bd1_0.bus_number,
        bd1_0.conductor_name,
        bd1_0.conductor_nic,
        bd1_0.driver_contact,
        bd1_0.driver_license_number,
        bd1_0.driver_name,
        bd1_0.estimated_arrival_time,
        bd1_0.estimated_departure_time 
    from
        bus_details bd1_0 
    where
        bd1_0.booking_id=?
2025-09-24 10:44:49 [http-nio-8080-exec-8] DEBUG org.hibernate.SQL - 
    select
        t1_0.id,
        t1_0.booking_id,
        t1_0.name,
        t1_0.nic 
    from
        teachers t1_0 
    where
        t1_0.booking_id=?
2025-09-24 10:44:49 [http-nio-8080-exec-8] DEBUG org.hibernate.SQL - 
    select
        g1_0.id,
        g1_0.booking_id,
        g1_0.contact_number,
        g1_0.name,
        g1_0.nic 
    from
        guardians g1_0 
    where
        g1_0.booking_id=?
2025-09-24 10:44:49 [http-nio-8080-exec-8] DEBUG org.hibernate.SQL - 
    select
        bd1_0.booking_id,
        bd1_0.id,
        bd1_0.bus_capacity,
        bd1_0.bus_company,
        bd1_0.bus_number,
        bd1_0.conductor_name,
        bd1_0.conductor_nic,
        bd1_0.driver_contact,
        bd1_0.driver_license_number,
        bd1_0.driver_name,
        bd1_0.estimated_arrival_time,
        bd1_0.estimated_departure_time 
    from
        bus_details bd1_0 
    where
        bd1_0.booking_id=?
2025-09-24 10:44:49 [http-nio-8080-exec-8] DEBUG org.hibernate.SQL - 
    select
        t1_0.id,
        t1_0.booking_id,
        t1_0.name,
        t1_0.nic 
    from
        teachers t1_0 
    where
        t1_0.booking_id=?
2025-09-24 10:44:49 [http-nio-8080-exec-8] DEBUG org.hibernate.SQL - 
    select
        g1_0.id,
        g1_0.booking_id,
        g1_0.contact_number,
        g1_0.name,
        g1_0.nic 
    from
        guardians g1_0 
    where
        g1_0.booking_id=?
2025-09-24 10:44:49 [http-nio-8080-exec-8] DEBUG org.hibernate.SQL - 
    select
        bd1_0.booking_id,
        bd1_0.id,
        bd1_0.bus_capacity,
        bd1_0.bus_company,
        bd1_0.bus_number,
        bd1_0.conductor_name,
        bd1_0.conductor_nic,
        bd1_0.driver_contact,
        bd1_0.driver_license_number,
        bd1_0.driver_name,
        bd1_0.estimated_arrival_time,
        bd1_0.estimated_departure_time 
    from
        bus_details bd1_0 
    where
        bd1_0.booking_id=?
2025-09-24 10:44:49 [http-nio-8080-exec-8] DEBUG org.hibernate.SQL - 
    select
        t1_0.id,
        t1_0.booking_id,
        t1_0.name,
        t1_0.nic 
    from
        teachers t1_0 
    where
        t1_0.booking_id=?
2025-09-24 10:44:49 [http-nio-8080-exec-8] DEBUG org.hibernate.SQL - 
    select
        g1_0.id,
        g1_0.booking_id,
        g1_0.contact_number,
        g1_0.name,
        g1_0.nic 
    from
        guardians g1_0 
    where
        g1_0.booking_id=?
2025-09-24 10:44:49 [http-nio-8080-exec-8] DEBUG org.hibernate.SQL - 
    select
        bd1_0.booking_id,
        bd1_0.id,
        bd1_0.bus_capacity,
        bd1_0.bus_company,
        bd1_0.bus_number,
        bd1_0.conductor_name,
        bd1_0.conductor_nic,
        bd1_0.driver_contact,
        bd1_0.driver_license_number,
        bd1_0.driver_name,
        bd1_0.estimated_arrival_time,
        bd1_0.estimated_departure_time 
    from
        bus_details bd1_0 
    where
        bd1_0.booking_id=?
2025-09-24 10:44:49 [http-nio-8080-exec-8] DEBUG org.hibernate.SQL - 
    select
        t1_0.id,
        t1_0.booking_id,
        t1_0.name,
        t1_0.nic 
    from
        teachers t1_0 
    where
        t1_0.booking_id=?
2025-09-24 10:44:49 [http-nio-8080-exec-8] DEBUG org.hibernate.SQL - 
    select
        g1_0.id,
        g1_0.booking_id,
        g1_0.contact_number,
        g1_0.name,
        g1_0.nic 
    from
        guardians g1_0 
    where
        g1_0.booking_id=?
2025-09-24 10:44:49 [http-nio-8080-exec-2] DEBUG o.s.security.web.FilterChainProxy - Securing GET /api/bookings/my-bookings
2025-09-24 10:44:49 [http-nio-8080-exec-2] DEBUG org.hibernate.SQL - 
    select
        u1_0.id,
        u1_0.contact_number,
        u1_0.email,
        u1_0.institution_name,
        u1_0.password,
        u1_0.role,
        u1_0.username 
    from
        users u1_0 
    where
        u1_0.username=?
2025-09-24 10:44:49 [http-nio-8080-exec-2] DEBUG o.s.security.web.FilterChainProxy - Secured GET /api/bookings/my-bookings
2025-09-24 10:44:49 [http-nio-8080-exec-2] DEBUG org.hibernate.SQL - 
    select
        u1_0.id,
        u1_0.contact_number,
        u1_0.email,
        u1_0.institution_name,
        u1_0.password,
        u1_0.role,
        u1_0.username 
    from
        users u1_0 
    where
        u1_0.username=?
2025-09-24 10:44:49 [http-nio-8080-exec-2] DEBUG org.hibernate.SQL - 
    select
        b1_0.id,
        b1_0.contact_email,
        b1_0.created_at,
        b1_0.institution_contact_number,
        b1_0.number_of_students,
        b1_0.number_of_teachers,
        b1_0.purpose_of_visit,
        b1_0.rejection_reason,
        b1_0.special_requirements,
        b1_0.status,
        b1_0.updated_at,
        b1_0.user_id,
        b1_0.visit_date 
    from
        bookings b1_0 
    where
        b1_0.user_id=?
2025-09-24 10:44:49 [http-nio-8080-exec-2] DEBUG org.hibernate.SQL - 
    select
        u1_0.id,
        u1_0.contact_number,
        u1_0.email,
        u1_0.institution_name,
        u1_0.password,
        u1_0.role,
        u1_0.username 
    from
        users u1_0 
    where
        u1_0.id=?
2025-09-24 10:44:49 [http-nio-8080-exec-2] DEBUG org.hibernate.SQL - 
    select
        bd1_0.booking_id,
        bd1_0.id,
        bd1_0.bus_capacity,
        bd1_0.bus_company,
        bd1_0.bus_number,
        bd1_0.conductor_name,
        bd1_0.conductor_nic,
        bd1_0.driver_contact,
        bd1_0.driver_license_number,
        bd1_0.driver_name,
        bd1_0.estimated_arrival_time,
        bd1_0.estimated_departure_time 
    from
        bus_details bd1_0 
    where
        bd1_0.booking_id=?
2025-09-24 10:44:49 [http-nio-8080-exec-2] DEBUG org.hibernate.SQL - 
    select
        t1_0.id,
        t1_0.booking_id,
        t1_0.name,
        t1_0.nic 
    from
        teachers t1_0 
    where
        t1_0.booking_id=?
2025-09-24 10:44:49 [http-nio-8080-exec-2] DEBUG org.hibernate.SQL - 
    select
        g1_0.id,
        g1_0.booking_id,
        g1_0.contact_number,
        g1_0.name,
        g1_0.nic 
    from
        guardians g1_0 
    where
        g1_0.booking_id=?
2025-09-24 10:44:49 [http-nio-8080-exec-2] DEBUG org.hibernate.SQL - 
    select
        bd1_0.booking_id,
        bd1_0.id,
        bd1_0.bus_capacity,
        bd1_0.bus_company,
        bd1_0.bus_number,
        bd1_0.conductor_name,
        bd1_0.conductor_nic,
        bd1_0.driver_contact,
        bd1_0.driver_license_number,
        bd1_0.driver_name,
        bd1_0.estimated_arrival_time,
        bd1_0.estimated_departure_time 
    from
        bus_details bd1_0 
    where
        bd1_0.booking_id=?
2025-09-24 10:44:49 [http-nio-8080-exec-2] DEBUG org.hibernate.SQL - 
    select
        t1_0.id,
        t1_0.booking_id,
        t1_0.name,
        t1_0.nic 
    from
        teachers t1_0 
    where
        t1_0.booking_id=?
2025-09-24 10:44:49 [http-nio-8080-exec-2] DEBUG org.hibernate.SQL - 
    select
        g1_0.id,
        g1_0.booking_id,
        g1_0.contact_number,
        g1_0.name,
        g1_0.nic 
    from
        guardians g1_0 
    where
        g1_0.booking_id=?
2025-09-24 10:44:49 [http-nio-8080-exec-2] DEBUG org.hibernate.SQL - 
    select
        bd1_0.booking_id,
        bd1_0.id,
        bd1_0.bus_capacity,
        bd1_0.bus_company,
        bd1_0.bus_number,
        bd1_0.conductor_name,
        bd1_0.conductor_nic,
        bd1_0.driver_contact,
        bd1_0.driver_license_number,
        bd1_0.driver_name,
        bd1_0.estimated_arrival_time,
        bd1_0.estimated_departure_time 
    from
        bus_details bd1_0 
    where
        bd1_0.booking_id=?
2025-09-24 10:44:49 [http-nio-8080-exec-2] DEBUG org.hibernate.SQL - 
    select
        t1_0.id,
        t1_0.booking_id,
        t1_0.name,
        t1_0.nic 
    from
        teachers t1_0 
    where
        t1_0.booking_id=?
2025-09-24 10:44:49 [http-nio-8080-exec-2] DEBUG org.hibernate.SQL - 
    select
        g1_0.id,
        g1_0.booking_id,
        g1_0.contact_number,
        g1_0.name,
        g1_0.nic 
    from
        guardians g1_0 
    where
        g1_0.booking_id=?
2025-09-24 10:44:49 [http-nio-8080-exec-2] DEBUG org.hibernate.SQL - 
    select
        bd1_0.booking_id,
        bd1_0.id,
        bd1_0.bus_capacity,
        bd1_0.bus_company,
        bd1_0.bus_number,
        bd1_0.conductor_name,
        bd1_0.conductor_nic,
        bd1_0.driver_contact,
        bd1_0.driver_license_number,
        bd1_0.driver_name,
        bd1_0.estimated_arrival_time,
        bd1_0.estimated_departure_time 
    from
        bus_details bd1_0 
    where
        bd1_0.booking_id=?
2025-09-24 10:44:49 [http-nio-8080-exec-2] DEBUG org.hibernate.SQL - 
    select
        t1_0.id,
        t1_0.booking_id,
        t1_0.name,
        t1_0.nic 
    from
        teachers t1_0 
    where
        t1_0.booking_id=?
2025-09-24 10:44:49 [http-nio-8080-exec-2] DEBUG org.hibernate.SQL - 
    select
        g1_0.id,
        g1_0.booking_id,
        g1_0.contact_number,
        g1_0.name,
        g1_0.nic 
    from
        guardians g1_0 
    where
        g1_0.booking_id=?
2025-09-24 10:44:49 [http-nio-8080-exec-2] DEBUG org.hibernate.SQL - 
    select
        bd1_0.booking_id,
        bd1_0.id,
        bd1_0.bus_capacity,
        bd1_0.bus_company,
        bd1_0.bus_number,
        bd1_0.conductor_name,
        bd1_0.conductor_nic,
        bd1_0.driver_contact,
        bd1_0.driver_license_number,
        bd1_0.driver_name,
        bd1_0.estimated_arrival_time,
        bd1_0.estimated_departure_time 
    from
        bus_details bd1_0 
    where
        bd1_0.booking_id=?
2025-09-24 10:44:49 [http-nio-8080-exec-2] DEBUG org.hibernate.SQL - 
    select
        t1_0.id,
        t1_0.booking_id,
        t1_0.name,
        t1_0.nic 
    from
        teachers t1_0 
    where
        t1_0.booking_id=?
2025-09-24 10:44:49 [http-nio-8080-exec-2] DEBUG org.hibernate.SQL - 
    select
        g1_0.id,
        g1_0.booking_id,
        g1_0.contact_number,
        g1_0.name,
        g1_0.nic 
    from
        guardians g1_0 
    where
        g1_0.booking_id=?
2025-09-24 10:44:49 [http-nio-8080-exec-2] DEBUG org.hibernate.SQL - 
    select
        bd1_0.booking_id,
        bd1_0.id,
        bd1_0.bus_capacity,
        bd1_0.bus_company,
        bd1_0.bus_number,
        bd1_0.conductor_name,
        bd1_0.conductor_nic,
        bd1_0.driver_contact,
        bd1_0.driver_license_number,
        bd1_0.driver_name,
        bd1_0.estimated_arrival_time,
        bd1_0.estimated_departure_time 
    from
        bus_details bd1_0 
    where
        bd1_0.booking_id=?
2025-09-24 10:44:49 [http-nio-8080-exec-2] DEBUG org.hibernate.SQL - 
    select
        t1_0.id,
        t1_0.booking_id,
        t1_0.name,
        t1_0.nic 
    from
        teachers t1_0 
    where
        t1_0.booking_id=?
2025-09-24 10:44:49 [http-nio-8080-exec-2] DEBUG org.hibernate.SQL - 
    select
        g1_0.id,
        g1_0.booking_id,
        g1_0.contact_number,
        g1_0.name,
        g1_0.nic 
    from
        guardians g1_0 
    where
        g1_0.booking_id=?
2025-09-24 10:44:49 [http-nio-8080-exec-2] DEBUG org.hibernate.SQL - 
    select
        bd1_0.booking_id,
        bd1_0.id,
        bd1_0.bus_capacity,
        bd1_0.bus_company,
        bd1_0.bus_number,
        bd1_0.conductor_name,
        bd1_0.conductor_nic,
        bd1_0.driver_contact,
        bd1_0.driver_license_number,
        bd1_0.driver_name,
        bd1_0.estimated_arrival_time,
        bd1_0.estimated_departure_time 
    from
        bus_details bd1_0 
    where
        bd1_0.booking_id=?
2025-09-24 10:44:49 [http-nio-8080-exec-2] DEBUG org.hibernate.SQL - 
    select
        t1_0.id,
        t1_0.booking_id,
        t1_0.name,
        t1_0.nic 
    from
        teachers t1_0 
    where
        t1_0.booking_id=?
2025-09-24 10:44:49 [http-nio-8080-exec-2] DEBUG org.hibernate.SQL - 
    select
        g1_0.id,
        g1_0.booking_id,
        g1_0.contact_number,
        g1_0.name,
        g1_0.nic 
    from
        guardians g1_0 
    where
        g1_0.booking_id=?
2025-09-24 10:44:49 [http-nio-8080-exec-2] DEBUG org.hibernate.SQL - 
    select
        bd1_0.booking_id,
        bd1_0.id,
        bd1_0.bus_capacity,
        bd1_0.bus_company,
        bd1_0.bus_number,
        bd1_0.conductor_name,
        bd1_0.conductor_nic,
        bd1_0.driver_contact,
        bd1_0.driver_license_number,
        bd1_0.driver_name,
        bd1_0.estimated_arrival_time,
        bd1_0.estimated_departure_time 
    from
        bus_details bd1_0 
    where
        bd1_0.booking_id=?
2025-09-24 10:44:49 [http-nio-8080-exec-2] DEBUG org.hibernate.SQL - 
    select
        t1_0.id,
        t1_0.booking_id,
        t1_0.name,
        t1_0.nic 
    from
        teachers t1_0 
    where
        t1_0.booking_id=?
2025-09-24 10:44:49 [http-nio-8080-exec-2] DEBUG org.hibernate.SQL - 
    select
        g1_0.id,
        g1_0.booking_id,
        g1_0.contact_number,
        g1_0.name,
        g1_0.nic 
    from
        guardians g1_0 
    where
        g1_0.booking_id=?
2025-09-24 10:44:49 [http-nio-8080-exec-2] DEBUG org.hibernate.SQL - 
    select
        bd1_0.booking_id,
        bd1_0.id,
        bd1_0.bus_capacity,
        bd1_0.bus_company,
        bd1_0.bus_number,
        bd1_0.conductor_name,
        bd1_0.conductor_nic,
        bd1_0.driver_contact,
        bd1_0.driver_license_number,
        bd1_0.driver_name,
        bd1_0.estimated_arrival_time,
        bd1_0.estimated_departure_time 
    from
        bus_details bd1_0 
    where
        bd1_0.booking_id=?
2025-09-24 10:44:49 [http-nio-8080-exec-2] DEBUG org.hibernate.SQL - 
    select
        t1_0.id,
        t1_0.booking_id,
        t1_0.name,
        t1_0.nic 
    from
        teachers t1_0 
    where
        t1_0.booking_id=?
2025-09-24 10:44:49 [http-nio-8080-exec-2] DEBUG org.hibernate.SQL - 
    select
        g1_0.id,
        g1_0.booking_id,
        g1_0.contact_number,
        g1_0.name,
        g1_0.nic 
    from
        guardians g1_0 
    where
        g1_0.booking_id=?
2025-09-24 10:44:49 [http-nio-8080-exec-2] DEBUG org.hibernate.SQL - 
    select
        bd1_0.booking_id,
        bd1_0.id,
        bd1_0.bus_capacity,
        bd1_0.bus_company,
        bd1_0.bus_number,
        bd1_0.conductor_name,
        bd1_0.conductor_nic,
        bd1_0.driver_contact,
        bd1_0.driver_license_number,
        bd1_0.driver_name,
        bd1_0.estimated_arrival_time,
        bd1_0.estimated_departure_time 
    from
        bus_details bd1_0 
    where
        bd1_0.booking_id=?
2025-09-24 10:44:49 [http-nio-8080-exec-2] DEBUG org.hibernate.SQL - 
    select
        t1_0.id,
        t1_0.booking_id,
        t1_0.name,
        t1_0.nic 
    from
        teachers t1_0 
    where
        t1_0.booking_id=?
2025-09-24 10:44:49 [http-nio-8080-exec-2] DEBUG org.hibernate.SQL - 
    select
        g1_0.id,
        g1_0.booking_id,
        g1_0.contact_number,
        g1_0.name,
        g1_0.nic 
    from
        guardians g1_0 
    where
        g1_0.booking_id=?
2025-09-24 10:44:49 [http-nio-8080-exec-2] DEBUG org.hibernate.SQL - 
    select
        bd1_0.booking_id,
        bd1_0.id,
        bd1_0.bus_capacity,
        bd1_0.bus_company,
        bd1_0.bus_number,
        bd1_0.conductor_name,
        bd1_0.conductor_nic,
        bd1_0.driver_contact,
        bd1_0.driver_license_number,
        bd1_0.driver_name,
        bd1_0.estimated_arrival_time,
        bd1_0.estimated_departure_time 
    from
        bus_details bd1_0 
    where
        bd1_0.booking_id=?
2025-09-24 10:44:49 [http-nio-8080-exec-2] DEBUG org.hibernate.SQL - 
    select
        t1_0.id,
        t1_0.booking_id,
        t1_0.name,
        t1_0.nic 
    from
        teachers t1_0 
    where
        t1_0.booking_id=?
2025-09-24 10:44:49 [http-nio-8080-exec-2] DEBUG org.hibernate.SQL - 
    select
        g1_0.id,
        g1_0.booking_id,
        g1_0.contact_number,
        g1_0.name,
        g1_0.nic 
    from
        guardians g1_0 
    where
        g1_0.booking_id=?
2025-09-24 10:44:49 [http-nio-8080-exec-2] DEBUG org.hibernate.SQL - 
    select
        bd1_0.booking_id,
        bd1_0.id,
        bd1_0.bus_capacity,
        bd1_0.bus_company,
        bd1_0.bus_number,
        bd1_0.conductor_name,
        bd1_0.conductor_nic,
        bd1_0.driver_contact,
        bd1_0.driver_license_number,
        bd1_0.driver_name,
        bd1_0.estimated_arrival_time,
        bd1_0.estimated_departure_time 
    from
        bus_details bd1_0 
    where
        bd1_0.booking_id=?
2025-09-24 10:44:49 [http-nio-8080-exec-2] DEBUG org.hibernate.SQL - 
    select
        t1_0.id,
        t1_0.booking_id,
        t1_0.name,
        t1_0.nic 
    from
        teachers t1_0 
    where
        t1_0.booking_id=?
2025-09-24 10:44:49 [http-nio-8080-exec-2] DEBUG org.hibernate.SQL - 
    select
        g1_0.id,
        g1_0.booking_id,
        g1_0.contact_number,
        g1_0.name,
        g1_0.nic 
    from
        guardians g1_0 
    where
        g1_0.booking_id=?
2025-09-24 10:44:49 [http-nio-8080-exec-2] DEBUG org.hibernate.SQL - 
    select
        bd1_0.booking_id,
        bd1_0.id,
        bd1_0.bus_capacity,
        bd1_0.bus_company,
        bd1_0.bus_number,
        bd1_0.conductor_name,
        bd1_0.conductor_nic,
        bd1_0.driver_contact,
        bd1_0.driver_license_number,
        bd1_0.driver_name,
        bd1_0.estimated_arrival_time,
        bd1_0.estimated_departure_time 
    from
        bus_details bd1_0 
    where
        bd1_0.booking_id=?
2025-09-24 10:44:49 [http-nio-8080-exec-2] DEBUG org.hibernate.SQL - 
    select
        t1_0.id,
        t1_0.booking_id,
        t1_0.name,
        t1_0.nic 
    from
        teachers t1_0 
    where
        t1_0.booking_id=?
2025-09-24 10:44:49 [http-nio-8080-exec-2] DEBUG org.hibernate.SQL - 
    select
        g1_0.id,
        g1_0.booking_id,
        g1_0.contact_number,
        g1_0.name,
        g1_0.nic 
    from
        guardians g1_0 
    where
        g1_0.booking_id=?
2025-09-24 10:44:50 [http-nio-8080-exec-2] DEBUG org.hibernate.SQL - 
    select
        bd1_0.booking_id,
        bd1_0.id,
        bd1_0.bus_capacity,
        bd1_0.bus_company,
        bd1_0.bus_number,
        bd1_0.conductor_name,
        bd1_0.conductor_nic,
        bd1_0.driver_contact,
        bd1_0.driver_license_number,
        bd1_0.driver_name,
        bd1_0.estimated_arrival_time,
        bd1_0.estimated_departure_time 
    from
        bus_details bd1_0 
    where
        bd1_0.booking_id=?
2025-09-24 10:44:50 [http-nio-8080-exec-2] DEBUG org.hibernate.SQL - 
    select
        t1_0.id,
        t1_0.booking_id,
        t1_0.name,
        t1_0.nic 
    from
        teachers t1_0 
    where
        t1_0.booking_id=?
2025-09-24 10:44:50 [http-nio-8080-exec-2] DEBUG org.hibernate.SQL - 
    select
        g1_0.id,
        g1_0.booking_id,
        g1_0.contact_number,
        g1_0.name,
        g1_0.nic 
    from
        guardians g1_0 
    where
        g1_0.booking_id=?
2025-09-24 10:44:50 [http-nio-8080-exec-2] DEBUG org.hibernate.SQL - 
    select
        bd1_0.booking_id,
        bd1_0.id,
        bd1_0.bus_capacity,
        bd1_0.bus_company,
        bd1_0.bus_number,
        bd1_0.conductor_name,
        bd1_0.conductor_nic,
        bd1_0.driver_contact,
        bd1_0.driver_license_number,
        bd1_0.driver_name,
        bd1_0.estimated_arrival_time,
        bd1_0.estimated_departure_time 
    from
        bus_details bd1_0 
    where
        bd1_0.booking_id=?
2025-09-24 10:44:50 [http-nio-8080-exec-2] DEBUG org.hibernate.SQL - 
    select
        t1_0.id,
        t1_0.booking_id,
        t1_0.name,
        t1_0.nic 
    from
        teachers t1_0 
    where
        t1_0.booking_id=?
2025-09-24 10:44:50 [http-nio-8080-exec-2] DEBUG org.hibernate.SQL - 
    select
        g1_0.id,
        g1_0.booking_id,
        g1_0.contact_number,
        g1_0.name,
        g1_0.nic 
    from
        guardians g1_0 
    where
        g1_0.booking_id=?
2025-09-24 10:44:50 [http-nio-8080-exec-2] DEBUG org.hibernate.SQL - 
    select
        bd1_0.booking_id,
        bd1_0.id,
        bd1_0.bus_capacity,
        bd1_0.bus_company,
        bd1_0.bus_number,
        bd1_0.conductor_name,
        bd1_0.conductor_nic,
        bd1_0.driver_contact,
        bd1_0.driver_license_number,
        bd1_0.driver_name,
        bd1_0.estimated_arrival_time,
        bd1_0.estimated_departure_time 
    from
        bus_details bd1_0 
    where
        bd1_0.booking_id=?
2025-09-24 10:44:50 [http-nio-8080-exec-2] DEBUG org.hibernate.SQL - 
    select
        t1_0.id,
        t1_0.booking_id,
        t1_0.name,
        t1_0.nic 
    from
        teachers t1_0 
    where
        t1_0.booking_id=?
2025-09-24 10:44:50 [http-nio-8080-exec-2] DEBUG org.hibernate.SQL - 
    select
        g1_0.id,
        g1_0.booking_id,
        g1_0.contact_number,
        g1_0.name,
        g1_0.nic 
    from
        guardians g1_0 
    where
        g1_0.booking_id=?
2025-09-24 10:44:50 [http-nio-8080-exec-2] DEBUG org.hibernate.SQL - 
    select
        bd1_0.booking_id,
        bd1_0.id,
        bd1_0.bus_capacity,
        bd1_0.bus_company,
        bd1_0.bus_number,
        bd1_0.conductor_name,
        bd1_0.conductor_nic,
        bd1_0.driver_contact,
        bd1_0.driver_license_number,
        bd1_0.driver_name,
        bd1_0.estimated_arrival_time,
        bd1_0.estimated_departure_time 
    from
        bus_details bd1_0 
    where
        bd1_0.booking_id=?
2025-09-24 10:44:50 [http-nio-8080-exec-2] DEBUG org.hibernate.SQL - 
    select
        t1_0.id,
        t1_0.booking_id,
        t1_0.name,
        t1_0.nic 
    from
        teachers t1_0 
    where
        t1_0.booking_id=?
2025-09-24 10:44:50 [http-nio-8080-exec-2] DEBUG org.hibernate.SQL - 
    select
        g1_0.id,
        g1_0.booking_id,
        g1_0.contact_number,
        g1_0.name,
        g1_0.nic 
    from
        guardians g1_0 
    where
        g1_0.booking_id=?
2025-09-24 10:44:50 [http-nio-8080-exec-2] DEBUG org.hibernate.SQL - 
    select
        bd1_0.booking_id,
        bd1_0.id,
        bd1_0.bus_capacity,
        bd1_0.bus_company,
        bd1_0.bus_number,
        bd1_0.conductor_name,
        bd1_0.conductor_nic,
        bd1_0.driver_contact,
        bd1_0.driver_license_number,
        bd1_0.driver_name,
        bd1_0.estimated_arrival_time,
        bd1_0.estimated_departure_time 
    from
        bus_details bd1_0 
    where
        bd1_0.booking_id=?
2025-09-24 10:44:50 [http-nio-8080-exec-2] DEBUG org.hibernate.SQL - 
    select
        t1_0.id,
        t1_0.booking_id,
        t1_0.name,
        t1_0.nic 
    from
        teachers t1_0 
    where
        t1_0.booking_id=?
2025-09-24 10:44:50 [http-nio-8080-exec-2] DEBUG org.hibernate.SQL - 
    select
        g1_0.id,
        g1_0.booking_id,
        g1_0.contact_number,
        g1_0.name,
        g1_0.nic 
    from
        guardians g1_0 
    where
        g1_0.booking_id=?
2025-09-24 10:44:50 [http-nio-8080-exec-2] DEBUG org.hibernate.SQL - 
    select
        bd1_0.booking_id,
        bd1_0.id,
        bd1_0.bus_capacity,
        bd1_0.bus_company,
        bd1_0.bus_number,
        bd1_0.conductor_name,
        bd1_0.conductor_nic,
        bd1_0.driver_contact,
        bd1_0.driver_license_number,
        bd1_0.driver_name,
        bd1_0.estimated_arrival_time,
        bd1_0.estimated_departure_time 
    from
        bus_details bd1_0 
    where
        bd1_0.booking_id=?
2025-09-24 10:44:50 [http-nio-8080-exec-2] DEBUG org.hibernate.SQL - 
    select
        t1_0.id,
        t1_0.booking_id,
        t1_0.name,
        t1_0.nic 
    from
        teachers t1_0 
    where
        t1_0.booking_id=?
2025-09-24 10:44:50 [http-nio-8080-exec-2] DEBUG org.hibernate.SQL - 
    select
        g1_0.id,
        g1_0.booking_id,
        g1_0.contact_number,
        g1_0.name,
        g1_0.nic 
    from
        guardians g1_0 
    where
        g1_0.booking_id=?
2025-09-24 10:44:50 [http-nio-8080-exec-2] DEBUG org.hibernate.SQL - 
    select
        bd1_0.booking_id,
        bd1_0.id,
        bd1_0.bus_capacity,
        bd1_0.bus_company,
        bd1_0.bus_number,
        bd1_0.conductor_name,
        bd1_0.conductor_nic,
        bd1_0.driver_contact,
        bd1_0.driver_license_number,
        bd1_0.driver_name,
        bd1_0.estimated_arrival_time,
        bd1_0.estimated_departure_time 
    from
        bus_details bd1_0 
    where
        bd1_0.booking_id=?
2025-09-24 10:44:50 [http-nio-8080-exec-2] DEBUG org.hibernate.SQL - 
    select
        t1_0.id,
        t1_0.booking_id,
        t1_0.name,
        t1_0.nic 
    from
        teachers t1_0 
    where
        t1_0.booking_id=?
2025-09-24 10:44:50 [http-nio-8080-exec-2] DEBUG org.hibernate.SQL - 
    select
        g1_0.id,
        g1_0.booking_id,
        g1_0.contact_number,
        g1_0.name,
        g1_0.nic 
    from
        guardians g1_0 
    where
        g1_0.booking_id=?
2025-09-24 10:44:50 [http-nio-8080-exec-2] DEBUG org.hibernate.SQL - 
    select
        bd1_0.booking_id,
        bd1_0.id,
        bd1_0.bus_capacity,
        bd1_0.bus_company,
        bd1_0.bus_number,
        bd1_0.conductor_name,
        bd1_0.conductor_nic,
        bd1_0.driver_contact,
        bd1_0.driver_license_number,
        bd1_0.driver_name,
        bd1_0.estimated_arrival_time,
        bd1_0.estimated_departure_time 
    from
        bus_details bd1_0 
    where
        bd1_0.booking_id=?
2025-09-24 10:44:50 [http-nio-8080-exec-2] DEBUG org.hibernate.SQL - 
    select
        t1_0.id,
        t1_0.booking_id,
        t1_0.name,
        t1_0.nic 
    from
        teachers t1_0 
    where
        t1_0.booking_id=?
2025-09-24 10:44:50 [http-nio-8080-exec-2] DEBUG org.hibernate.SQL - 
    select
        g1_0.id,
        g1_0.booking_id,
        g1_0.contact_number,
        g1_0.name,
        g1_0.nic 
    from
        guardians g1_0 
    where
        g1_0.booking_id=?
2025-09-24 10:44:50 [http-nio-8080-exec-2] DEBUG org.hibernate.SQL - 
    select
        bd1_0.booking_id,
        bd1_0.id,
        bd1_0.bus_capacity,
        bd1_0.bus_company,
        bd1_0.bus_number,
        bd1_0.conductor_name,
        bd1_0.conductor_nic,
        bd1_0.driver_contact,
        bd1_0.driver_license_number,
        bd1_0.driver_name,
        bd1_0.estimated_arrival_time,
        bd1_0.estimated_departure_time 
    from
        bus_details bd1_0 
    where
        bd1_0.booking_id=?
2025-09-24 10:44:50 [http-nio-8080-exec-2] DEBUG org.hibernate.SQL - 
    select
        t1_0.id,
        t1_0.booking_id,
        t1_0.name,
        t1_0.nic 
    from
        teachers t1_0 
    where
        t1_0.booking_id=?
2025-09-24 10:44:50 [http-nio-8080-exec-2] DEBUG org.hibernate.SQL - 
    select
        g1_0.id,
        g1_0.booking_id,
        g1_0.contact_number,
        g1_0.name,
        g1_0.nic 
    from
        guardians g1_0 
    where
        g1_0.booking_id=?
2025-09-24 10:44:50 [http-nio-8080-exec-2] DEBUG org.hibernate.SQL - 
    select
        bd1_0.booking_id,
        bd1_0.id,
        bd1_0.bus_capacity,
        bd1_0.bus_company,
        bd1_0.bus_number,
        bd1_0.conductor_name,
        bd1_0.conductor_nic,
        bd1_0.driver_contact,
        bd1_0.driver_license_number,
        bd1_0.driver_name,
        bd1_0.estimated_arrival_time,
        bd1_0.estimated_departure_time 
    from
        bus_details bd1_0 
    where
        bd1_0.booking_id=?
2025-09-24 10:44:50 [http-nio-8080-exec-2] DEBUG org.hibernate.SQL - 
    select
        t1_0.id,
        t1_0.booking_id,
        t1_0.name,
        t1_0.nic 
    from
        teachers t1_0 
    where
        t1_0.booking_id=?
2025-09-24 10:44:50 [http-nio-8080-exec-2] DEBUG org.hibernate.SQL - 
    select
        g1_0.id,
        g1_0.booking_id,
        g1_0.contact_number,
        g1_0.name,
        g1_0.nic 
    from
        guardians g1_0 
    where
        g1_0.booking_id=?
2025-09-24 10:44:50 [http-nio-8080-exec-2] DEBUG org.hibernate.SQL - 
    select
        bd1_0.booking_id,
        bd1_0.id,
        bd1_0.bus_capacity,
        bd1_0.bus_company,
        bd1_0.bus_number,
        bd1_0.conductor_name,
        bd1_0.conductor_nic,
        bd1_0.driver_contact,
        bd1_0.driver_license_number,
        bd1_0.driver_name,
        bd1_0.estimated_arrival_time,
        bd1_0.estimated_departure_time 
    from
        bus_details bd1_0 
    where
        bd1_0.booking_id=?
2025-09-24 10:44:50 [http-nio-8080-exec-2] DEBUG org.hibernate.SQL - 
    select
        t1_0.id,
        t1_0.booking_id,
        t1_0.name,
        t1_0.nic 
    from
        teachers t1_0 
    where
        t1_0.booking_id=?
2025-09-24 10:44:50 [http-nio-8080-exec-2] DEBUG org.hibernate.SQL - 
    select
        g1_0.id,
        g1_0.booking_id,
        g1_0.contact_number,
        g1_0.name,
        g1_0.nic 
    from
        guardians g1_0 
    where
        g1_0.booking_id=?
2025-09-24 10:46:59 [http-nio-8080-exec-3] DEBUG o.s.security.web.FilterChainProxy - Securing GET /favicon.ico
2025-09-24 10:46:59 [http-nio-8080-exec-3] DEBUG org.hibernate.SQL - 
    select
        u1_0.id,
        u1_0.contact_number,
        u1_0.email,
        u1_0.institution_name,
        u1_0.password,
        u1_0.role,
        u1_0.username 
    from
        users u1_0 
    where
        u1_0.username=?
2025-09-24 10:46:59 [http-nio-8080-exec-3] DEBUG o.s.security.web.FilterChainProxy - Secured GET /favicon.ico
2025-09-24 10:47:02 [http-nio-8080-exec-6] DEBUG o.s.security.web.FilterChainProxy - Securing GET /favicon.ico
2025-09-24 10:47:02 [http-nio-8080-exec-6] DEBUG org.hibernate.SQL - 
    select
        u1_0.id,
        u1_0.contact_number,
        u1_0.email,
        u1_0.institution_name,
        u1_0.password,
        u1_0.role,
        u1_0.username 
    from
        users u1_0 
    where
        u1_0.username=?
2025-09-24 10:47:02 [http-nio-8080-exec-6] DEBUG o.s.security.web.FilterChainProxy - Secured GET /favicon.ico
2025-09-24 10:47:06 [http-nio-8080-exec-7] DEBUG o.s.security.web.FilterChainProxy - Securing POST /api/auth/signin
2025-09-24 10:47:06 [http-nio-8080-exec-7] DEBUG org.hibernate.SQL - 
    select
        u1_0.id,
        u1_0.contact_number,
        u1_0.email,
        u1_0.institution_name,
        u1_0.password,
        u1_0.role,
        u1_0.username 
    from
        users u1_0 
    where
        u1_0.username=?
2025-09-24 10:47:06 [http-nio-8080-exec-7] DEBUG o.s.security.web.FilterChainProxy - Secured POST /api/auth/signin
2025-09-24 10:47:06 [http-nio-8080-exec-7] DEBUG org.hibernate.SQL - 
    select
        u1_0.id,
        u1_0.contact_number,
        u1_0.email,
        u1_0.institution_name,
        u1_0.password,
        u1_0.role,
        u1_0.username 
    from
        users u1_0 
    where
        u1_0.username=?
2025-09-24 10:47:07 [http-nio-8080-exec-7] DEBUG o.s.s.a.d.DaoAuthenticationProvider - Authenticated user
2025-09-24 10:47:07 [http-nio-8080-exec-7] DEBUG org.hibernate.SQL - 
    select
        u1_0.id,
        u1_0.contact_number,
        u1_0.email,
        u1_0.institution_name,
        u1_0.password,
        u1_0.role,
        u1_0.username 
    from
        users u1_0 
    where
        u1_0.username=?
2025-09-24 10:47:07 [http-nio-8080-exec-10] DEBUG o.s.security.web.FilterChainProxy - Securing GET /favicon.ico
2025-09-24 10:47:07 [http-nio-8080-exec-10] DEBUG org.hibernate.SQL - 
    select
        u1_0.id,
        u1_0.contact_number,
        u1_0.email,
        u1_0.institution_name,
        u1_0.password,
        u1_0.role,
        u1_0.username 
    from
        users u1_0 
    where
        u1_0.username=?
2025-09-24 10:47:07 [http-nio-8080-exec-10] DEBUG o.s.security.web.FilterChainProxy - Secured GET /favicon.ico
2025-09-24 10:47:22 [http-nio-8080-exec-1] DEBUG o.s.security.web.FilterChainProxy - Securing GET /api/bookings
2025-09-24 10:47:22 [http-nio-8080-exec-1] DEBUG org.hibernate.SQL - 
    select
        u1_0.id,
        u1_0.contact_number,
        u1_0.email,
        u1_0.institution_name,
        u1_0.password,
        u1_0.role,
        u1_0.username 
    from
        users u1_0 
    where
        u1_0.username=?
2025-09-24 10:47:23 [http-nio-8080-exec-1] DEBUG o.s.security.web.FilterChainProxy - Secured GET /api/bookings
2025-09-24 10:47:23 [http-nio-8080-exec-1] DEBUG o.s.s.a.m.AuthorizationManagerBeforeMethodInterceptor - Authorizing method invocation ReflectiveMethodInvocation: public org.springframework.http.ResponseEntity com.portbooking.controller.BookingController.getAllBookings(); target is of class [com.portbooking.controller.BookingController]
2025-09-24 10:47:23 [http-nio-8080-exec-1] DEBUG o.s.s.a.m.AuthorizationManagerBeforeMethodInterceptor - Authorized method invocation ReflectiveMethodInvocation: public org.springframework.http.ResponseEntity com.portbooking.controller.BookingController.getAllBookings(); target is of class [com.portbooking.controller.BookingController]
2025-09-24 10:47:23 [http-nio-8080-exec-5] DEBUG o.s.security.web.FilterChainProxy - Securing GET /api/bookings/pending
2025-09-24 10:47:23 [http-nio-8080-exec-1] DEBUG org.hibernate.SQL - 
    select
        b1_0.id,
        b1_0.contact_email,
        b1_0.created_at,
        b1_0.institution_contact_number,
        b1_0.number_of_students,
        b1_0.number_of_teachers,
        b1_0.purpose_of_visit,
        b1_0.rejection_reason,
        b1_0.special_requirements,
        b1_0.status,
        b1_0.updated_at,
        b1_0.user_id,
        b1_0.visit_date 
    from
        bookings b1_0
2025-09-24 10:47:23 [http-nio-8080-exec-4] DEBUG o.s.security.web.FilterChainProxy - Securing GET /favicon.ico
2025-09-24 10:47:23 [http-nio-8080-exec-5] DEBUG org.hibernate.SQL - 
    select
        u1_0.id,
        u1_0.contact_number,
        u1_0.email,
        u1_0.institution_name,
        u1_0.password,
        u1_0.role,
        u1_0.username 
    from
        users u1_0 
    where
        u1_0.username=?
2025-09-24 10:47:23 [http-nio-8080-exec-1] DEBUG org.hibernate.SQL - 
    select
        u1_0.id,
        u1_0.contact_number,
        u1_0.email,
        u1_0.institution_name,
        u1_0.password,
        u1_0.role,
        u1_0.username 
    from
        users u1_0 
    where
        u1_0.id=?
2025-09-24 10:47:23 [http-nio-8080-exec-1] DEBUG org.hibernate.SQL - 
    select
        bd1_0.booking_id,
        bd1_0.id,
        bd1_0.bus_capacity,
        bd1_0.bus_company,
        bd1_0.bus_number,
        bd1_0.conductor_name,
        bd1_0.conductor_nic,
        bd1_0.driver_contact,
        bd1_0.driver_license_number,
        bd1_0.driver_name,
        bd1_0.estimated_arrival_time,
        bd1_0.estimated_departure_time 
    from
        bus_details bd1_0 
    where
        bd1_0.booking_id=?
2025-09-24 10:47:23 [http-nio-8080-exec-5] DEBUG o.s.security.web.FilterChainProxy - Secured GET /api/bookings/pending
2025-09-24 10:47:23 [http-nio-8080-exec-5] DEBUG o.s.s.a.m.AuthorizationManagerBeforeMethodInterceptor - Authorizing method invocation ReflectiveMethodInvocation: public org.springframework.http.ResponseEntity com.portbooking.controller.BookingController.getPendingBookings(); target is of class [com.portbooking.controller.BookingController]
2025-09-24 10:47:23 [http-nio-8080-exec-1] DEBUG org.hibernate.SQL - 
    select
        t1_0.id,
        t1_0.booking_id,
        t1_0.name,
        t1_0.nic 
    from
        teachers t1_0 
    where
        t1_0.booking_id=?
2025-09-24 10:47:23 [http-nio-8080-exec-5] DEBUG o.s.s.a.m.AuthorizationManagerBeforeMethodInterceptor - Authorized method invocation ReflectiveMethodInvocation: public org.springframework.http.ResponseEntity com.portbooking.controller.BookingController.getPendingBookings(); target is of class [com.portbooking.controller.BookingController]
2025-09-24 10:47:23 [http-nio-8080-exec-1] DEBUG org.hibernate.SQL - 
    select
        g1_0.id,
        g1_0.booking_id,
        g1_0.contact_number,
        g1_0.name,
        g1_0.nic 
    from
        guardians g1_0 
    where
        g1_0.booking_id=?
2025-09-24 10:47:23 [http-nio-8080-exec-4] DEBUG org.hibernate.SQL - 
    select
        u1_0.id,
        u1_0.contact_number,
        u1_0.email,
        u1_0.institution_name,
        u1_0.password,
        u1_0.role,
        u1_0.username 
    from
        users u1_0 
    where
        u1_0.username=?
2025-09-24 10:47:23 [http-nio-8080-exec-5] DEBUG org.hibernate.SQL - 
    select
        b1_0.id,
        b1_0.contact_email,
        b1_0.created_at,
        b1_0.institution_contact_number,
        b1_0.number_of_students,
        b1_0.number_of_teachers,
        b1_0.purpose_of_visit,
        b1_0.rejection_reason,
        b1_0.special_requirements,
        b1_0.status,
        b1_0.updated_at,
        b1_0.user_id,
        b1_0.visit_date 
    from
        bookings b1_0 
    where
        b1_0.status=?
2025-09-24 10:47:23 [http-nio-8080-exec-1] DEBUG org.hibernate.SQL - 
    select
        u1_0.id,
        u1_0.contact_number,
        u1_0.email,
        u1_0.institution_name,
        u1_0.password,
        u1_0.role,
        u1_0.username 
    from
        users u1_0 
    where
        u1_0.id=?
2025-09-24 10:47:23 [http-nio-8080-exec-5] DEBUG org.hibernate.SQL - 
    select
        u1_0.id,
        u1_0.contact_number,
        u1_0.email,
        u1_0.institution_name,
        u1_0.password,
        u1_0.role,
        u1_0.username 
    from
        users u1_0 
    where
        u1_0.id=?
2025-09-24 10:47:23 [http-nio-8080-exec-4] DEBUG o.s.security.web.FilterChainProxy - Secured GET /favicon.ico
2025-09-24 10:47:23 [http-nio-8080-exec-1] DEBUG org.hibernate.SQL - 
    select
        bd1_0.booking_id,
        bd1_0.id,
        bd1_0.bus_capacity,
        bd1_0.bus_company,
        bd1_0.bus_number,
        bd1_0.conductor_name,
        bd1_0.conductor_nic,
        bd1_0.driver_contact,
        bd1_0.driver_license_number,
        bd1_0.driver_name,
        bd1_0.estimated_arrival_time,
        bd1_0.estimated_departure_time 
    from
        bus_details bd1_0 
    where
        bd1_0.booking_id=?
2025-09-24 10:47:23 [http-nio-8080-exec-5] DEBUG org.hibernate.SQL - 
    select
        bd1_0.booking_id,
        bd1_0.id,
        bd1_0.bus_capacity,
        bd1_0.bus_company,
        bd1_0.bus_number,
        bd1_0.conductor_name,
        bd1_0.conductor_nic,
        bd1_0.driver_contact,
        bd1_0.driver_license_number,
        bd1_0.driver_name,
        bd1_0.estimated_arrival_time,
        bd1_0.estimated_departure_time 
    from
        bus_details bd1_0 
    where
        bd1_0.booking_id=?
2025-09-24 10:47:23 [http-nio-8080-exec-1] DEBUG org.hibernate.SQL - 
    select
        t1_0.id,
        t1_0.booking_id,
        t1_0.name,
        t1_0.nic 
    from
        teachers t1_0 
    where
        t1_0.booking_id=?
2025-09-24 10:47:23 [http-nio-8080-exec-5] DEBUG org.hibernate.SQL - 
    select
        t1_0.id,
        t1_0.booking_id,
        t1_0.name,
        t1_0.nic 
    from
        teachers t1_0 
    where
        t1_0.booking_id=?
2025-09-24 10:47:23 [http-nio-8080-exec-1] DEBUG org.hibernate.SQL - 
    select
        g1_0.id,
        g1_0.booking_id,
        g1_0.contact_number,
        g1_0.name,
        g1_0.nic 
    from
        guardians g1_0 
    where
        g1_0.booking_id=?
2025-09-24 10:47:23 [http-nio-8080-exec-1] DEBUG org.hibernate.SQL - 
    select
        u1_0.id,
        u1_0.contact_number,
        u1_0.email,
        u1_0.institution_name,
        u1_0.password,
        u1_0.role,
        u1_0.username 
    from
        users u1_0 
    where
        u1_0.id=?
2025-09-24 10:47:23 [http-nio-8080-exec-5] DEBUG org.hibernate.SQL - 
    select
        g1_0.id,
        g1_0.booking_id,
        g1_0.contact_number,
        g1_0.name,
        g1_0.nic 
    from
        guardians g1_0 
    where
        g1_0.booking_id=?
2025-09-24 10:47:23 [http-nio-8080-exec-1] DEBUG org.hibernate.SQL - 
    select
        bd1_0.booking_id,
        bd1_0.id,
        bd1_0.bus_capacity,
        bd1_0.bus_company,
        bd1_0.bus_number,
        bd1_0.conductor_name,
        bd1_0.conductor_nic,
        bd1_0.driver_contact,
        bd1_0.driver_license_number,
        bd1_0.driver_name,
        bd1_0.estimated_arrival_time,
        bd1_0.estimated_departure_time 
    from
        bus_details bd1_0 
    where
        bd1_0.booking_id=?
2025-09-24 10:47:23 [http-nio-8080-exec-1] DEBUG org.hibernate.SQL - 
    select
        t1_0.id,
        t1_0.booking_id,
        t1_0.name,
        t1_0.nic 
    from
        teachers t1_0 
    where
        t1_0.booking_id=?
2025-09-24 10:47:23 [http-nio-8080-exec-1] DEBUG org.hibernate.SQL - 
    select
        g1_0.id,
        g1_0.booking_id,
        g1_0.contact_number,
        g1_0.name,
        g1_0.nic 
    from
        guardians g1_0 
    where
        g1_0.booking_id=?
2025-09-24 10:47:23 [http-nio-8080-exec-1] DEBUG org.hibernate.SQL - 
    select
        u1_0.id,
        u1_0.contact_number,
        u1_0.email,
        u1_0.institution_name,
        u1_0.password,
        u1_0.role,
        u1_0.username 
    from
        users u1_0 
    where
        u1_0.id=?
2025-09-24 10:47:23 [http-nio-8080-exec-1] DEBUG org.hibernate.SQL - 
    select
        bd1_0.booking_id,
        bd1_0.id,
        bd1_0.bus_capacity,
        bd1_0.bus_company,
        bd1_0.bus_number,
        bd1_0.conductor_name,
        bd1_0.conductor_nic,
        bd1_0.driver_contact,
        bd1_0.driver_license_number,
        bd1_0.driver_name,
        bd1_0.estimated_arrival_time,
        bd1_0.estimated_departure_time 
    from
        bus_details bd1_0 
    where
        bd1_0.booking_id=?
2025-09-24 10:47:23 [http-nio-8080-exec-1] DEBUG org.hibernate.SQL - 
    select
        t1_0.id,
        t1_0.booking_id,
        t1_0.name,
        t1_0.nic 
    from
        teachers t1_0 
    where
        t1_0.booking_id=?
2025-09-24 10:47:23 [http-nio-8080-exec-1] DEBUG org.hibernate.SQL - 
    select
        g1_0.id,
        g1_0.booking_id,
        g1_0.contact_number,
        g1_0.name,
        g1_0.nic 
    from
        guardians g1_0 
    where
        g1_0.booking_id=?
2025-09-24 10:47:23 [http-nio-8080-exec-1] DEBUG org.hibernate.SQL - 
    select
        bd1_0.booking_id,
        bd1_0.id,
        bd1_0.bus_capacity,
        bd1_0.bus_company,
        bd1_0.bus_number,
        bd1_0.conductor_name,
        bd1_0.conductor_nic,
        bd1_0.driver_contact,
        bd1_0.driver_license_number,
        bd1_0.driver_name,
        bd1_0.estimated_arrival_time,
        bd1_0.estimated_departure_time 
    from
        bus_details bd1_0 
    where
        bd1_0.booking_id=?
2025-09-24 10:47:23 [http-nio-8080-exec-1] DEBUG org.hibernate.SQL - 
    select
        t1_0.id,
        t1_0.booking_id,
        t1_0.name,
        t1_0.nic 
    from
        teachers t1_0 
    where
        t1_0.booking_id=?
2025-09-24 10:47:23 [http-nio-8080-exec-1] DEBUG org.hibernate.SQL - 
    select
        g1_0.id,
        g1_0.booking_id,
        g1_0.contact_number,
        g1_0.name,
        g1_0.nic 
    from
        guardians g1_0 
    where
        g1_0.booking_id=?
2025-09-24 10:47:23 [http-nio-8080-exec-1] DEBUG org.hibernate.SQL - 
    select
        bd1_0.booking_id,
        bd1_0.id,
        bd1_0.bus_capacity,
        bd1_0.bus_company,
        bd1_0.bus_number,
        bd1_0.conductor_name,
        bd1_0.conductor_nic,
        bd1_0.driver_contact,
        bd1_0.driver_license_number,
        bd1_0.driver_name,
        bd1_0.estimated_arrival_time,
        bd1_0.estimated_departure_time 
    from
        bus_details bd1_0 
    where
        bd1_0.booking_id=?
2025-09-24 10:47:23 [http-nio-8080-exec-1] DEBUG org.hibernate.SQL - 
    select
        t1_0.id,
        t1_0.booking_id,
        t1_0.name,
        t1_0.nic 
    from
        teachers t1_0 
    where
        t1_0.booking_id=?
2025-09-24 10:47:23 [http-nio-8080-exec-1] DEBUG org.hibernate.SQL - 
    select
        g1_0.id,
        g1_0.booking_id,
        g1_0.contact_number,
        g1_0.name,
        g1_0.nic 
    from
        guardians g1_0 
    where
        g1_0.booking_id=?
2025-09-24 10:47:23 [http-nio-8080-exec-1] DEBUG org.hibernate.SQL - 
    select
        bd1_0.booking_id,
        bd1_0.id,
        bd1_0.bus_capacity,
        bd1_0.bus_company,
        bd1_0.bus_number,
        bd1_0.conductor_name,
        bd1_0.conductor_nic,
        bd1_0.driver_contact,
        bd1_0.driver_license_number,
        bd1_0.driver_name,
        bd1_0.estimated_arrival_time,
        bd1_0.estimated_departure_time 
    from
        bus_details bd1_0 
    where
        bd1_0.booking_id=?
2025-09-24 10:47:23 [http-nio-8080-exec-1] DEBUG org.hibernate.SQL - 
    select
        t1_0.id,
        t1_0.booking_id,
        t1_0.name,
        t1_0.nic 
    from
        teachers t1_0 
    where
        t1_0.booking_id=?
2025-09-24 10:47:23 [http-nio-8080-exec-1] DEBUG org.hibernate.SQL - 
    select
        g1_0.id,
        g1_0.booking_id,
        g1_0.contact_number,
        g1_0.name,
        g1_0.nic 
    from
        guardians g1_0 
    where
        g1_0.booking_id=?
2025-09-24 10:47:23 [http-nio-8080-exec-1] DEBUG org.hibernate.SQL - 
    select
        bd1_0.booking_id,
        bd1_0.id,
        bd1_0.bus_capacity,
        bd1_0.bus_company,
        bd1_0.bus_number,
        bd1_0.conductor_name,
        bd1_0.conductor_nic,
        bd1_0.driver_contact,
        bd1_0.driver_license_number,
        bd1_0.driver_name,
        bd1_0.estimated_arrival_time,
        bd1_0.estimated_departure_time 
    from
        bus_details bd1_0 
    where
        bd1_0.booking_id=?
2025-09-24 10:47:23 [http-nio-8080-exec-1] DEBUG org.hibernate.SQL - 
    select
        t1_0.id,
        t1_0.booking_id,
        t1_0.name,
        t1_0.nic 
    from
        teachers t1_0 
    where
        t1_0.booking_id=?
2025-09-24 10:47:23 [http-nio-8080-exec-1] DEBUG org.hibernate.SQL - 
    select
        g1_0.id,
        g1_0.booking_id,
        g1_0.contact_number,
        g1_0.name,
        g1_0.nic 
    from
        guardians g1_0 
    where
        g1_0.booking_id=?
2025-09-24 10:47:23 [http-nio-8080-exec-1] DEBUG org.hibernate.SQL - 
    select
        u1_0.id,
        u1_0.contact_number,
        u1_0.email,
        u1_0.institution_name,
        u1_0.password,
        u1_0.role,
        u1_0.username 
    from
        users u1_0 
    where
        u1_0.id=?
2025-09-24 10:47:23 [http-nio-8080-exec-1] DEBUG org.hibernate.SQL - 
    select
        bd1_0.booking_id,
        bd1_0.id,
        bd1_0.bus_capacity,
        bd1_0.bus_company,
        bd1_0.bus_number,
        bd1_0.conductor_name,
        bd1_0.conductor_nic,
        bd1_0.driver_contact,
        bd1_0.driver_license_number,
        bd1_0.driver_name,
        bd1_0.estimated_arrival_time,
        bd1_0.estimated_departure_time 
    from
        bus_details bd1_0 
    where
        bd1_0.booking_id=?
2025-09-24 10:47:23 [http-nio-8080-exec-1] DEBUG org.hibernate.SQL - 
    select
        t1_0.id,
        t1_0.booking_id,
        t1_0.name,
        t1_0.nic 
    from
        teachers t1_0 
    where
        t1_0.booking_id=?
2025-09-24 10:47:23 [http-nio-8080-exec-1] DEBUG org.hibernate.SQL - 
    select
        g1_0.id,
        g1_0.booking_id,
        g1_0.contact_number,
        g1_0.name,
        g1_0.nic 
    from
        guardians g1_0 
    where
        g1_0.booking_id=?
2025-09-24 10:47:23 [http-nio-8080-exec-1] DEBUG org.hibernate.SQL - 
    select
        bd1_0.booking_id,
        bd1_0.id,
        bd1_0.bus_capacity,
        bd1_0.bus_company,
        bd1_0.bus_number,
        bd1_0.conductor_name,
        bd1_0.conductor_nic,
        bd1_0.driver_contact,
        bd1_0.driver_license_number,
        bd1_0.driver_name,
        bd1_0.estimated_arrival_time,
        bd1_0.estimated_departure_time 
    from
        bus_details bd1_0 
    where
        bd1_0.booking_id=?
2025-09-24 10:47:23 [http-nio-8080-exec-1] DEBUG org.hibernate.SQL - 
    select
        t1_0.id,
        t1_0.booking_id,
        t1_0.name,
        t1_0.nic 
    from
        teachers t1_0 
    where
        t1_0.booking_id=?
2025-09-24 10:47:23 [http-nio-8080-exec-1] DEBUG org.hibernate.SQL - 
    select
        g1_0.id,
        g1_0.booking_id,
        g1_0.contact_number,
        g1_0.name,
        g1_0.nic 
    from
        guardians g1_0 
    where
        g1_0.booking_id=?
2025-09-24 10:47:23 [http-nio-8080-exec-1] DEBUG org.hibernate.SQL - 
    select
        bd1_0.booking_id,
        bd1_0.id,
        bd1_0.bus_capacity,
        bd1_0.bus_company,
        bd1_0.bus_number,
        bd1_0.conductor_name,
        bd1_0.conductor_nic,
        bd1_0.driver_contact,
        bd1_0.driver_license_number,
        bd1_0.driver_name,
        bd1_0.estimated_arrival_time,
        bd1_0.estimated_departure_time 
    from
        bus_details bd1_0 
    where
        bd1_0.booking_id=?
2025-09-24 10:47:23 [http-nio-8080-exec-1] DEBUG org.hibernate.SQL - 
    select
        t1_0.id,
        t1_0.booking_id,
        t1_0.name,
        t1_0.nic 
    from
        teachers t1_0 
    where
        t1_0.booking_id=?
2025-09-24 10:47:23 [http-nio-8080-exec-1] DEBUG org.hibernate.SQL - 
    select
        g1_0.id,
        g1_0.booking_id,
        g1_0.contact_number,
        g1_0.name,
        g1_0.nic 
    from
        guardians g1_0 
    where
        g1_0.booking_id=?
2025-09-24 10:47:23 [http-nio-8080-exec-1] DEBUG org.hibernate.SQL - 
    select
        bd1_0.booking_id,
        bd1_0.id,
        bd1_0.bus_capacity,
        bd1_0.bus_company,
        bd1_0.bus_number,
        bd1_0.conductor_name,
        bd1_0.conductor_nic,
        bd1_0.driver_contact,
        bd1_0.driver_license_number,
        bd1_0.driver_name,
        bd1_0.estimated_arrival_time,
        bd1_0.estimated_departure_time 
    from
        bus_details bd1_0 
    where
        bd1_0.booking_id=?
2025-09-24 10:47:23 [http-nio-8080-exec-1] DEBUG org.hibernate.SQL - 
    select
        t1_0.id,
        t1_0.booking_id,
        t1_0.name,
        t1_0.nic 
    from
        teachers t1_0 
    where
        t1_0.booking_id=?
2025-09-24 10:47:23 [http-nio-8080-exec-1] DEBUG org.hibernate.SQL - 
    select
        g1_0.id,
        g1_0.booking_id,
        g1_0.contact_number,
        g1_0.name,
        g1_0.nic 
    from
        guardians g1_0 
    where
        g1_0.booking_id=?
2025-09-24 10:47:23 [http-nio-8080-exec-1] DEBUG org.hibernate.SQL - 
    select
        bd1_0.booking_id,
        bd1_0.id,
        bd1_0.bus_capacity,
        bd1_0.bus_company,
        bd1_0.bus_number,
        bd1_0.conductor_name,
        bd1_0.conductor_nic,
        bd1_0.driver_contact,
        bd1_0.driver_license_number,
        bd1_0.driver_name,
        bd1_0.estimated_arrival_time,
        bd1_0.estimated_departure_time 
    from
        bus_details bd1_0 
    where
        bd1_0.booking_id=?
2025-09-24 10:47:23 [http-nio-8080-exec-1] DEBUG org.hibernate.SQL - 
    select
        t1_0.id,
        t1_0.booking_id,
        t1_0.name,
        t1_0.nic 
    from
        teachers t1_0 
    where
        t1_0.booking_id=?
2025-09-24 10:47:23 [http-nio-8080-exec-1] DEBUG org.hibernate.SQL - 
    select
        g1_0.id,
        g1_0.booking_id,
        g1_0.contact_number,
        g1_0.name,
        g1_0.nic 
    from
        guardians g1_0 
    where
        g1_0.booking_id=?
2025-09-24 10:47:23 [http-nio-8080-exec-9] DEBUG o.s.security.web.FilterChainProxy - Securing GET /api/bookings/pending
2025-09-24 10:47:23 [http-nio-8080-exec-1] DEBUG org.hibernate.SQL - 
    select
        bd1_0.booking_id,
        bd1_0.id,
        bd1_0.bus_capacity,
        bd1_0.bus_company,
        bd1_0.bus_number,
        bd1_0.conductor_name,
        bd1_0.conductor_nic,
        bd1_0.driver_contact,
        bd1_0.driver_license_number,
        bd1_0.driver_name,
        bd1_0.estimated_arrival_time,
        bd1_0.estimated_departure_time 
    from
        bus_details bd1_0 
    where
        bd1_0.booking_id=?
2025-09-24 10:47:23 [http-nio-8080-exec-1] DEBUG org.hibernate.SQL - 
    select
        t1_0.id,
        t1_0.booking_id,
        t1_0.name,
        t1_0.nic 
    from
        teachers t1_0 
    where
        t1_0.booking_id=?
2025-09-24 10:47:23 [http-nio-8080-exec-1] DEBUG org.hibernate.SQL - 
    select
        g1_0.id,
        g1_0.booking_id,
        g1_0.contact_number,
        g1_0.name,
        g1_0.nic 
    from
        guardians g1_0 
    where
        g1_0.booking_id=?
2025-09-24 10:47:23 [http-nio-8080-exec-9] DEBUG org.hibernate.SQL - 
    select
        u1_0.id,
        u1_0.contact_number,
        u1_0.email,
        u1_0.institution_name,
        u1_0.password,
        u1_0.role,
        u1_0.username 
    from
        users u1_0 
    where
        u1_0.username=?
2025-09-24 10:47:23 [http-nio-8080-exec-1] DEBUG org.hibernate.SQL - 
    select
        bd1_0.booking_id,
        bd1_0.id,
        bd1_0.bus_capacity,
        bd1_0.bus_company,
        bd1_0.bus_number,
        bd1_0.conductor_name,
        bd1_0.conductor_nic,
        bd1_0.driver_contact,
        bd1_0.driver_license_number,
        bd1_0.driver_name,
        bd1_0.estimated_arrival_time,
        bd1_0.estimated_departure_time 
    from
        bus_details bd1_0 
    where
        bd1_0.booking_id=?
2025-09-24 10:47:23 [http-nio-8080-exec-1] DEBUG org.hibernate.SQL - 
    select
        t1_0.id,
        t1_0.booking_id,
        t1_0.name,
        t1_0.nic 
    from
        teachers t1_0 
    where
        t1_0.booking_id=?
2025-09-24 10:47:23 [http-nio-8080-exec-9] DEBUG o.s.security.web.FilterChainProxy - Secured GET /api/bookings/pending
2025-09-24 10:47:23 [http-nio-8080-exec-9] DEBUG o.s.s.a.m.AuthorizationManagerBeforeMethodInterceptor - Authorizing method invocation ReflectiveMethodInvocation: public org.springframework.http.ResponseEntity com.portbooking.controller.BookingController.getPendingBookings(); target is of class [com.portbooking.controller.BookingController]
2025-09-24 10:47:23 [http-nio-8080-exec-9] DEBUG o.s.s.a.m.AuthorizationManagerBeforeMethodInterceptor - Authorized method invocation ReflectiveMethodInvocation: public org.springframework.http.ResponseEntity com.portbooking.controller.BookingController.getPendingBookings(); target is of class [com.portbooking.controller.BookingController]
2025-09-24 10:47:23 [http-nio-8080-exec-1] DEBUG org.hibernate.SQL - 
    select
        g1_0.id,
        g1_0.booking_id,
        g1_0.contact_number,
        g1_0.name,
        g1_0.nic 
    from
        guardians g1_0 
    where
        g1_0.booking_id=?
2025-09-24 10:47:23 [http-nio-8080-exec-9] DEBUG org.hibernate.SQL - 
    select
        b1_0.id,
        b1_0.contact_email,
        b1_0.created_at,
        b1_0.institution_contact_number,
        b1_0.number_of_students,
        b1_0.number_of_teachers,
        b1_0.purpose_of_visit,
        b1_0.rejection_reason,
        b1_0.special_requirements,
        b1_0.status,
        b1_0.updated_at,
        b1_0.user_id,
        b1_0.visit_date 
    from
        bookings b1_0 
    where
        b1_0.status=?
2025-09-24 10:47:23 [http-nio-8080-exec-1] DEBUG org.hibernate.SQL - 
    select
        bd1_0.booking_id,
        bd1_0.id,
        bd1_0.bus_capacity,
        bd1_0.bus_company,
        bd1_0.bus_number,
        bd1_0.conductor_name,
        bd1_0.conductor_nic,
        bd1_0.driver_contact,
        bd1_0.driver_license_number,
        bd1_0.driver_name,
        bd1_0.estimated_arrival_time,
        bd1_0.estimated_departure_time 
    from
        bus_details bd1_0 
    where
        bd1_0.booking_id=?
2025-09-24 10:47:23 [http-nio-8080-exec-9] DEBUG org.hibernate.SQL - 
    select
        u1_0.id,
        u1_0.contact_number,
        u1_0.email,
        u1_0.institution_name,
        u1_0.password,
        u1_0.role,
        u1_0.username 
    from
        users u1_0 
    where
        u1_0.id=?
2025-09-24 10:47:23 [http-nio-8080-exec-1] DEBUG org.hibernate.SQL - 
    select
        t1_0.id,
        t1_0.booking_id,
        t1_0.name,
        t1_0.nic 
    from
        teachers t1_0 
    where
        t1_0.booking_id=?
2025-09-24 10:47:23 [http-nio-8080-exec-9] DEBUG org.hibernate.SQL - 
    select
        bd1_0.booking_id,
        bd1_0.id,
        bd1_0.bus_capacity,
        bd1_0.bus_company,
        bd1_0.bus_number,
        bd1_0.conductor_name,
        bd1_0.conductor_nic,
        bd1_0.driver_contact,
        bd1_0.driver_license_number,
        bd1_0.driver_name,
        bd1_0.estimated_arrival_time,
        bd1_0.estimated_departure_time 
    from
        bus_details bd1_0 
    where
        bd1_0.booking_id=?
2025-09-24 10:47:23 [http-nio-8080-exec-1] DEBUG org.hibernate.SQL - 
    select
        g1_0.id,
        g1_0.booking_id,
        g1_0.contact_number,
        g1_0.name,
        g1_0.nic 
    from
        guardians g1_0 
    where
        g1_0.booking_id=?
2025-09-24 10:47:23 [http-nio-8080-exec-9] DEBUG org.hibernate.SQL - 
    select
        t1_0.id,
        t1_0.booking_id,
        t1_0.name,
        t1_0.nic 
    from
        teachers t1_0 
    where
        t1_0.booking_id=?
2025-09-24 10:47:23 [http-nio-8080-exec-1] DEBUG org.hibernate.SQL - 
    select
        bd1_0.booking_id,
        bd1_0.id,
        bd1_0.bus_capacity,
        bd1_0.bus_company,
        bd1_0.bus_number,
        bd1_0.conductor_name,
        bd1_0.conductor_nic,
        bd1_0.driver_contact,
        bd1_0.driver_license_number,
        bd1_0.driver_name,
        bd1_0.estimated_arrival_time,
        bd1_0.estimated_departure_time 
    from
        bus_details bd1_0 
    where
        bd1_0.booking_id=?
2025-09-24 10:47:23 [http-nio-8080-exec-9] DEBUG org.hibernate.SQL - 
    select
        g1_0.id,
        g1_0.booking_id,
        g1_0.contact_number,
        g1_0.name,
        g1_0.nic 
    from
        guardians g1_0 
    where
        g1_0.booking_id=?
2025-09-24 10:47:23 [http-nio-8080-exec-1] DEBUG org.hibernate.SQL - 
    select
        t1_0.id,
        t1_0.booking_id,
        t1_0.name,
        t1_0.nic 
    from
        teachers t1_0 
    where
        t1_0.booking_id=?
2025-09-24 10:47:23 [http-nio-8080-exec-1] DEBUG org.hibernate.SQL - 
    select
        g1_0.id,
        g1_0.booking_id,
        g1_0.contact_number,
        g1_0.name,
        g1_0.nic 
    from
        guardians g1_0 
    where
        g1_0.booking_id=?
2025-09-24 10:47:23 [http-nio-8080-exec-1] DEBUG org.hibernate.SQL - 
    select
        bd1_0.booking_id,
        bd1_0.id,
        bd1_0.bus_capacity,
        bd1_0.bus_company,
        bd1_0.bus_number,
        bd1_0.conductor_name,
        bd1_0.conductor_nic,
        bd1_0.driver_contact,
        bd1_0.driver_license_number,
        bd1_0.driver_name,
        bd1_0.estimated_arrival_time,
        bd1_0.estimated_departure_time 
    from
        bus_details bd1_0 
    where
        bd1_0.booking_id=?
2025-09-24 10:47:23 [http-nio-8080-exec-1] DEBUG org.hibernate.SQL - 
    select
        t1_0.id,
        t1_0.booking_id,
        t1_0.name,
        t1_0.nic 
    from
        teachers t1_0 
    where
        t1_0.booking_id=?
2025-09-24 10:47:23 [http-nio-8080-exec-1] DEBUG org.hibernate.SQL - 
    select
        g1_0.id,
        g1_0.booking_id,
        g1_0.contact_number,
        g1_0.name,
        g1_0.nic 
    from
        guardians g1_0 
    where
        g1_0.booking_id=?
2025-09-24 10:47:23 [http-nio-8080-exec-1] DEBUG org.hibernate.SQL - 
    select
        bd1_0.booking_id,
        bd1_0.id,
        bd1_0.bus_capacity,
        bd1_0.bus_company,
        bd1_0.bus_number,
        bd1_0.conductor_name,
        bd1_0.conductor_nic,
        bd1_0.driver_contact,
        bd1_0.driver_license_number,
        bd1_0.driver_name,
        bd1_0.estimated_arrival_time,
        bd1_0.estimated_departure_time 
    from
        bus_details bd1_0 
    where
        bd1_0.booking_id=?
2025-09-24 10:47:23 [http-nio-8080-exec-1] DEBUG org.hibernate.SQL - 
    select
        t1_0.id,
        t1_0.booking_id,
        t1_0.name,
        t1_0.nic 
    from
        teachers t1_0 
    where
        t1_0.booking_id=?
2025-09-24 10:47:23 [http-nio-8080-exec-1] DEBUG org.hibernate.SQL - 
    select
        g1_0.id,
        g1_0.booking_id,
        g1_0.contact_number,
        g1_0.name,
        g1_0.nic 
    from
        guardians g1_0 
    where
        g1_0.booking_id=?
2025-09-24 10:47:23 [http-nio-8080-exec-1] DEBUG org.hibernate.SQL - 
    select
        bd1_0.booking_id,
        bd1_0.id,
        bd1_0.bus_capacity,
        bd1_0.bus_company,
        bd1_0.bus_number,
        bd1_0.conductor_name,
        bd1_0.conductor_nic,
        bd1_0.driver_contact,
        bd1_0.driver_license_number,
        bd1_0.driver_name,
        bd1_0.estimated_arrival_time,
        bd1_0.estimated_departure_time 
    from
        bus_details bd1_0 
    where
        bd1_0.booking_id=?
2025-09-24 10:47:24 [http-nio-8080-exec-1] DEBUG org.hibernate.SQL - 
    select
        t1_0.id,
        t1_0.booking_id,
        t1_0.name,
        t1_0.nic 
    from
        teachers t1_0 
    where
        t1_0.booking_id=?
2025-09-24 10:47:24 [http-nio-8080-exec-1] DEBUG org.hibernate.SQL - 
    select
        g1_0.id,
        g1_0.booking_id,
        g1_0.contact_number,
        g1_0.name,
        g1_0.nic 
    from
        guardians g1_0 
    where
        g1_0.booking_id=?
2025-09-24 10:47:24 [http-nio-8080-exec-1] DEBUG org.hibernate.SQL - 
    select
        bd1_0.booking_id,
        bd1_0.id,
        bd1_0.bus_capacity,
        bd1_0.bus_company,
        bd1_0.bus_number,
        bd1_0.conductor_name,
        bd1_0.conductor_nic,
        bd1_0.driver_contact,
        bd1_0.driver_license_number,
        bd1_0.driver_name,
        bd1_0.estimated_arrival_time,
        bd1_0.estimated_departure_time 
    from
        bus_details bd1_0 
    where
        bd1_0.booking_id=?
2025-09-24 10:47:24 [http-nio-8080-exec-1] DEBUG org.hibernate.SQL - 
    select
        t1_0.id,
        t1_0.booking_id,
        t1_0.name,
        t1_0.nic 
    from
        teachers t1_0 
    where
        t1_0.booking_id=?
2025-09-24 10:47:24 [http-nio-8080-exec-1] DEBUG org.hibernate.SQL - 
    select
        g1_0.id,
        g1_0.booking_id,
        g1_0.contact_number,
        g1_0.name,
        g1_0.nic 
    from
        guardians g1_0 
    where
        g1_0.booking_id=?
2025-09-24 10:47:24 [http-nio-8080-exec-1] DEBUG org.hibernate.SQL - 
    select
        bd1_0.booking_id,
        bd1_0.id,
        bd1_0.bus_capacity,
        bd1_0.bus_company,
        bd1_0.bus_number,
        bd1_0.conductor_name,
        bd1_0.conductor_nic,
        bd1_0.driver_contact,
        bd1_0.driver_license_number,
        bd1_0.driver_name,
        bd1_0.estimated_arrival_time,
        bd1_0.estimated_departure_time 
    from
        bus_details bd1_0 
    where
        bd1_0.booking_id=?
2025-09-24 10:47:24 [http-nio-8080-exec-1] DEBUG org.hibernate.SQL - 
    select
        t1_0.id,
        t1_0.booking_id,
        t1_0.name,
        t1_0.nic 
    from
        teachers t1_0 
    where
        t1_0.booking_id=?
2025-09-24 10:47:24 [http-nio-8080-exec-1] DEBUG org.hibernate.SQL - 
    select
        g1_0.id,
        g1_0.booking_id,
        g1_0.contact_number,
        g1_0.name,
        g1_0.nic 
    from
        guardians g1_0 
    where
        g1_0.booking_id=?
2025-09-24 10:47:24 [http-nio-8080-exec-1] DEBUG org.hibernate.SQL - 
    select
        bd1_0.booking_id,
        bd1_0.id,
        bd1_0.bus_capacity,
        bd1_0.bus_company,
        bd1_0.bus_number,
        bd1_0.conductor_name,
        bd1_0.conductor_nic,
        bd1_0.driver_contact,
        bd1_0.driver_license_number,
        bd1_0.driver_name,
        bd1_0.estimated_arrival_time,
        bd1_0.estimated_departure_time 
    from
        bus_details bd1_0 
    where
        bd1_0.booking_id=?
2025-09-24 10:47:24 [http-nio-8080-exec-1] DEBUG org.hibernate.SQL - 
    select
        t1_0.id,
        t1_0.booking_id,
        t1_0.name,
        t1_0.nic 
    from
        teachers t1_0 
    where
        t1_0.booking_id=?
2025-09-24 10:47:24 [http-nio-8080-exec-1] DEBUG org.hibernate.SQL - 
    select
        g1_0.id,
        g1_0.booking_id,
        g1_0.contact_number,
        g1_0.name,
        g1_0.nic 
    from
        guardians g1_0 
    where
        g1_0.booking_id=?
2025-09-24 10:47:24 [http-nio-8080-exec-1] DEBUG org.hibernate.SQL - 
    select
        bd1_0.booking_id,
        bd1_0.id,
        bd1_0.bus_capacity,
        bd1_0.bus_company,
        bd1_0.bus_number,
        bd1_0.conductor_name,
        bd1_0.conductor_nic,
        bd1_0.driver_contact,
        bd1_0.driver_license_number,
        bd1_0.driver_name,
        bd1_0.estimated_arrival_time,
        bd1_0.estimated_departure_time 
    from
        bus_details bd1_0 
    where
        bd1_0.booking_id=?
2025-09-24 10:47:24 [http-nio-8080-exec-1] DEBUG org.hibernate.SQL - 
    select
        t1_0.id,
        t1_0.booking_id,
        t1_0.name,
        t1_0.nic 
    from
        teachers t1_0 
    where
        t1_0.booking_id=?
2025-09-24 10:47:24 [http-nio-8080-exec-1] DEBUG org.hibernate.SQL - 
    select
        g1_0.id,
        g1_0.booking_id,
        g1_0.contact_number,
        g1_0.name,
        g1_0.nic 
    from
        guardians g1_0 
    where
        g1_0.booking_id=?
2025-09-24 10:47:24 [http-nio-8080-exec-1] DEBUG org.hibernate.SQL - 
    select
        bd1_0.booking_id,
        bd1_0.id,
        bd1_0.bus_capacity,
        bd1_0.bus_company,
        bd1_0.bus_number,
        bd1_0.conductor_name,
        bd1_0.conductor_nic,
        bd1_0.driver_contact,
        bd1_0.driver_license_number,
        bd1_0.driver_name,
        bd1_0.estimated_arrival_time,
        bd1_0.estimated_departure_time 
    from
        bus_details bd1_0 
    where
        bd1_0.booking_id=?
2025-09-24 10:47:24 [http-nio-8080-exec-1] DEBUG org.hibernate.SQL - 
    select
        t1_0.id,
        t1_0.booking_id,
        t1_0.name,
        t1_0.nic 
    from
        teachers t1_0 
    where
        t1_0.booking_id=?
2025-09-24 10:47:24 [http-nio-8080-exec-1] DEBUG org.hibernate.SQL - 
    select
        g1_0.id,
        g1_0.booking_id,
        g1_0.contact_number,
        g1_0.name,
        g1_0.nic 
    from
        guardians g1_0 
    where
        g1_0.booking_id=?
2025-09-24 10:47:24 [http-nio-8080-exec-1] DEBUG org.hibernate.SQL - 
    select
        bd1_0.booking_id,
        bd1_0.id,
        bd1_0.bus_capacity,
        bd1_0.bus_company,
        bd1_0.bus_number,
        bd1_0.conductor_name,
        bd1_0.conductor_nic,
        bd1_0.driver_contact,
        bd1_0.driver_license_number,
        bd1_0.driver_name,
        bd1_0.estimated_arrival_time,
        bd1_0.estimated_departure_time 
    from
        bus_details bd1_0 
    where
        bd1_0.booking_id=?
2025-09-24 10:47:24 [http-nio-8080-exec-1] DEBUG org.hibernate.SQL - 
    select
        t1_0.id,
        t1_0.booking_id,
        t1_0.name,
        t1_0.nic 
    from
        teachers t1_0 
    where
        t1_0.booking_id=?
2025-09-24 10:47:24 [http-nio-8080-exec-1] DEBUG org.hibernate.SQL - 
    select
        g1_0.id,
        g1_0.booking_id,
        g1_0.contact_number,
        g1_0.name,
        g1_0.nic 
    from
        guardians g1_0 
    where
        g1_0.booking_id=?
2025-09-24 10:47:24 [http-nio-8080-exec-1] DEBUG org.hibernate.SQL - 
    select
        bd1_0.booking_id,
        bd1_0.id,
        bd1_0.bus_capacity,
        bd1_0.bus_company,
        bd1_0.bus_number,
        bd1_0.conductor_name,
        bd1_0.conductor_nic,
        bd1_0.driver_contact,
        bd1_0.driver_license_number,
        bd1_0.driver_name,
        bd1_0.estimated_arrival_time,
        bd1_0.estimated_departure_time 
    from
        bus_details bd1_0 
    where
        bd1_0.booking_id=?
2025-09-24 10:47:24 [http-nio-8080-exec-1] DEBUG org.hibernate.SQL - 
    select
        t1_0.id,
        t1_0.booking_id,
        t1_0.name,
        t1_0.nic 
    from
        teachers t1_0 
    where
        t1_0.booking_id=?
2025-09-24 10:47:24 [http-nio-8080-exec-1] DEBUG org.hibernate.SQL - 
    select
        g1_0.id,
        g1_0.booking_id,
        g1_0.contact_number,
        g1_0.name,
        g1_0.nic 
    from
        guardians g1_0 
    where
        g1_0.booking_id=?
2025-09-24 10:47:24 [http-nio-8080-exec-1] DEBUG org.hibernate.SQL - 
    select
        bd1_0.booking_id,
        bd1_0.id,
        bd1_0.bus_capacity,
        bd1_0.bus_company,
        bd1_0.bus_number,
        bd1_0.conductor_name,
        bd1_0.conductor_nic,
        bd1_0.driver_contact,
        bd1_0.driver_license_number,
        bd1_0.driver_name,
        bd1_0.estimated_arrival_time,
        bd1_0.estimated_departure_time 
    from
        bus_details bd1_0 
    where
        bd1_0.booking_id=?
2025-09-24 10:47:24 [http-nio-8080-exec-1] DEBUG org.hibernate.SQL - 
    select
        t1_0.id,
        t1_0.booking_id,
        t1_0.name,
        t1_0.nic 
    from
        teachers t1_0 
    where
        t1_0.booking_id=?
2025-09-24 10:47:24 [http-nio-8080-exec-1] DEBUG org.hibernate.SQL - 
    select
        g1_0.id,
        g1_0.booking_id,
        g1_0.contact_number,
        g1_0.name,
        g1_0.nic 
    from
        guardians g1_0 
    where
        g1_0.booking_id=?
2025-09-24 10:47:24 [http-nio-8080-exec-1] DEBUG org.hibernate.SQL - 
    select
        bd1_0.booking_id,
        bd1_0.id,
        bd1_0.bus_capacity,
        bd1_0.bus_company,
        bd1_0.bus_number,
        bd1_0.conductor_name,
        bd1_0.conductor_nic,
        bd1_0.driver_contact,
        bd1_0.driver_license_number,
        bd1_0.driver_name,
        bd1_0.estimated_arrival_time,
        bd1_0.estimated_departure_time 
    from
        bus_details bd1_0 
    where
        bd1_0.booking_id=?
2025-09-24 10:47:24 [http-nio-8080-exec-1] DEBUG org.hibernate.SQL - 
    select
        t1_0.id,
        t1_0.booking_id,
        t1_0.name,
        t1_0.nic 
    from
        teachers t1_0 
    where
        t1_0.booking_id=?
2025-09-24 10:47:24 [http-nio-8080-exec-1] DEBUG org.hibernate.SQL - 
    select
        g1_0.id,
        g1_0.booking_id,
        g1_0.contact_number,
        g1_0.name,
        g1_0.nic 
    from
        guardians g1_0 
    where
        g1_0.booking_id=?
2025-09-24 10:47:24 [http-nio-8080-exec-1] DEBUG org.hibernate.SQL - 
    select
        bd1_0.booking_id,
        bd1_0.id,
        bd1_0.bus_capacity,
        bd1_0.bus_company,
        bd1_0.bus_number,
        bd1_0.conductor_name,
        bd1_0.conductor_nic,
        bd1_0.driver_contact,
        bd1_0.driver_license_number,
        bd1_0.driver_name,
        bd1_0.estimated_arrival_time,
        bd1_0.estimated_departure_time 
    from
        bus_details bd1_0 
    where
        bd1_0.booking_id=?
2025-09-24 10:47:24 [http-nio-8080-exec-1] DEBUG org.hibernate.SQL - 
    select
        t1_0.id,
        t1_0.booking_id,
        t1_0.name,
        t1_0.nic 
    from
        teachers t1_0 
    where
        t1_0.booking_id=?
2025-09-24 10:47:24 [http-nio-8080-exec-1] DEBUG org.hibernate.SQL - 
    select
        g1_0.id,
        g1_0.booking_id,
        g1_0.contact_number,
        g1_0.name,
        g1_0.nic 
    from
        guardians g1_0 
    where
        g1_0.booking_id=?
2025-09-24 10:47:24 [http-nio-8080-exec-1] DEBUG org.hibernate.SQL - 
    select
        bd1_0.booking_id,
        bd1_0.id,
        bd1_0.bus_capacity,
        bd1_0.bus_company,
        bd1_0.bus_number,
        bd1_0.conductor_name,
        bd1_0.conductor_nic,
        bd1_0.driver_contact,
        bd1_0.driver_license_number,
        bd1_0.driver_name,
        bd1_0.estimated_arrival_time,
        bd1_0.estimated_departure_time 
    from
        bus_details bd1_0 
    where
        bd1_0.booking_id=?
2025-09-24 10:47:24 [http-nio-8080-exec-1] DEBUG org.hibernate.SQL - 
    select
        t1_0.id,
        t1_0.booking_id,
        t1_0.name,
        t1_0.nic 
    from
        teachers t1_0 
    where
        t1_0.booking_id=?
2025-09-24 10:47:24 [http-nio-8080-exec-1] DEBUG org.hibernate.SQL - 
    select
        g1_0.id,
        g1_0.booking_id,
        g1_0.contact_number,
        g1_0.name,
        g1_0.nic 
    from
        guardians g1_0 
    where
        g1_0.booking_id=?
2025-09-24 10:47:24 [http-nio-8080-exec-1] DEBUG org.hibernate.SQL - 
    select
        bd1_0.booking_id,
        bd1_0.id,
        bd1_0.bus_capacity,
        bd1_0.bus_company,
        bd1_0.bus_number,
        bd1_0.conductor_name,
        bd1_0.conductor_nic,
        bd1_0.driver_contact,
        bd1_0.driver_license_number,
        bd1_0.driver_name,
        bd1_0.estimated_arrival_time,
        bd1_0.estimated_departure_time 
    from
        bus_details bd1_0 
    where
        bd1_0.booking_id=?
2025-09-24 10:47:24 [http-nio-8080-exec-1] DEBUG org.hibernate.SQL - 
    select
        t1_0.id,
        t1_0.booking_id,
        t1_0.name,
        t1_0.nic 
    from
        teachers t1_0 
    where
        t1_0.booking_id=?
2025-09-24 10:47:24 [http-nio-8080-exec-1] DEBUG org.hibernate.SQL - 
    select
        g1_0.id,
        g1_0.booking_id,
        g1_0.contact_number,
        g1_0.name,
        g1_0.nic 
    from
        guardians g1_0 
    where
        g1_0.booking_id=?
2025-09-24 10:47:24 [http-nio-8080-exec-8] DEBUG o.s.security.web.FilterChainProxy - Securing GET /api/bookings
2025-09-24 10:47:24 [http-nio-8080-exec-8] DEBUG org.hibernate.SQL - 
    select
        u1_0.id,
        u1_0.contact_number,
        u1_0.email,
        u1_0.institution_name,
        u1_0.password,
        u1_0.role,
        u1_0.username 
    from
        users u1_0 
    where
        u1_0.username=?
2025-09-24 10:47:24 [http-nio-8080-exec-8] DEBUG o.s.security.web.FilterChainProxy - Secured GET /api/bookings
2025-09-24 10:47:24 [http-nio-8080-exec-8] DEBUG o.s.s.a.m.AuthorizationManagerBeforeMethodInterceptor - Authorizing method invocation ReflectiveMethodInvocation: public org.springframework.http.ResponseEntity com.portbooking.controller.BookingController.getAllBookings(); target is of class [com.portbooking.controller.BookingController]
2025-09-24 10:47:24 [http-nio-8080-exec-8] DEBUG o.s.s.a.m.AuthorizationManagerBeforeMethodInterceptor - Authorized method invocation ReflectiveMethodInvocation: public org.springframework.http.ResponseEntity com.portbooking.controller.BookingController.getAllBookings(); target is of class [com.portbooking.controller.BookingController]
2025-09-24 10:47:24 [http-nio-8080-exec-8] DEBUG org.hibernate.SQL - 
    select
        b1_0.id,
        b1_0.contact_email,
        b1_0.created_at,
        b1_0.institution_contact_number,
        b1_0.number_of_students,
        b1_0.number_of_teachers,
        b1_0.purpose_of_visit,
        b1_0.rejection_reason,
        b1_0.special_requirements,
        b1_0.status,
        b1_0.updated_at,
        b1_0.user_id,
        b1_0.visit_date 
    from
        bookings b1_0
2025-09-24 10:47:24 [http-nio-8080-exec-8] DEBUG org.hibernate.SQL - 
    select
        u1_0.id,
        u1_0.contact_number,
        u1_0.email,
        u1_0.institution_name,
        u1_0.password,
        u1_0.role,
        u1_0.username 
    from
        users u1_0 
    where
        u1_0.id=?
2025-09-24 10:47:24 [http-nio-8080-exec-8] DEBUG org.hibernate.SQL - 
    select
        bd1_0.booking_id,
        bd1_0.id,
        bd1_0.bus_capacity,
        bd1_0.bus_company,
        bd1_0.bus_number,
        bd1_0.conductor_name,
        bd1_0.conductor_nic,
        bd1_0.driver_contact,
        bd1_0.driver_license_number,
        bd1_0.driver_name,
        bd1_0.estimated_arrival_time,
        bd1_0.estimated_departure_time 
    from
        bus_details bd1_0 
    where
        bd1_0.booking_id=?
2025-09-24 10:47:24 [http-nio-8080-exec-8] DEBUG org.hibernate.SQL - 
    select
        t1_0.id,
        t1_0.booking_id,
        t1_0.name,
        t1_0.nic 
    from
        teachers t1_0 
    where
        t1_0.booking_id=?
2025-09-24 10:47:24 [http-nio-8080-exec-8] DEBUG org.hibernate.SQL - 
    select
        g1_0.id,
        g1_0.booking_id,
        g1_0.contact_number,
        g1_0.name,
        g1_0.nic 
    from
        guardians g1_0 
    where
        g1_0.booking_id=?
2025-09-24 10:47:24 [http-nio-8080-exec-8] DEBUG org.hibernate.SQL - 
    select
        u1_0.id,
        u1_0.contact_number,
        u1_0.email,
        u1_0.institution_name,
        u1_0.password,
        u1_0.role,
        u1_0.username 
    from
        users u1_0 
    where
        u1_0.id=?
2025-09-24 10:47:24 [http-nio-8080-exec-8] DEBUG org.hibernate.SQL - 
    select
        bd1_0.booking_id,
        bd1_0.id,
        bd1_0.bus_capacity,
        bd1_0.bus_company,
        bd1_0.bus_number,
        bd1_0.conductor_name,
        bd1_0.conductor_nic,
        bd1_0.driver_contact,
        bd1_0.driver_license_number,
        bd1_0.driver_name,
        bd1_0.estimated_arrival_time,
        bd1_0.estimated_departure_time 
    from
        bus_details bd1_0 
    where
        bd1_0.booking_id=?
2025-09-24 10:47:24 [http-nio-8080-exec-8] DEBUG org.hibernate.SQL - 
    select
        t1_0.id,
        t1_0.booking_id,
        t1_0.name,
        t1_0.nic 
    from
        teachers t1_0 
    where
        t1_0.booking_id=?
2025-09-24 10:47:24 [http-nio-8080-exec-8] DEBUG org.hibernate.SQL - 
    select
        g1_0.id,
        g1_0.booking_id,
        g1_0.contact_number,
        g1_0.name,
        g1_0.nic 
    from
        guardians g1_0 
    where
        g1_0.booking_id=?
2025-09-24 10:47:24 [http-nio-8080-exec-8] DEBUG org.hibernate.SQL - 
    select
        u1_0.id,
        u1_0.contact_number,
        u1_0.email,
        u1_0.institution_name,
        u1_0.password,
        u1_0.role,
        u1_0.username 
    from
        users u1_0 
    where
        u1_0.id=?
2025-09-24 10:47:24 [http-nio-8080-exec-8] DEBUG org.hibernate.SQL - 
    select
        bd1_0.booking_id,
        bd1_0.id,
        bd1_0.bus_capacity,
        bd1_0.bus_company,
        bd1_0.bus_number,
        bd1_0.conductor_name,
        bd1_0.conductor_nic,
        bd1_0.driver_contact,
        bd1_0.driver_license_number,
        bd1_0.driver_name,
        bd1_0.estimated_arrival_time,
        bd1_0.estimated_departure_time 
    from
        bus_details bd1_0 
    where
        bd1_0.booking_id=?
2025-09-24 10:47:24 [http-nio-8080-exec-8] DEBUG org.hibernate.SQL - 
    select
        t1_0.id,
        t1_0.booking_id,
        t1_0.name,
        t1_0.nic 
    from
        teachers t1_0 
    where
        t1_0.booking_id=?
2025-09-24 10:47:24 [http-nio-8080-exec-8] DEBUG org.hibernate.SQL - 
    select
        g1_0.id,
        g1_0.booking_id,
        g1_0.contact_number,
        g1_0.name,
        g1_0.nic 
    from
        guardians g1_0 
    where
        g1_0.booking_id=?
2025-09-24 10:47:24 [http-nio-8080-exec-8] DEBUG org.hibernate.SQL - 
    select
        u1_0.id,
        u1_0.contact_number,
        u1_0.email,
        u1_0.institution_name,
        u1_0.password,
        u1_0.role,
        u1_0.username 
    from
        users u1_0 
    where
        u1_0.id=?
2025-09-24 10:47:24 [http-nio-8080-exec-8] DEBUG org.hibernate.SQL - 
    select
        bd1_0.booking_id,
        bd1_0.id,
        bd1_0.bus_capacity,
        bd1_0.bus_company,
        bd1_0.bus_number,
        bd1_0.conductor_name,
        bd1_0.conductor_nic,
        bd1_0.driver_contact,
        bd1_0.driver_license_number,
        bd1_0.driver_name,
        bd1_0.estimated_arrival_time,
        bd1_0.estimated_departure_time 
    from
        bus_details bd1_0 
    where
        bd1_0.booking_id=?
2025-09-24 10:47:24 [http-nio-8080-exec-8] DEBUG org.hibernate.SQL - 
    select
        t1_0.id,
        t1_0.booking_id,
        t1_0.name,
        t1_0.nic 
    from
        teachers t1_0 
    where
        t1_0.booking_id=?
2025-09-24 10:47:24 [http-nio-8080-exec-8] DEBUG org.hibernate.SQL - 
    select
        g1_0.id,
        g1_0.booking_id,
        g1_0.contact_number,
        g1_0.name,
        g1_0.nic 
    from
        guardians g1_0 
    where
        g1_0.booking_id=?
2025-09-24 10:47:24 [http-nio-8080-exec-8] DEBUG org.hibernate.SQL - 
    select
        bd1_0.booking_id,
        bd1_0.id,
        bd1_0.bus_capacity,
        bd1_0.bus_company,
        bd1_0.bus_number,
        bd1_0.conductor_name,
        bd1_0.conductor_nic,
        bd1_0.driver_contact,
        bd1_0.driver_license_number,
        bd1_0.driver_name,
        bd1_0.estimated_arrival_time,
        bd1_0.estimated_departure_time 
    from
        bus_details bd1_0 
    where
        bd1_0.booking_id=?
2025-09-24 10:47:24 [http-nio-8080-exec-8] DEBUG org.hibernate.SQL - 
    select
        t1_0.id,
        t1_0.booking_id,
        t1_0.name,
        t1_0.nic 
    from
        teachers t1_0 
    where
        t1_0.booking_id=?
2025-09-24 10:47:24 [http-nio-8080-exec-8] DEBUG org.hibernate.SQL - 
    select
        g1_0.id,
        g1_0.booking_id,
        g1_0.contact_number,
        g1_0.name,
        g1_0.nic 
    from
        guardians g1_0 
    where
        g1_0.booking_id=?
2025-09-24 10:47:24 [http-nio-8080-exec-8] DEBUG org.hibernate.SQL - 
    select
        bd1_0.booking_id,
        bd1_0.id,
        bd1_0.bus_capacity,
        bd1_0.bus_company,
        bd1_0.bus_number,
        bd1_0.conductor_name,
        bd1_0.conductor_nic,
        bd1_0.driver_contact,
        bd1_0.driver_license_number,
        bd1_0.driver_name,
        bd1_0.estimated_arrival_time,
        bd1_0.estimated_departure_time 
    from
        bus_details bd1_0 
    where
        bd1_0.booking_id=?
2025-09-24 10:47:24 [http-nio-8080-exec-8] DEBUG org.hibernate.SQL - 
    select
        t1_0.id,
        t1_0.booking_id,
        t1_0.name,
        t1_0.nic 
    from
        teachers t1_0 
    where
        t1_0.booking_id=?
2025-09-24 10:47:24 [http-nio-8080-exec-8] DEBUG org.hibernate.SQL - 
    select
        g1_0.id,
        g1_0.booking_id,
        g1_0.contact_number,
        g1_0.name,
        g1_0.nic 
    from
        guardians g1_0 
    where
        g1_0.booking_id=?
2025-09-24 10:47:24 [http-nio-8080-exec-8] DEBUG org.hibernate.SQL - 
    select
        bd1_0.booking_id,
        bd1_0.id,
        bd1_0.bus_capacity,
        bd1_0.bus_company,
        bd1_0.bus_number,
        bd1_0.conductor_name,
        bd1_0.conductor_nic,
        bd1_0.driver_contact,
        bd1_0.driver_license_number,
        bd1_0.driver_name,
        bd1_0.estimated_arrival_time,
        bd1_0.estimated_departure_time 
    from
        bus_details bd1_0 
    where
        bd1_0.booking_id=?
2025-09-24 10:47:24 [http-nio-8080-exec-8] DEBUG org.hibernate.SQL - 
    select
        t1_0.id,
        t1_0.booking_id,
        t1_0.name,
        t1_0.nic 
    from
        teachers t1_0 
    where
        t1_0.booking_id=?
2025-09-24 10:47:24 [http-nio-8080-exec-8] DEBUG org.hibernate.SQL - 
    select
        g1_0.id,
        g1_0.booking_id,
        g1_0.contact_number,
        g1_0.name,
        g1_0.nic 
    from
        guardians g1_0 
    where
        g1_0.booking_id=?
2025-09-24 10:47:24 [http-nio-8080-exec-8] DEBUG org.hibernate.SQL - 
    select
        bd1_0.booking_id,
        bd1_0.id,
        bd1_0.bus_capacity,
        bd1_0.bus_company,
        bd1_0.bus_number,
        bd1_0.conductor_name,
        bd1_0.conductor_nic,
        bd1_0.driver_contact,
        bd1_0.driver_license_number,
        bd1_0.driver_name,
        bd1_0.estimated_arrival_time,
        bd1_0.estimated_departure_time 
    from
        bus_details bd1_0 
    where
        bd1_0.booking_id=?
2025-09-24 10:47:24 [http-nio-8080-exec-8] DEBUG org.hibernate.SQL - 
    select
        t1_0.id,
        t1_0.booking_id,
        t1_0.name,
        t1_0.nic 
    from
        teachers t1_0 
    where
        t1_0.booking_id=?
2025-09-24 10:47:24 [http-nio-8080-exec-8] DEBUG org.hibernate.SQL - 
    select
        g1_0.id,
        g1_0.booking_id,
        g1_0.contact_number,
        g1_0.name,
        g1_0.nic 
    from
        guardians g1_0 
    where
        g1_0.booking_id=?
2025-09-24 10:47:24 [http-nio-8080-exec-8] DEBUG org.hibernate.SQL - 
    select
        u1_0.id,
        u1_0.contact_number,
        u1_0.email,
        u1_0.institution_name,
        u1_0.password,
        u1_0.role,
        u1_0.username 
    from
        users u1_0 
    where
        u1_0.id=?
2025-09-24 10:47:24 [http-nio-8080-exec-8] DEBUG org.hibernate.SQL - 
    select
        bd1_0.booking_id,
        bd1_0.id,
        bd1_0.bus_capacity,
        bd1_0.bus_company,
        bd1_0.bus_number,
        bd1_0.conductor_name,
        bd1_0.conductor_nic,
        bd1_0.driver_contact,
        bd1_0.driver_license_number,
        bd1_0.driver_name,
        bd1_0.estimated_arrival_time,
        bd1_0.estimated_departure_time 
    from
        bus_details bd1_0 
    where
        bd1_0.booking_id=?
2025-09-24 10:47:24 [http-nio-8080-exec-8] DEBUG org.hibernate.SQL - 
    select
        t1_0.id,
        t1_0.booking_id,
        t1_0.name,
        t1_0.nic 
    from
        teachers t1_0 
    where
        t1_0.booking_id=?
2025-09-24 10:47:24 [http-nio-8080-exec-8] DEBUG org.hibernate.SQL - 
    select
        g1_0.id,
        g1_0.booking_id,
        g1_0.contact_number,
        g1_0.name,
        g1_0.nic 
    from
        guardians g1_0 
    where
        g1_0.booking_id=?
2025-09-24 10:47:24 [http-nio-8080-exec-8] DEBUG org.hibernate.SQL - 
    select
        bd1_0.booking_id,
        bd1_0.id,
        bd1_0.bus_capacity,
        bd1_0.bus_company,
        bd1_0.bus_number,
        bd1_0.conductor_name,
        bd1_0.conductor_nic,
        bd1_0.driver_contact,
        bd1_0.driver_license_number,
        bd1_0.driver_name,
        bd1_0.estimated_arrival_time,
        bd1_0.estimated_departure_time 
    from
        bus_details bd1_0 
    where
        bd1_0.booking_id=?
2025-09-24 10:47:24 [http-nio-8080-exec-8] DEBUG org.hibernate.SQL - 
    select
        t1_0.id,
        t1_0.booking_id,
        t1_0.name,
        t1_0.nic 
    from
        teachers t1_0 
    where
        t1_0.booking_id=?
2025-09-24 10:47:24 [http-nio-8080-exec-8] DEBUG org.hibernate.SQL - 
    select
        g1_0.id,
        g1_0.booking_id,
        g1_0.contact_number,
        g1_0.name,
        g1_0.nic 
    from
        guardians g1_0 
    where
        g1_0.booking_id=?
2025-09-24 10:47:25 [http-nio-8080-exec-8] DEBUG org.hibernate.SQL - 
    select
        bd1_0.booking_id,
        bd1_0.id,
        bd1_0.bus_capacity,
        bd1_0.bus_company,
        bd1_0.bus_number,
        bd1_0.conductor_name,
        bd1_0.conductor_nic,
        bd1_0.driver_contact,
        bd1_0.driver_license_number,
        bd1_0.driver_name,
        bd1_0.estimated_arrival_time,
        bd1_0.estimated_departure_time 
    from
        bus_details bd1_0 
    where
        bd1_0.booking_id=?
2025-09-24 10:47:25 [http-nio-8080-exec-8] DEBUG org.hibernate.SQL - 
    select
        t1_0.id,
        t1_0.booking_id,
        t1_0.name,
        t1_0.nic 
    from
        teachers t1_0 
    where
        t1_0.booking_id=?
2025-09-24 10:47:25 [http-nio-8080-exec-8] DEBUG org.hibernate.SQL - 
    select
        g1_0.id,
        g1_0.booking_id,
        g1_0.contact_number,
        g1_0.name,
        g1_0.nic 
    from
        guardians g1_0 
    where
        g1_0.booking_id=?
2025-09-24 10:47:25 [http-nio-8080-exec-8] DEBUG org.hibernate.SQL - 
    select
        bd1_0.booking_id,
        bd1_0.id,
        bd1_0.bus_capacity,
        bd1_0.bus_company,
        bd1_0.bus_number,
        bd1_0.conductor_name,
        bd1_0.conductor_nic,
        bd1_0.driver_contact,
        bd1_0.driver_license_number,
        bd1_0.driver_name,
        bd1_0.estimated_arrival_time,
        bd1_0.estimated_departure_time 
    from
        bus_details bd1_0 
    where
        bd1_0.booking_id=?
2025-09-24 10:47:25 [http-nio-8080-exec-8] DEBUG org.hibernate.SQL - 
    select
        t1_0.id,
        t1_0.booking_id,
        t1_0.name,
        t1_0.nic 
    from
        teachers t1_0 
    where
        t1_0.booking_id=?
2025-09-24 10:47:25 [http-nio-8080-exec-8] DEBUG org.hibernate.SQL - 
    select
        g1_0.id,
        g1_0.booking_id,
        g1_0.contact_number,
        g1_0.name,
        g1_0.nic 
    from
        guardians g1_0 
    where
        g1_0.booking_id=?
2025-09-24 10:47:25 [http-nio-8080-exec-8] DEBUG org.hibernate.SQL - 
    select
        bd1_0.booking_id,
        bd1_0.id,
        bd1_0.bus_capacity,
        bd1_0.bus_company,
        bd1_0.bus_number,
        bd1_0.conductor_name,
        bd1_0.conductor_nic,
        bd1_0.driver_contact,
        bd1_0.driver_license_number,
        bd1_0.driver_name,
        bd1_0.estimated_arrival_time,
        bd1_0.estimated_departure_time 
    from
        bus_details bd1_0 
    where
        bd1_0.booking_id=?
2025-09-24 10:47:25 [http-nio-8080-exec-8] DEBUG org.hibernate.SQL - 
    select
        t1_0.id,
        t1_0.booking_id,
        t1_0.name,
        t1_0.nic 
    from
        teachers t1_0 
    where
        t1_0.booking_id=?
2025-09-24 10:47:25 [http-nio-8080-exec-8] DEBUG org.hibernate.SQL - 
    select
        g1_0.id,
        g1_0.booking_id,
        g1_0.contact_number,
        g1_0.name,
        g1_0.nic 
    from
        guardians g1_0 
    where
        g1_0.booking_id=?
2025-09-24 10:47:25 [http-nio-8080-exec-8] DEBUG org.hibernate.SQL - 
    select
        bd1_0.booking_id,
        bd1_0.id,
        bd1_0.bus_capacity,
        bd1_0.bus_company,
        bd1_0.bus_number,
        bd1_0.conductor_name,
        bd1_0.conductor_nic,
        bd1_0.driver_contact,
        bd1_0.driver_license_number,
        bd1_0.driver_name,
        bd1_0.estimated_arrival_time,
        bd1_0.estimated_departure_time 
    from
        bus_details bd1_0 
    where
        bd1_0.booking_id=?
2025-09-24 10:47:25 [http-nio-8080-exec-8] DEBUG org.hibernate.SQL - 
    select
        t1_0.id,
        t1_0.booking_id,
        t1_0.name,
        t1_0.nic 
    from
        teachers t1_0 
    where
        t1_0.booking_id=?
2025-09-24 10:47:25 [http-nio-8080-exec-8] DEBUG org.hibernate.SQL - 
    select
        g1_0.id,
        g1_0.booking_id,
        g1_0.contact_number,
        g1_0.name,
        g1_0.nic 
    from
        guardians g1_0 
    where
        g1_0.booking_id=?
2025-09-24 10:47:25 [http-nio-8080-exec-8] DEBUG org.hibernate.SQL - 
    select
        bd1_0.booking_id,
        bd1_0.id,
        bd1_0.bus_capacity,
        bd1_0.bus_company,
        bd1_0.bus_number,
        bd1_0.conductor_name,
        bd1_0.conductor_nic,
        bd1_0.driver_contact,
        bd1_0.driver_license_number,
        bd1_0.driver_name,
        bd1_0.estimated_arrival_time,
        bd1_0.estimated_departure_time 
    from
        bus_details bd1_0 
    where
        bd1_0.booking_id=?
2025-09-24 10:47:25 [http-nio-8080-exec-8] DEBUG org.hibernate.SQL - 
    select
        t1_0.id,
        t1_0.booking_id,
        t1_0.name,
        t1_0.nic 
    from
        teachers t1_0 
    where
        t1_0.booking_id=?
2025-09-24 10:47:25 [http-nio-8080-exec-8] DEBUG org.hibernate.SQL - 
    select
        g1_0.id,
        g1_0.booking_id,
        g1_0.contact_number,
        g1_0.name,
        g1_0.nic 
    from
        guardians g1_0 
    where
        g1_0.booking_id=?
2025-09-24 10:47:25 [http-nio-8080-exec-8] DEBUG org.hibernate.SQL - 
    select
        bd1_0.booking_id,
        bd1_0.id,
        bd1_0.bus_capacity,
        bd1_0.bus_company,
        bd1_0.bus_number,
        bd1_0.conductor_name,
        bd1_0.conductor_nic,
        bd1_0.driver_contact,
        bd1_0.driver_license_number,
        bd1_0.driver_name,
        bd1_0.estimated_arrival_time,
        bd1_0.estimated_departure_time 
    from
        bus_details bd1_0 
    where
        bd1_0.booking_id=?
2025-09-24 10:47:25 [http-nio-8080-exec-8] DEBUG org.hibernate.SQL - 
    select
        t1_0.id,
        t1_0.booking_id,
        t1_0.name,
        t1_0.nic 
    from
        teachers t1_0 
    where
        t1_0.booking_id=?
2025-09-24 10:47:25 [http-nio-8080-exec-8] DEBUG org.hibernate.SQL - 
    select
        g1_0.id,
        g1_0.booking_id,
        g1_0.contact_number,
        g1_0.name,
        g1_0.nic 
    from
        guardians g1_0 
    where
        g1_0.booking_id=?
2025-09-24 10:47:25 [http-nio-8080-exec-8] DEBUG org.hibernate.SQL - 
    select
        bd1_0.booking_id,
        bd1_0.id,
        bd1_0.bus_capacity,
        bd1_0.bus_company,
        bd1_0.bus_number,
        bd1_0.conductor_name,
        bd1_0.conductor_nic,
        bd1_0.driver_contact,
        bd1_0.driver_license_number,
        bd1_0.driver_name,
        bd1_0.estimated_arrival_time,
        bd1_0.estimated_departure_time 
    from
        bus_details bd1_0 
    where
        bd1_0.booking_id=?
2025-09-24 10:47:25 [http-nio-8080-exec-8] DEBUG org.hibernate.SQL - 
    select
        t1_0.id,
        t1_0.booking_id,
        t1_0.name,
        t1_0.nic 
    from
        teachers t1_0 
    where
        t1_0.booking_id=?
2025-09-24 10:47:25 [http-nio-8080-exec-8] DEBUG org.hibernate.SQL - 
    select
        g1_0.id,
        g1_0.booking_id,
        g1_0.contact_number,
        g1_0.name,
        g1_0.nic 
    from
        guardians g1_0 
    where
        g1_0.booking_id=?
2025-09-24 10:47:25 [http-nio-8080-exec-8] DEBUG org.hibernate.SQL - 
    select
        bd1_0.booking_id,
        bd1_0.id,
        bd1_0.bus_capacity,
        bd1_0.bus_company,
        bd1_0.bus_number,
        bd1_0.conductor_name,
        bd1_0.conductor_nic,
        bd1_0.driver_contact,
        bd1_0.driver_license_number,
        bd1_0.driver_name,
        bd1_0.estimated_arrival_time,
        bd1_0.estimated_departure_time 
    from
        bus_details bd1_0 
    where
        bd1_0.booking_id=?
2025-09-24 10:47:25 [http-nio-8080-exec-8] DEBUG org.hibernate.SQL - 
    select
        t1_0.id,
        t1_0.booking_id,
        t1_0.name,
        t1_0.nic 
    from
        teachers t1_0 
    where
        t1_0.booking_id=?
2025-09-24 10:47:25 [http-nio-8080-exec-8] DEBUG org.hibernate.SQL - 
    select
        g1_0.id,
        g1_0.booking_id,
        g1_0.contact_number,
        g1_0.name,
        g1_0.nic 
    from
        guardians g1_0 
    where
        g1_0.booking_id=?
2025-09-24 10:47:25 [http-nio-8080-exec-8] DEBUG org.hibernate.SQL - 
    select
        bd1_0.booking_id,
        bd1_0.id,
        bd1_0.bus_capacity,
        bd1_0.bus_company,
        bd1_0.bus_number,
        bd1_0.conductor_name,
        bd1_0.conductor_nic,
        bd1_0.driver_contact,
        bd1_0.driver_license_number,
        bd1_0.driver_name,
        bd1_0.estimated_arrival_time,
        bd1_0.estimated_departure_time 
    from
        bus_details bd1_0 
    where
        bd1_0.booking_id=?
2025-09-24 10:47:25 [http-nio-8080-exec-8] DEBUG org.hibernate.SQL - 
    select
        t1_0.id,
        t1_0.booking_id,
        t1_0.name,
        t1_0.nic 
    from
        teachers t1_0 
    where
        t1_0.booking_id=?
2025-09-24 10:47:25 [http-nio-8080-exec-8] DEBUG org.hibernate.SQL - 
    select
        g1_0.id,
        g1_0.booking_id,
        g1_0.contact_number,
        g1_0.name,
        g1_0.nic 
    from
        guardians g1_0 
    where
        g1_0.booking_id=?
2025-09-24 10:47:25 [http-nio-8080-exec-8] DEBUG org.hibernate.SQL - 
    select
        bd1_0.booking_id,
        bd1_0.id,
        bd1_0.bus_capacity,
        bd1_0.bus_company,
        bd1_0.bus_number,
        bd1_0.conductor_name,
        bd1_0.conductor_nic,
        bd1_0.driver_contact,
        bd1_0.driver_license_number,
        bd1_0.driver_name,
        bd1_0.estimated_arrival_time,
        bd1_0.estimated_departure_time 
    from
        bus_details bd1_0 
    where
        bd1_0.booking_id=?
2025-09-24 10:47:25 [http-nio-8080-exec-8] DEBUG org.hibernate.SQL - 
    select
        t1_0.id,
        t1_0.booking_id,
        t1_0.name,
        t1_0.nic 
    from
        teachers t1_0 
    where
        t1_0.booking_id=?
2025-09-24 10:47:25 [http-nio-8080-exec-8] DEBUG org.hibernate.SQL - 
    select
        g1_0.id,
        g1_0.booking_id,
        g1_0.contact_number,
        g1_0.name,
        g1_0.nic 
    from
        guardians g1_0 
    where
        g1_0.booking_id=?
2025-09-24 10:47:25 [http-nio-8080-exec-8] DEBUG org.hibernate.SQL - 
    select
        bd1_0.booking_id,
        bd1_0.id,
        bd1_0.bus_capacity,
        bd1_0.bus_company,
        bd1_0.bus_number,
        bd1_0.conductor_name,
        bd1_0.conductor_nic,
        bd1_0.driver_contact,
        bd1_0.driver_license_number,
        bd1_0.driver_name,
        bd1_0.estimated_arrival_time,
        bd1_0.estimated_departure_time 
    from
        bus_details bd1_0 
    where
        bd1_0.booking_id=?
2025-09-24 10:47:25 [http-nio-8080-exec-8] DEBUG org.hibernate.SQL - 
    select
        t1_0.id,
        t1_0.booking_id,
        t1_0.name,
        t1_0.nic 
    from
        teachers t1_0 
    where
        t1_0.booking_id=?
2025-09-24 10:47:25 [http-nio-8080-exec-8] DEBUG org.hibernate.SQL - 
    select
        g1_0.id,
        g1_0.booking_id,
        g1_0.contact_number,
        g1_0.name,
        g1_0.nic 
    from
        guardians g1_0 
    where
        g1_0.booking_id=?
2025-09-24 10:47:25 [http-nio-8080-exec-8] DEBUG org.hibernate.SQL - 
    select
        bd1_0.booking_id,
        bd1_0.id,
        bd1_0.bus_capacity,
        bd1_0.bus_company,
        bd1_0.bus_number,
        bd1_0.conductor_name,
        bd1_0.conductor_nic,
        bd1_0.driver_contact,
        bd1_0.driver_license_number,
        bd1_0.driver_name,
        bd1_0.estimated_arrival_time,
        bd1_0.estimated_departure_time 
    from
        bus_details bd1_0 
    where
        bd1_0.booking_id=?
2025-09-24 10:47:25 [http-nio-8080-exec-8] DEBUG org.hibernate.SQL - 
    select
        t1_0.id,
        t1_0.booking_id,
        t1_0.name,
        t1_0.nic 
    from
        teachers t1_0 
    where
        t1_0.booking_id=?
2025-09-24 10:47:25 [http-nio-8080-exec-8] DEBUG org.hibernate.SQL - 
    select
        g1_0.id,
        g1_0.booking_id,
        g1_0.contact_number,
        g1_0.name,
        g1_0.nic 
    from
        guardians g1_0 
    where
        g1_0.booking_id=?
2025-09-24 10:47:25 [http-nio-8080-exec-8] DEBUG org.hibernate.SQL - 
    select
        bd1_0.booking_id,
        bd1_0.id,
        bd1_0.bus_capacity,
        bd1_0.bus_company,
        bd1_0.bus_number,
        bd1_0.conductor_name,
        bd1_0.conductor_nic,
        bd1_0.driver_contact,
        bd1_0.driver_license_number,
        bd1_0.driver_name,
        bd1_0.estimated_arrival_time,
        bd1_0.estimated_departure_time 
    from
        bus_details bd1_0 
    where
        bd1_0.booking_id=?
2025-09-24 10:47:25 [http-nio-8080-exec-8] DEBUG org.hibernate.SQL - 
    select
        t1_0.id,
        t1_0.booking_id,
        t1_0.name,
        t1_0.nic 
    from
        teachers t1_0 
    where
        t1_0.booking_id=?
2025-09-24 10:47:25 [http-nio-8080-exec-8] DEBUG org.hibernate.SQL - 
    select
        g1_0.id,
        g1_0.booking_id,
        g1_0.contact_number,
        g1_0.name,
        g1_0.nic 
    from
        guardians g1_0 
    where
        g1_0.booking_id=?
2025-09-24 10:47:25 [http-nio-8080-exec-8] DEBUG org.hibernate.SQL - 
    select
        bd1_0.booking_id,
        bd1_0.id,
        bd1_0.bus_capacity,
        bd1_0.bus_company,
        bd1_0.bus_number,
        bd1_0.conductor_name,
        bd1_0.conductor_nic,
        bd1_0.driver_contact,
        bd1_0.driver_license_number,
        bd1_0.driver_name,
        bd1_0.estimated_arrival_time,
        bd1_0.estimated_departure_time 
    from
        bus_details bd1_0 
    where
        bd1_0.booking_id=?
2025-09-24 10:47:25 [http-nio-8080-exec-8] DEBUG org.hibernate.SQL - 
    select
        t1_0.id,
        t1_0.booking_id,
        t1_0.name,
        t1_0.nic 
    from
        teachers t1_0 
    where
        t1_0.booking_id=?
2025-09-24 10:47:25 [http-nio-8080-exec-8] DEBUG org.hibernate.SQL - 
    select
        g1_0.id,
        g1_0.booking_id,
        g1_0.contact_number,
        g1_0.name,
        g1_0.nic 
    from
        guardians g1_0 
    where
        g1_0.booking_id=?
2025-09-24 10:47:25 [http-nio-8080-exec-8] DEBUG org.hibernate.SQL - 
    select
        bd1_0.booking_id,
        bd1_0.id,
        bd1_0.bus_capacity,
        bd1_0.bus_company,
        bd1_0.bus_number,
        bd1_0.conductor_name,
        bd1_0.conductor_nic,
        bd1_0.driver_contact,
        bd1_0.driver_license_number,
        bd1_0.driver_name,
        bd1_0.estimated_arrival_time,
        bd1_0.estimated_departure_time 
    from
        bus_details bd1_0 
    where
        bd1_0.booking_id=?
2025-09-24 10:47:25 [http-nio-8080-exec-8] DEBUG org.hibernate.SQL - 
    select
        t1_0.id,
        t1_0.booking_id,
        t1_0.name,
        t1_0.nic 
    from
        teachers t1_0 
    where
        t1_0.booking_id=?
2025-09-24 10:47:25 [http-nio-8080-exec-8] DEBUG org.hibernate.SQL - 
    select
        g1_0.id,
        g1_0.booking_id,
        g1_0.contact_number,
        g1_0.name,
        g1_0.nic 
    from
        guardians g1_0 
    where
        g1_0.booking_id=?
2025-09-24 10:47:25 [http-nio-8080-exec-8] DEBUG org.hibernate.SQL - 
    select
        bd1_0.booking_id,
        bd1_0.id,
        bd1_0.bus_capacity,
        bd1_0.bus_company,
        bd1_0.bus_number,
        bd1_0.conductor_name,
        bd1_0.conductor_nic,
        bd1_0.driver_contact,
        bd1_0.driver_license_number,
        bd1_0.driver_name,
        bd1_0.estimated_arrival_time,
        bd1_0.estimated_departure_time 
    from
        bus_details bd1_0 
    where
        bd1_0.booking_id=?
2025-09-24 10:47:25 [http-nio-8080-exec-8] DEBUG org.hibernate.SQL - 
    select
        t1_0.id,
        t1_0.booking_id,
        t1_0.name,
        t1_0.nic 
    from
        teachers t1_0 
    where
        t1_0.booking_id=?
2025-09-24 10:47:25 [http-nio-8080-exec-8] DEBUG org.hibernate.SQL - 
    select
        g1_0.id,
        g1_0.booking_id,
        g1_0.contact_number,
        g1_0.name,
        g1_0.nic 
    from
        guardians g1_0 
    where
        g1_0.booking_id=?
2025-09-24 10:47:25 [http-nio-8080-exec-8] DEBUG org.hibernate.SQL - 
    select
        bd1_0.booking_id,
        bd1_0.id,
        bd1_0.bus_capacity,
        bd1_0.bus_company,
        bd1_0.bus_number,
        bd1_0.conductor_name,
        bd1_0.conductor_nic,
        bd1_0.driver_contact,
        bd1_0.driver_license_number,
        bd1_0.driver_name,
        bd1_0.estimated_arrival_time,
        bd1_0.estimated_departure_time 
    from
        bus_details bd1_0 
    where
        bd1_0.booking_id=?
2025-09-24 10:47:25 [http-nio-8080-exec-8] DEBUG org.hibernate.SQL - 
    select
        t1_0.id,
        t1_0.booking_id,
        t1_0.name,
        t1_0.nic 
    from
        teachers t1_0 
    where
        t1_0.booking_id=?
2025-09-24 10:47:25 [http-nio-8080-exec-8] DEBUG org.hibernate.SQL - 
    select
        g1_0.id,
        g1_0.booking_id,
        g1_0.contact_number,
        g1_0.name,
        g1_0.nic 
    from
        guardians g1_0 
    where
        g1_0.booking_id=?
2025-09-24 10:47:25 [http-nio-8080-exec-8] DEBUG org.hibernate.SQL - 
    select
        bd1_0.booking_id,
        bd1_0.id,
        bd1_0.bus_capacity,
        bd1_0.bus_company,
        bd1_0.bus_number,
        bd1_0.conductor_name,
        bd1_0.conductor_nic,
        bd1_0.driver_contact,
        bd1_0.driver_license_number,
        bd1_0.driver_name,
        bd1_0.estimated_arrival_time,
        bd1_0.estimated_departure_time 
    from
        bus_details bd1_0 
    where
        bd1_0.booking_id=?
2025-09-24 10:47:25 [http-nio-8080-exec-8] DEBUG org.hibernate.SQL - 
    select
        t1_0.id,
        t1_0.booking_id,
        t1_0.name,
        t1_0.nic 
    from
        teachers t1_0 
    where
        t1_0.booking_id=?
2025-09-24 10:47:25 [http-nio-8080-exec-8] DEBUG org.hibernate.SQL - 
    select
        g1_0.id,
        g1_0.booking_id,
        g1_0.contact_number,
        g1_0.name,
        g1_0.nic 
    from
        guardians g1_0 
    where
        g1_0.booking_id=?
2025-09-24 10:47:25 [http-nio-8080-exec-8] DEBUG org.hibernate.SQL - 
    select
        bd1_0.booking_id,
        bd1_0.id,
        bd1_0.bus_capacity,
        bd1_0.bus_company,
        bd1_0.bus_number,
        bd1_0.conductor_name,
        bd1_0.conductor_nic,
        bd1_0.driver_contact,
        bd1_0.driver_license_number,
        bd1_0.driver_name,
        bd1_0.estimated_arrival_time,
        bd1_0.estimated_departure_time 
    from
        bus_details bd1_0 
    where
        bd1_0.booking_id=?
2025-09-24 10:47:25 [http-nio-8080-exec-8] DEBUG org.hibernate.SQL - 
    select
        t1_0.id,
        t1_0.booking_id,
        t1_0.name,
        t1_0.nic 
    from
        teachers t1_0 
    where
        t1_0.booking_id=?
2025-09-24 10:47:25 [http-nio-8080-exec-8] DEBUG org.hibernate.SQL - 
    select
        g1_0.id,
        g1_0.booking_id,
        g1_0.contact_number,
        g1_0.name,
        g1_0.nic 
    from
        guardians g1_0 
    where
        g1_0.booking_id=?
2025-09-24 10:47:25 [http-nio-8080-exec-8] DEBUG org.hibernate.SQL - 
    select
        bd1_0.booking_id,
        bd1_0.id,
        bd1_0.bus_capacity,
        bd1_0.bus_company,
        bd1_0.bus_number,
        bd1_0.conductor_name,
        bd1_0.conductor_nic,
        bd1_0.driver_contact,
        bd1_0.driver_license_number,
        bd1_0.driver_name,
        bd1_0.estimated_arrival_time,
        bd1_0.estimated_departure_time 
    from
        bus_details bd1_0 
    where
        bd1_0.booking_id=?
2025-09-24 10:47:25 [http-nio-8080-exec-8] DEBUG org.hibernate.SQL - 
    select
        t1_0.id,
        t1_0.booking_id,
        t1_0.name,
        t1_0.nic 
    from
        teachers t1_0 
    where
        t1_0.booking_id=?
2025-09-24 10:47:25 [http-nio-8080-exec-8] DEBUG org.hibernate.SQL - 
    select
        g1_0.id,
        g1_0.booking_id,
        g1_0.contact_number,
        g1_0.name,
        g1_0.nic 
    from
        guardians g1_0 
    where
        g1_0.booking_id=?
2025-09-24 10:47:25 [http-nio-8080-exec-8] DEBUG org.hibernate.SQL - 
    select
        bd1_0.booking_id,
        bd1_0.id,
        bd1_0.bus_capacity,
        bd1_0.bus_company,
        bd1_0.bus_number,
        bd1_0.conductor_name,
        bd1_0.conductor_nic,
        bd1_0.driver_contact,
        bd1_0.driver_license_number,
        bd1_0.driver_name,
        bd1_0.estimated_arrival_time,
        bd1_0.estimated_departure_time 
    from
        bus_details bd1_0 
    where
        bd1_0.booking_id=?
2025-09-24 10:47:25 [http-nio-8080-exec-8] DEBUG org.hibernate.SQL - 
    select
        t1_0.id,
        t1_0.booking_id,
        t1_0.name,
        t1_0.nic 
    from
        teachers t1_0 
    where
        t1_0.booking_id=?
2025-09-24 10:47:25 [http-nio-8080-exec-8] DEBUG org.hibernate.SQL - 
    select
        g1_0.id,
        g1_0.booking_id,
        g1_0.contact_number,
        g1_0.name,
        g1_0.nic 
    from
        guardians g1_0 
    where
        g1_0.booking_id=?
2025-09-24 10:47:25 [http-nio-8080-exec-8] DEBUG org.hibernate.SQL - 
    select
        bd1_0.booking_id,
        bd1_0.id,
        bd1_0.bus_capacity,
        bd1_0.bus_company,
        bd1_0.bus_number,
        bd1_0.conductor_name,
        bd1_0.conductor_nic,
        bd1_0.driver_contact,
        bd1_0.driver_license_number,
        bd1_0.driver_name,
        bd1_0.estimated_arrival_time,
        bd1_0.estimated_departure_time 
    from
        bus_details bd1_0 
    where
        bd1_0.booking_id=?
2025-09-24 10:47:25 [http-nio-8080-exec-8] DEBUG org.hibernate.SQL - 
    select
        t1_0.id,
        t1_0.booking_id,
        t1_0.name,
        t1_0.nic 
    from
        teachers t1_0 
    where
        t1_0.booking_id=?
2025-09-24 10:47:25 [http-nio-8080-exec-8] DEBUG org.hibernate.SQL - 
    select
        g1_0.id,
        g1_0.booking_id,
        g1_0.contact_number,
        g1_0.name,
        g1_0.nic 
    from
        guardians g1_0 
    where
        g1_0.booking_id=?
2025-09-24 10:47:33 [http-nio-8080-exec-2] DEBUG o.s.security.web.FilterChainProxy - Securing PUT /api/bookings/32/status
2025-09-24 10:47:33 [http-nio-8080-exec-2] DEBUG org.hibernate.SQL - 
    select
        u1_0.id,
        u1_0.contact_number,
        u1_0.email,
        u1_0.institution_name,
        u1_0.password,
        u1_0.role,
        u1_0.username 
    from
        users u1_0 
    where
        u1_0.username=?
2025-09-24 10:47:33 [http-nio-8080-exec-2] DEBUG o.s.security.web.FilterChainProxy - Secured PUT /api/bookings/32/status
2025-09-24 10:47:33 [http-nio-8080-exec-2] DEBUG o.s.s.a.m.AuthorizationManagerBeforeMethodInterceptor - Authorizing method invocation ReflectiveMethodInvocation: public org.springframework.http.ResponseEntity com.portbooking.controller.BookingController.updateBookingStatus(java.lang.Long,java.util.Map); target is of class [com.portbooking.controller.BookingController]
2025-09-24 10:47:33 [http-nio-8080-exec-2] DEBUG o.s.s.a.m.AuthorizationManagerBeforeMethodInterceptor - Authorized method invocation ReflectiveMethodInvocation: public org.springframework.http.ResponseEntity com.portbooking.controller.BookingController.updateBookingStatus(java.lang.Long,java.util.Map); target is of class [com.portbooking.controller.BookingController]
2025-09-24 10:47:33 [http-nio-8080-exec-2] DEBUG org.hibernate.SQL - 
    select
        b1_0.id,
        b1_0.contact_email,
        b1_0.created_at,
        b1_0.institution_contact_number,
        b1_0.number_of_students,
        b1_0.number_of_teachers,
        b1_0.purpose_of_visit,
        b1_0.rejection_reason,
        b1_0.special_requirements,
        b1_0.status,
        b1_0.updated_at,
        b1_0.user_id,
        b1_0.visit_date 
    from
        bookings b1_0 
    where
        b1_0.id=?
2025-09-24 10:47:33 [http-nio-8080-exec-2] DEBUG org.hibernate.SQL - 
    select
        u1_0.id,
        u1_0.contact_number,
        u1_0.email,
        u1_0.institution_name,
        u1_0.password,
        u1_0.role,
        u1_0.username 
    from
        users u1_0 
    where
        u1_0.id=?
2025-09-24 10:47:33 [http-nio-8080-exec-2] INFO  c.portbooking.service.BookingService - Sending email notification to: info.thamindu@gmail.com for status: REJECTED
2025-09-24 10:47:33 [http-nio-8080-exec-2] INFO  c.portbooking.service.EmailService - Preparing to send booking notification email to: info.thamindu@gmail.com
2025-09-24 10:47:33 [http-nio-8080-exec-2] DEBUG c.portbooking.service.EmailService - Email body:
Dear KIU,

Your SLPA education visit booking for 2025-10-15 has been REJECTED.

Reason: ersgregeg

Thank you for your interest in our educational program.

Best regards,
SLPA Education Visit Team
2025-09-24 10:47:36 [http-nio-8080-exec-2] ERROR c.portbooking.service.EmailService - Failed to send email notification to: info.thamindu@gmail.com
org.springframework.mail.MailSendException: Mail server connection failed. Failed messages: jakarta.mail.MessagingException: Could not connect to SMTP host: smtp.gmail.com, port: 465;
  nested exception is:
	java.net.SocketTimeoutException: Read timed out
	at org.springframework.mail.javamail.JavaMailSenderImpl.doSend(JavaMailSenderImpl.java:410)
	at org.springframework.mail.javamail.JavaMailSenderImpl.send(JavaMailSenderImpl.java:317)
	at org.springframework.mail.MailSender.send(MailSender.java:42)
	at com.portbooking.service.EmailService.sendBookingNotification(EmailService.java:47)
	at com.portbooking.service.BookingService.updateBookingStatus(BookingService.java:197)
	at com.portbooking.service.BookingService.updateBookingStatusWithReason(BookingService.java:218)
	at java.base/jdk.internal.reflect.DirectMethodHandleAccessor.invoke(DirectMethodHandleAccessor.java:103)
	at java.base/java.lang.reflect.Method.invoke(Method.java:580)
	at org.springframework.aop.support.AopUtils.invokeJoinpointUsingReflection(AopUtils.java:352)
	at org.springframework.aop.framework.ReflectiveMethodInvocation.invokeJoinpoint(ReflectiveMethodInvocation.java:196)
	at org.springframework.aop.framework.ReflectiveMethodInvocation.proceed(ReflectiveMethodInvocation.java:163)
	at org.springframework.aop.framework.CglibAopProxy$CglibMethodInvocation.proceed(CglibAopProxy.java:765)
	at org.springframework.transaction.interceptor.TransactionInterceptor$1.proceedWithInvocation(TransactionInterceptor.java:123)
	at org.springframework.transaction.interceptor.TransactionAspectSupport.invokeWithinTransaction(TransactionAspectSupport.java:385)
	at org.springframework.transaction.interceptor.TransactionInterceptor.invoke(TransactionInterceptor.java:119)
	at org.springframework.aop.framework.ReflectiveMethodInvocation.proceed(ReflectiveMethodInvocation.java:184)
	at org.springframework.aop.framework.CglibAopProxy$CglibMethodInvocation.proceed(CglibAopProxy.java:765)
	at org.springframework.aop.framework.CglibAopProxy$DynamicAdvisedInterceptor.intercept(CglibAopProxy.java:717)
	at com.portbooking.service.BookingService$$SpringCGLIB$$0.updateBookingStatusWithReason(<generated>)
	at com.portbooking.controller.BookingController.updateBookingStatus(BookingController.java:108)
	at java.base/jdk.internal.reflect.DirectMethodHandleAccessor.invoke(DirectMethodHandleAccessor.java:103)
	at java.base/java.lang.reflect.Method.invoke(Method.java:580)
	at org.springframework.aop.support.AopUtils.invokeJoinpointUsingReflection(AopUtils.java:352)
	at org.springframework.aop.framework.ReflectiveMethodInvocation.invokeJoinpoint(ReflectiveMethodInvocation.java:196)
	at org.springframework.aop.framework.ReflectiveMethodInvocation.proceed(ReflectiveMethodInvocation.java:163)
	at org.springframework.aop.framework.CglibAopProxy$CglibMethodInvocation.proceed(CglibAopProxy.java:765)
	at org.springframework.security.authorization.method.AuthorizationManagerBeforeMethodInterceptor.invoke(AuthorizationManagerBeforeMethodInterceptor.java:198)
	at org.springframework.aop.framework.ReflectiveMethodInvocation.proceed(ReflectiveMethodInvocation.java:184)
	at org.springframework.aop.framework.CglibAopProxy$CglibMethodInvocation.proceed(CglibAopProxy.java:765)
	at org.springframework.aop.framework.CglibAopProxy$DynamicAdvisedInterceptor.intercept(CglibAopProxy.java:717)
	at com.portbooking.controller.BookingController$$SpringCGLIB$$0.updateBookingStatus(<generated>)
	at java.base/jdk.internal.reflect.DirectMethodHandleAccessor.invoke(DirectMethodHandleAccessor.java:103)
	at java.base/java.lang.reflect.Method.invoke(Method.java:580)
	at org.springframework.web.method.support.InvocableHandlerMethod.doInvoke(InvocableHandlerMethod.java:254)
	at org.springframework.web.method.support.InvocableHandlerMethod.invokeForRequest(InvocableHandlerMethod.java:182)
	at org.springframework.web.servlet.mvc.method.annotation.ServletInvocableHandlerMethod.invokeAndHandle(ServletInvocableHandlerMethod.java:118)
	at org.springframework.web.servlet.mvc.method.annotation.RequestMappingHandlerAdapter.invokeHandlerMethod(RequestMappingHandlerAdapter.java:917)
	at org.springframework.web.servlet.mvc.method.annotation.RequestMappingHandlerAdapter.handleInternal(RequestMappingHandlerAdapter.java:829)
	at org.springframework.web.servlet.mvc.method.AbstractHandlerMethodAdapter.handle(AbstractHandlerMethodAdapter.java:87)
	at org.springframework.web.servlet.DispatcherServlet.doDispatch(DispatcherServlet.java:1089)
	at org.springframework.web.servlet.DispatcherServlet.doService(DispatcherServlet.java:979)
	at org.springframework.web.servlet.FrameworkServlet.processRequest(FrameworkServlet.java:1014)
	at org.springframework.web.servlet.FrameworkServlet.doPut(FrameworkServlet.java:925)
	at jakarta.servlet.http.HttpServlet.service(HttpServlet.java:593)
	at org.springframework.web.servlet.FrameworkServlet.service(FrameworkServlet.java:885)
	at jakarta.servlet.http.HttpServlet.service(HttpServlet.java:658)
	at org.apache.catalina.core.ApplicationFilterChain.internalDoFilter(ApplicationFilterChain.java:205)
	at org.apache.catalina.core.ApplicationFilterChain.doFilter(ApplicationFilterChain.java:149)
	at org.apache.tomcat.websocket.server.WsFilter.doFilter(WsFilter.java:51)
	at org.apache.catalina.core.ApplicationFilterChain.internalDoFilter(ApplicationFilterChain.java:174)
	at org.apache.catalina.core.ApplicationFilterChain.doFilter(ApplicationFilterChain.java:149)
	at org.springframework.web.filter.OncePerRequestFilter.doFilter(OncePerRequestFilter.java:110)
	at org.apache.catalina.core.ApplicationFilterChain.internalDoFilter(ApplicationFilterChain.java:174)
	at org.apache.catalina.core.ApplicationFilterChain.doFilter(ApplicationFilterChain.java:149)
	at org.springframework.security.web.FilterChainProxy.lambda$doFilterInternal$3(FilterChainProxy.java:231)
	at org.springframework.security.web.ObservationFilterChainDecorator$FilterObservation$SimpleFilterObservation.lambda$wrap$1(ObservationFilterChainDecorator.java:479)
	at org.springframework.security.web.ObservationFilterChainDecorator$AroundFilterObservation$SimpleAroundFilterObservation.lambda$wrap$1(ObservationFilterChainDecorator.java:340)
	at org.springframework.security.web.ObservationFilterChainDecorator.lambda$wrapSecured$0(ObservationFilterChainDecorator.java:82)
	at org.springframework.security.web.ObservationFilterChainDecorator$VirtualFilterChain.doFilter(ObservationFilterChainDecorator.java:128)
	at org.springframework.security.web.access.intercept.AuthorizationFilter.doFilter(AuthorizationFilter.java:100)
	at org.springframework.security.web.ObservationFilterChainDecorator$ObservationFilter.wrapFilter(ObservationFilterChainDecorator.java:240)
	at org.springframework.security.web.ObservationFilterChainDecorator$ObservationFilter.doFilter(ObservationFilterChainDecorator.java:227)
	at org.springframework.security.web.ObservationFilterChainDecorator$VirtualFilterChain.doFilter(ObservationFilterChainDecorator.java:137)
	at org.springframework.security.web.access.ExceptionTranslationFilter.doFilter(ExceptionTranslationFilter.java:126)
	at org.springframework.security.web.access.ExceptionTranslationFilter.doFilter(ExceptionTranslationFilter.java:120)
	at org.springframework.security.web.ObservationFilterChainDecorator$ObservationFilter.wrapFilter(ObservationFilterChainDecorator.java:240)
	at org.springframework.security.web.ObservationFilterChainDecorator$ObservationFilter.doFilter(ObservationFilterChainDecorator.java:227)
	at org.springframework.security.web.ObservationFilterChainDecorator$VirtualFilterChain.doFilter(ObservationFilterChainDecorator.java:137)
	at org.springframework.security.web.session.SessionManagementFilter.doFilter(SessionManagementFilter.java:131)
	at org.springframework.security.web.session.SessionManagementFilter.doFilter(SessionManagementFilter.java:85)
	at org.springframework.security.web.ObservationFilterChainDecorator$ObservationFilter.wrapFilter(ObservationFilterChainDecorator.java:240)
	at org.springframework.security.web.ObservationFilterChainDecorator$ObservationFilter.doFilter(ObservationFilterChainDecorator.java:227)
	at org.springframework.security.web.ObservationFilterChainDecorator$VirtualFilterChain.doFilter(ObservationFilterChainDecorator.java:137)
	at org.springframework.security.web.authentication.AnonymousAuthenticationFilter.doFilter(AnonymousAuthenticationFilter.java:100)
	at org.springframework.security.web.ObservationFilterChainDecorator$ObservationFilter.wrapFilter(ObservationFilterChainDecorator.java:240)
	at org.springframework.security.web.ObservationFilterChainDecorator$ObservationFilter.doFilter(ObservationFilterChainDecorator.java:227)
	at org.springframework.security.web.ObservationFilterChainDecorator$VirtualFilterChain.doFilter(ObservationFilterChainDecorator.java:137)
	at org.springframework.security.web.servletapi.SecurityContextHolderAwareRequestFilter.doFilter(SecurityContextHolderAwareRequestFilter.java:179)
	at org.springframework.security.web.ObservationFilterChainDecorator$ObservationFilter.wrapFilter(ObservationFilterChainDecorator.java:240)
	at org.springframework.security.web.ObservationFilterChainDecorator$ObservationFilter.doFilter(ObservationFilterChainDecorator.java:227)
	at org.springframework.security.web.ObservationFilterChainDecorator$VirtualFilterChain.doFilter(ObservationFilterChainDecorator.java:137)
	at org.springframework.security.web.savedrequest.RequestCacheAwareFilter.doFilter(RequestCacheAwareFilter.java:63)
	at org.springframework.security.web.ObservationFilterChainDecorator$ObservationFilter.wrapFilter(ObservationFilterChainDecorator.java:240)
	at org.springframework.security.web.ObservationFilterChainDecorator$ObservationFilter.doFilter(ObservationFilterChainDecorator.java:227)
	at org.springframework.security.web.ObservationFilterChainDecorator$VirtualFilterChain.doFilter(ObservationFilterChainDecorator.java:137)
	at com.portbooking.security.AuthTokenFilter.doFilterInternal(AuthTokenFilter.java:59)
	at org.springframework.web.filter.OncePerRequestFilter.doFilter(OncePerRequestFilter.java:116)
	at org.springframework.security.web.ObservationFilterChainDecorator$ObservationFilter.wrapFilter(ObservationFilterChainDecorator.java:240)
	at org.springframework.security.web.ObservationFilterChainDecorator$ObservationFilter.doFilter(ObservationFilterChainDecorator.java:227)
	at org.springframework.security.web.ObservationFilterChainDecorator$VirtualFilterChain.doFilter(ObservationFilterChainDecorator.java:137)
	at org.springframework.security.web.authentication.logout.LogoutFilter.doFilter(LogoutFilter.java:107)
	at org.springframework.security.web.authentication.logout.LogoutFilter.doFilter(LogoutFilter.java:93)
	at org.springframework.security.web.ObservationFilterChainDecorator$ObservationFilter.wrapFilter(ObservationFilterChainDecorator.java:240)
	at org.springframework.security.web.ObservationFilterChainDecorator$ObservationFilter.doFilter(ObservationFilterChainDecorator.java:227)
	at org.springframework.security.web.ObservationFilterChainDecorator$VirtualFilterChain.doFilter(ObservationFilterChainDecorator.java:137)
	at org.springframework.web.filter.CorsFilter.doFilterInternal(CorsFilter.java:91)
	at org.springframework.web.filter.OncePerRequestFilter.doFilter(OncePerRequestFilter.java:116)
	at org.springframework.security.web.ObservationFilterChainDecorator$ObservationFilter.wrapFilter(ObservationFilterChainDecorator.java:240)
	at org.springframework.security.web.ObservationFilterChainDecorator$ObservationFilter.doFilter(ObservationFilterChainDecorator.java:227)
	at org.springframework.security.web.ObservationFilterChainDecorator$VirtualFilterChain.doFilter(ObservationFilterChainDecorator.java:137)
	at org.springframework.security.web.header.HeaderWriterFilter.doHeadersAfter(HeaderWriterFilter.java:90)
	at org.springframework.security.web.header.HeaderWriterFilter.doFilterInternal(HeaderWriterFilter.java:75)
	at org.springframework.web.filter.OncePerRequestFilter.doFilter(OncePerRequestFilter.java:116)
	at org.springframework.security.web.ObservationFilterChainDecorator$ObservationFilter.wrapFilter(ObservationFilterChainDecorator.java:240)
	at org.springframework.security.web.ObservationFilterChainDecorator$ObservationFilter.doFilter(ObservationFilterChainDecorator.java:227)
	at org.springframework.security.web.ObservationFilterChainDecorator$VirtualFilterChain.doFilter(ObservationFilterChainDecorator.java:137)
	at org.springframework.security.web.context.SecurityContextHolderFilter.doFilter(SecurityContextHolderFilter.java:82)
	at org.springframework.security.web.context.SecurityContextHolderFilter.doFilter(SecurityContextHolderFilter.java:69)
	at org.springframework.security.web.ObservationFilterChainDecorator$ObservationFilter.wrapFilter(ObservationFilterChainDecorator.java:240)
	at org.springframework.security.web.ObservationFilterChainDecorator$ObservationFilter.doFilter(ObservationFilterChainDecorator.java:227)
	at org.springframework.security.web.ObservationFilterChainDecorator$VirtualFilterChain.doFilter(ObservationFilterChainDecorator.java:137)
	at org.springframework.security.web.context.request.async.WebAsyncManagerIntegrationFilter.doFilterInternal(WebAsyncManagerIntegrationFilter.java:62)
	at org.springframework.web.filter.OncePerRequestFilter.doFilter(OncePerRequestFilter.java:116)
	at org.springframework.security.web.ObservationFilterChainDecorator$ObservationFilter.wrapFilter(ObservationFilterChainDecorator.java:240)
	at org.springframework.security.web.ObservationFilterChainDecorator$ObservationFilter.doFilter(ObservationFilterChainDecorator.java:227)
	at org.springframework.security.web.ObservationFilterChainDecorator$VirtualFilterChain.doFilter(ObservationFilterChainDecorator.java:137)
	at org.springframework.security.web.session.DisableEncodeUrlFilter.doFilterInternal(DisableEncodeUrlFilter.java:42)
	at org.springframework.web.filter.OncePerRequestFilter.doFilter(OncePerRequestFilter.java:116)
	at org.springframework.security.web.ObservationFilterChainDecorator$ObservationFilter.wrapFilter(ObservationFilterChainDecorator.java:240)
	at org.springframework.security.web.ObservationFilterChainDecorator$AroundFilterObservation$SimpleAroundFilterObservation.lambda$wrap$0(ObservationFilterChainDecorator.java:323)
	at org.springframework.security.web.ObservationFilterChainDecorator$ObservationFilter.doFilter(ObservationFilterChainDecorator.java:224)
	at org.springframework.security.web.ObservationFilterChainDecorator$VirtualFilterChain.doFilter(ObservationFilterChainDecorator.java:137)
	at org.springframework.security.web.FilterChainProxy.doFilterInternal(FilterChainProxy.java:233)
	at org.springframework.security.web.FilterChainProxy.doFilter(FilterChainProxy.java:191)
	at org.springframework.web.filter.DelegatingFilterProxy.invokeDelegate(DelegatingFilterProxy.java:352)
	at org.springframework.web.filter.DelegatingFilterProxy.doFilter(DelegatingFilterProxy.java:268)
	at org.apache.catalina.core.ApplicationFilterChain.internalDoFilter(ApplicationFilterChain.java:174)
	at org.apache.catalina.core.ApplicationFilterChain.doFilter(ApplicationFilterChain.java:149)
	at org.springframework.web.filter.RequestContextFilter.doFilterInternal(RequestContextFilter.java:100)
	at org.springframework.web.filter.OncePerRequestFilter.doFilter(OncePerRequestFilter.java:116)
	at org.apache.catalina.core.ApplicationFilterChain.internalDoFilter(ApplicationFilterChain.java:174)
	at org.apache.catalina.core.ApplicationFilterChain.doFilter(ApplicationFilterChain.java:149)
	at org.springframework.web.filter.FormContentFilter.doFilterInternal(FormContentFilter.java:93)
	at org.springframework.web.filter.OncePerRequestFilter.doFilter(OncePerRequestFilter.java:116)
	at org.apache.catalina.core.ApplicationFilterChain.internalDoFilter(ApplicationFilterChain.java:174)
	at org.apache.catalina.core.ApplicationFilterChain.doFilter(ApplicationFilterChain.java:149)
	at org.springframework.web.filter.ServerHttpObservationFilter.doFilterInternal(ServerHttpObservationFilter.java:109)
	at org.springframework.web.filter.OncePerRequestFilter.doFilter(OncePerRequestFilter.java:116)
	at org.apache.catalina.core.ApplicationFilterChain.internalDoFilter(ApplicationFilterChain.java:174)
	at org.apache.catalina.core.ApplicationFilterChain.doFilter(ApplicationFilterChain.java:149)
	at org.springframework.web.filter.CharacterEncodingFilter.doFilterInternal(CharacterEncodingFilter.java:201)
	at org.springframework.web.filter.OncePerRequestFilter.doFilter(OncePerRequestFilter.java:116)
	at org.apache.catalina.core.ApplicationFilterChain.internalDoFilter(ApplicationFilterChain.java:174)
	at org.apache.catalina.core.ApplicationFilterChain.doFilter(ApplicationFilterChain.java:149)
	at org.apache.catalina.core.StandardWrapperValve.invoke(StandardWrapperValve.java:167)
	at org.apache.catalina.core.StandardContextValve.invoke(StandardContextValve.java:90)
	at org.apache.catalina.authenticator.AuthenticatorBase.invoke(AuthenticatorBase.java:482)
	at org.apache.catalina.core.StandardHostValve.invoke(StandardHostValve.java:115)
	at org.apache.catalina.valves.ErrorReportValve.invoke(ErrorReportValve.java:93)
	at org.apache.catalina.core.StandardEngineValve.invoke(StandardEngineValve.java:74)
	at org.apache.catalina.connector.CoyoteAdapter.service(CoyoteAdapter.java:340)
	at org.apache.coyote.http11.Http11Processor.service(Http11Processor.java:391)
	at org.apache.coyote.AbstractProcessorLight.process(AbstractProcessorLight.java:63)
	at org.apache.coyote.AbstractProtocol$ConnectionHandler.process(AbstractProtocol.java:896)
	at org.apache.tomcat.util.net.NioEndpoint$SocketProcessor.doRun(NioEndpoint.java:1744)
	at org.apache.tomcat.util.net.SocketProcessorBase.run(SocketProcessorBase.java:52)
	at org.apache.tomcat.util.threads.ThreadPoolExecutor.runWorker(ThreadPoolExecutor.java:1191)
	at org.apache.tomcat.util.threads.ThreadPoolExecutor$Worker.run(ThreadPoolExecutor.java:659)
	at org.apache.tomcat.util.threads.TaskThread$WrappingRunnable.run(TaskThread.java:61)
	at java.base/java.lang.Thread.run(Thread.java:1570)
Caused by: jakarta.mail.MessagingException: Could not connect to SMTP host: smtp.gmail.com, port: 465
	at org.eclipse.angus.mail.smtp.SMTPTransport.openServer(SMTPTransport.java:2245)
	at org.eclipse.angus.mail.smtp.SMTPTransport.protocolConnect(SMTPTransport.java:729)
	at jakarta.mail.Service.connect(Service.java:345)
	at org.springframework.mail.javamail.JavaMailSenderImpl.connectTransport(JavaMailSenderImpl.java:480)
	at org.springframework.mail.javamail.JavaMailSenderImpl.doSend(JavaMailSenderImpl.java:399)
	... 159 common frames omitted
Caused by: java.net.SocketTimeoutException: Read timed out
	at java.base/sun.nio.ch.NioSocketImpl.timedRead(NioSocketImpl.java:278)
	at java.base/sun.nio.ch.NioSocketImpl.implRead(NioSocketImpl.java:304)
	at java.base/sun.nio.ch.NioSocketImpl.read(NioSocketImpl.java:346)
	at java.base/sun.nio.ch.NioSocketImpl$1.read(NioSocketImpl.java:796)
	at java.base/java.net.Socket$SocketInputStream.implRead(Socket.java:1108)
	at java.base/java.net.Socket$SocketInputStream.read(Socket.java:1095)
	at java.base/sun.security.ssl.SSLSocketInputRecord.read(SSLSocketInputRecord.java:489)
	at java.base/sun.security.ssl.SSLSocketInputRecord.readHeader(SSLSocketInputRecord.java:483)
	at java.base/sun.security.ssl.SSLSocketInputRecord.decode(SSLSocketInputRecord.java:160)
	at java.base/sun.security.ssl.SSLTransport.decode(SSLTransport.java:111)
	at java.base/sun.security.ssl.SSLSocketImpl.decode(SSLSocketImpl.java:1507)
	at java.base/sun.security.ssl.SSLSocketImpl.readHandshakeRecord(SSLSocketImpl.java:1422)
	at java.base/sun.security.ssl.SSLSocketImpl.startHandshake(SSLSocketImpl.java:455)
	at java.base/sun.security.ssl.SSLSocketImpl.startHandshake(SSLSocketImpl.java:426)
	at org.eclipse.angus.mail.util.SocketFetcher.configureSSLSocket(SocketFetcher.java:628)
	at org.eclipse.angus.mail.util.SocketFetcher.createSocket(SocketFetcher.java:401)
	at org.eclipse.angus.mail.util.SocketFetcher.getSocket(SocketFetcher.java:235)
	at org.eclipse.angus.mail.smtp.SMTPTransport.openServer(SMTPTransport.java:2193)
	... 163 common frames omitted
2025-09-24 10:47:36 [http-nio-8080-exec-2] WARN  c.portbooking.service.BookingService - Email notification failed for booking status update: Mail server connection failed. Failed messages: jakarta.mail.MessagingException: Could not connect to SMTP host: smtp.gmail.com, port: 465;
  nested exception is:
	java.net.SocketTimeoutException: Read timed out
2025-09-24 10:47:36 [http-nio-8080-exec-2] DEBUG org.hibernate.SQL - 
    select
        bd1_0.booking_id,
        bd1_0.id,
        bd1_0.bus_capacity,
        bd1_0.bus_company,
        bd1_0.bus_number,
        bd1_0.conductor_name,
        bd1_0.conductor_nic,
        bd1_0.driver_contact,
        bd1_0.driver_license_number,
        bd1_0.driver_name,
        bd1_0.estimated_arrival_time,
        bd1_0.estimated_departure_time 
    from
        bus_details bd1_0 
    where
        bd1_0.booking_id=?
2025-09-24 10:47:36 [http-nio-8080-exec-2] DEBUG org.hibernate.SQL - 
    select
        t1_0.id,
        t1_0.booking_id,
        t1_0.name,
        t1_0.nic 
    from
        teachers t1_0 
    where
        t1_0.booking_id=?
2025-09-24 10:47:36 [http-nio-8080-exec-2] DEBUG org.hibernate.SQL - 
    select
        g1_0.id,
        g1_0.booking_id,
        g1_0.contact_number,
        g1_0.name,
        g1_0.nic 
    from
        guardians g1_0 
    where
        g1_0.booking_id=?
2025-09-24 10:47:36 [http-nio-8080-exec-2] DEBUG org.hibernate.SQL - 
    update
        bookings 
    set
        contact_email=?,
        created_at=?,
        institution_contact_number=?,
        number_of_students=?,
        number_of_teachers=?,
        purpose_of_visit=?,
        rejection_reason=?,
        special_requirements=?,
        status=?,
        updated_at=?,
        user_id=?,
        visit_date=? 
    where
        id=?
2025-09-24 10:47:37 [http-nio-8080-exec-3] DEBUG o.s.security.web.FilterChainProxy - Securing GET /api/bookings
2025-09-24 10:47:37 [http-nio-8080-exec-3] DEBUG org.hibernate.SQL - 
    select
        u1_0.id,
        u1_0.contact_number,
        u1_0.email,
        u1_0.institution_name,
        u1_0.password,
        u1_0.role,
        u1_0.username 
    from
        users u1_0 
    where
        u1_0.username=?
2025-09-24 10:47:37 [http-nio-8080-exec-3] DEBUG o.s.security.web.FilterChainProxy - Secured GET /api/bookings
2025-09-24 10:47:37 [http-nio-8080-exec-3] DEBUG o.s.s.a.m.AuthorizationManagerBeforeMethodInterceptor - Authorizing method invocation ReflectiveMethodInvocation: public org.springframework.http.ResponseEntity com.portbooking.controller.BookingController.getAllBookings(); target is of class [com.portbooking.controller.BookingController]
2025-09-24 10:47:37 [http-nio-8080-exec-3] DEBUG o.s.s.a.m.AuthorizationManagerBeforeMethodInterceptor - Authorized method invocation ReflectiveMethodInvocation: public org.springframework.http.ResponseEntity com.portbooking.controller.BookingController.getAllBookings(); target is of class [com.portbooking.controller.BookingController]
2025-09-24 10:47:37 [http-nio-8080-exec-3] DEBUG org.hibernate.SQL - 
    select
        b1_0.id,
        b1_0.contact_email,
        b1_0.created_at,
        b1_0.institution_contact_number,
        b1_0.number_of_students,
        b1_0.number_of_teachers,
        b1_0.purpose_of_visit,
        b1_0.rejection_reason,
        b1_0.special_requirements,
        b1_0.status,
        b1_0.updated_at,
        b1_0.user_id,
        b1_0.visit_date 
    from
        bookings b1_0
2025-09-24 10:47:37 [http-nio-8080-exec-3] DEBUG org.hibernate.SQL - 
    select
        u1_0.id,
        u1_0.contact_number,
        u1_0.email,
        u1_0.institution_name,
        u1_0.password,
        u1_0.role,
        u1_0.username 
    from
        users u1_0 
    where
        u1_0.id=?
2025-09-24 10:47:37 [http-nio-8080-exec-3] DEBUG org.hibernate.SQL - 
    select
        bd1_0.booking_id,
        bd1_0.id,
        bd1_0.bus_capacity,
        bd1_0.bus_company,
        bd1_0.bus_number,
        bd1_0.conductor_name,
        bd1_0.conductor_nic,
        bd1_0.driver_contact,
        bd1_0.driver_license_number,
        bd1_0.driver_name,
        bd1_0.estimated_arrival_time,
        bd1_0.estimated_departure_time 
    from
        bus_details bd1_0 
    where
        bd1_0.booking_id=?
2025-09-24 10:47:37 [http-nio-8080-exec-3] DEBUG org.hibernate.SQL - 
    select
        t1_0.id,
        t1_0.booking_id,
        t1_0.name,
        t1_0.nic 
    from
        teachers t1_0 
    where
        t1_0.booking_id=?
2025-09-24 10:47:37 [http-nio-8080-exec-3] DEBUG org.hibernate.SQL - 
    select
        g1_0.id,
        g1_0.booking_id,
        g1_0.contact_number,
        g1_0.name,
        g1_0.nic 
    from
        guardians g1_0 
    where
        g1_0.booking_id=?
2025-09-24 10:47:37 [http-nio-8080-exec-3] DEBUG org.hibernate.SQL - 
    select
        u1_0.id,
        u1_0.contact_number,
        u1_0.email,
        u1_0.institution_name,
        u1_0.password,
        u1_0.role,
        u1_0.username 
    from
        users u1_0 
    where
        u1_0.id=?
2025-09-24 10:47:37 [http-nio-8080-exec-3] DEBUG org.hibernate.SQL - 
    select
        bd1_0.booking_id,
        bd1_0.id,
        bd1_0.bus_capacity,
        bd1_0.bus_company,
        bd1_0.bus_number,
        bd1_0.conductor_name,
        bd1_0.conductor_nic,
        bd1_0.driver_contact,
        bd1_0.driver_license_number,
        bd1_0.driver_name,
        bd1_0.estimated_arrival_time,
        bd1_0.estimated_departure_time 
    from
        bus_details bd1_0 
    where
        bd1_0.booking_id=?
2025-09-24 10:47:37 [http-nio-8080-exec-3] DEBUG org.hibernate.SQL - 
    select
        t1_0.id,
        t1_0.booking_id,
        t1_0.name,
        t1_0.nic 
    from
        teachers t1_0 
    where
        t1_0.booking_id=?
2025-09-24 10:47:37 [http-nio-8080-exec-3] DEBUG org.hibernate.SQL - 
    select
        g1_0.id,
        g1_0.booking_id,
        g1_0.contact_number,
        g1_0.name,
        g1_0.nic 
    from
        guardians g1_0 
    where
        g1_0.booking_id=?
2025-09-24 10:47:37 [http-nio-8080-exec-3] DEBUG org.hibernate.SQL - 
    select
        u1_0.id,
        u1_0.contact_number,
        u1_0.email,
        u1_0.institution_name,
        u1_0.password,
        u1_0.role,
        u1_0.username 
    from
        users u1_0 
    where
        u1_0.id=?
2025-09-24 10:47:37 [http-nio-8080-exec-3] DEBUG org.hibernate.SQL - 
    select
        bd1_0.booking_id,
        bd1_0.id,
        bd1_0.bus_capacity,
        bd1_0.bus_company,
        bd1_0.bus_number,
        bd1_0.conductor_name,
        bd1_0.conductor_nic,
        bd1_0.driver_contact,
        bd1_0.driver_license_number,
        bd1_0.driver_name,
        bd1_0.estimated_arrival_time,
        bd1_0.estimated_departure_time 
    from
        bus_details bd1_0 
    where
        bd1_0.booking_id=?
2025-09-24 10:47:37 [http-nio-8080-exec-3] DEBUG org.hibernate.SQL - 
    select
        t1_0.id,
        t1_0.booking_id,
        t1_0.name,
        t1_0.nic 
    from
        teachers t1_0 
    where
        t1_0.booking_id=?
2025-09-24 10:47:37 [http-nio-8080-exec-3] DEBUG org.hibernate.SQL - 
    select
        g1_0.id,
        g1_0.booking_id,
        g1_0.contact_number,
        g1_0.name,
        g1_0.nic 
    from
        guardians g1_0 
    where
        g1_0.booking_id=?
2025-09-24 10:47:37 [http-nio-8080-exec-3] DEBUG org.hibernate.SQL - 
    select
        u1_0.id,
        u1_0.contact_number,
        u1_0.email,
        u1_0.institution_name,
        u1_0.password,
        u1_0.role,
        u1_0.username 
    from
        users u1_0 
    where
        u1_0.id=?
2025-09-24 10:47:37 [http-nio-8080-exec-3] DEBUG org.hibernate.SQL - 
    select
        bd1_0.booking_id,
        bd1_0.id,
        bd1_0.bus_capacity,
        bd1_0.bus_company,
        bd1_0.bus_number,
        bd1_0.conductor_name,
        bd1_0.conductor_nic,
        bd1_0.driver_contact,
        bd1_0.driver_license_number,
        bd1_0.driver_name,
        bd1_0.estimated_arrival_time,
        bd1_0.estimated_departure_time 
    from
        bus_details bd1_0 
    where
        bd1_0.booking_id=?
2025-09-24 10:47:37 [http-nio-8080-exec-3] DEBUG org.hibernate.SQL - 
    select
        t1_0.id,
        t1_0.booking_id,
        t1_0.name,
        t1_0.nic 
    from
        teachers t1_0 
    where
        t1_0.booking_id=?
2025-09-24 10:47:37 [http-nio-8080-exec-3] DEBUG org.hibernate.SQL - 
    select
        g1_0.id,
        g1_0.booking_id,
        g1_0.contact_number,
        g1_0.name,
        g1_0.nic 
    from
        guardians g1_0 
    where
        g1_0.booking_id=?
2025-09-24 10:47:37 [http-nio-8080-exec-3] DEBUG org.hibernate.SQL - 
    select
        bd1_0.booking_id,
        bd1_0.id,
        bd1_0.bus_capacity,
        bd1_0.bus_company,
        bd1_0.bus_number,
        bd1_0.conductor_name,
        bd1_0.conductor_nic,
        bd1_0.driver_contact,
        bd1_0.driver_license_number,
        bd1_0.driver_name,
        bd1_0.estimated_arrival_time,
        bd1_0.estimated_departure_time 
    from
        bus_details bd1_0 
    where
        bd1_0.booking_id=?
2025-09-24 10:47:37 [http-nio-8080-exec-3] DEBUG org.hibernate.SQL - 
    select
        t1_0.id,
        t1_0.booking_id,
        t1_0.name,
        t1_0.nic 
    from
        teachers t1_0 
    where
        t1_0.booking_id=?
2025-09-24 10:47:37 [http-nio-8080-exec-3] DEBUG org.hibernate.SQL - 
    select
        g1_0.id,
        g1_0.booking_id,
        g1_0.contact_number,
        g1_0.name,
        g1_0.nic 
    from
        guardians g1_0 
    where
        g1_0.booking_id=?
2025-09-24 10:47:37 [http-nio-8080-exec-3] DEBUG org.hibernate.SQL - 
    select
        bd1_0.booking_id,
        bd1_0.id,
        bd1_0.bus_capacity,
        bd1_0.bus_company,
        bd1_0.bus_number,
        bd1_0.conductor_name,
        bd1_0.conductor_nic,
        bd1_0.driver_contact,
        bd1_0.driver_license_number,
        bd1_0.driver_name,
        bd1_0.estimated_arrival_time,
        bd1_0.estimated_departure_time 
    from
        bus_details bd1_0 
    where
        bd1_0.booking_id=?
2025-09-24 10:47:37 [http-nio-8080-exec-3] DEBUG org.hibernate.SQL - 
    select
        t1_0.id,
        t1_0.booking_id,
        t1_0.name,
        t1_0.nic 
    from
        teachers t1_0 
    where
        t1_0.booking_id=?
2025-09-24 10:47:37 [http-nio-8080-exec-3] DEBUG org.hibernate.SQL - 
    select
        g1_0.id,
        g1_0.booking_id,
        g1_0.contact_number,
        g1_0.name,
        g1_0.nic 
    from
        guardians g1_0 
    where
        g1_0.booking_id=?
2025-09-24 10:47:37 [http-nio-8080-exec-3] DEBUG org.hibernate.SQL - 
    select
        bd1_0.booking_id,
        bd1_0.id,
        bd1_0.bus_capacity,
        bd1_0.bus_company,
        bd1_0.bus_number,
        bd1_0.conductor_name,
        bd1_0.conductor_nic,
        bd1_0.driver_contact,
        bd1_0.driver_license_number,
        bd1_0.driver_name,
        bd1_0.estimated_arrival_time,
        bd1_0.estimated_departure_time 
    from
        bus_details bd1_0 
    where
        bd1_0.booking_id=?
2025-09-24 10:47:37 [http-nio-8080-exec-3] DEBUG org.hibernate.SQL - 
    select
        t1_0.id,
        t1_0.booking_id,
        t1_0.name,
        t1_0.nic 
    from
        teachers t1_0 
    where
        t1_0.booking_id=?
2025-09-24 10:47:37 [http-nio-8080-exec-3] DEBUG org.hibernate.SQL - 
    select
        g1_0.id,
        g1_0.booking_id,
        g1_0.contact_number,
        g1_0.name,
        g1_0.nic 
    from
        guardians g1_0 
    where
        g1_0.booking_id=?
2025-09-24 10:47:37 [http-nio-8080-exec-3] DEBUG org.hibernate.SQL - 
    select
        bd1_0.booking_id,
        bd1_0.id,
        bd1_0.bus_capacity,
        bd1_0.bus_company,
        bd1_0.bus_number,
        bd1_0.conductor_name,
        bd1_0.conductor_nic,
        bd1_0.driver_contact,
        bd1_0.driver_license_number,
        bd1_0.driver_name,
        bd1_0.estimated_arrival_time,
        bd1_0.estimated_departure_time 
    from
        bus_details bd1_0 
    where
        bd1_0.booking_id=?
2025-09-24 10:47:37 [http-nio-8080-exec-3] DEBUG org.hibernate.SQL - 
    select
        t1_0.id,
        t1_0.booking_id,
        t1_0.name,
        t1_0.nic 
    from
        teachers t1_0 
    where
        t1_0.booking_id=?
2025-09-24 10:47:37 [http-nio-8080-exec-3] DEBUG org.hibernate.SQL - 
    select
        g1_0.id,
        g1_0.booking_id,
        g1_0.contact_number,
        g1_0.name,
        g1_0.nic 
    from
        guardians g1_0 
    where
        g1_0.booking_id=?
2025-09-24 10:47:37 [http-nio-8080-exec-3] DEBUG org.hibernate.SQL - 
    select
        u1_0.id,
        u1_0.contact_number,
        u1_0.email,
        u1_0.institution_name,
        u1_0.password,
        u1_0.role,
        u1_0.username 
    from
        users u1_0 
    where
        u1_0.id=?
2025-09-24 10:47:37 [http-nio-8080-exec-3] DEBUG org.hibernate.SQL - 
    select
        bd1_0.booking_id,
        bd1_0.id,
        bd1_0.bus_capacity,
        bd1_0.bus_company,
        bd1_0.bus_number,
        bd1_0.conductor_name,
        bd1_0.conductor_nic,
        bd1_0.driver_contact,
        bd1_0.driver_license_number,
        bd1_0.driver_name,
        bd1_0.estimated_arrival_time,
        bd1_0.estimated_departure_time 
    from
        bus_details bd1_0 
    where
        bd1_0.booking_id=?
2025-09-24 10:47:37 [http-nio-8080-exec-3] DEBUG org.hibernate.SQL - 
    select
        t1_0.id,
        t1_0.booking_id,
        t1_0.name,
        t1_0.nic 
    from
        teachers t1_0 
    where
        t1_0.booking_id=?
2025-09-24 10:47:37 [http-nio-8080-exec-3] DEBUG org.hibernate.SQL - 
    select
        g1_0.id,
        g1_0.booking_id,
        g1_0.contact_number,
        g1_0.name,
        g1_0.nic 
    from
        guardians g1_0 
    where
        g1_0.booking_id=?
2025-09-24 10:47:37 [http-nio-8080-exec-3] DEBUG org.hibernate.SQL - 
    select
        bd1_0.booking_id,
        bd1_0.id,
        bd1_0.bus_capacity,
        bd1_0.bus_company,
        bd1_0.bus_number,
        bd1_0.conductor_name,
        bd1_0.conductor_nic,
        bd1_0.driver_contact,
        bd1_0.driver_license_number,
        bd1_0.driver_name,
        bd1_0.estimated_arrival_time,
        bd1_0.estimated_departure_time 
    from
        bus_details bd1_0 
    where
        bd1_0.booking_id=?
2025-09-24 10:47:37 [http-nio-8080-exec-3] DEBUG org.hibernate.SQL - 
    select
        t1_0.id,
        t1_0.booking_id,
        t1_0.name,
        t1_0.nic 
    from
        teachers t1_0 
    where
        t1_0.booking_id=?
2025-09-24 10:47:37 [http-nio-8080-exec-3] DEBUG org.hibernate.SQL - 
    select
        g1_0.id,
        g1_0.booking_id,
        g1_0.contact_number,
        g1_0.name,
        g1_0.nic 
    from
        guardians g1_0 
    where
        g1_0.booking_id=?
2025-09-24 10:47:37 [http-nio-8080-exec-3] DEBUG org.hibernate.SQL - 
    select
        bd1_0.booking_id,
        bd1_0.id,
        bd1_0.bus_capacity,
        bd1_0.bus_company,
        bd1_0.bus_number,
        bd1_0.conductor_name,
        bd1_0.conductor_nic,
        bd1_0.driver_contact,
        bd1_0.driver_license_number,
        bd1_0.driver_name,
        bd1_0.estimated_arrival_time,
        bd1_0.estimated_departure_time 
    from
        bus_details bd1_0 
    where
        bd1_0.booking_id=?
2025-09-24 10:47:37 [http-nio-8080-exec-3] DEBUG org.hibernate.SQL - 
    select
        t1_0.id,
        t1_0.booking_id,
        t1_0.name,
        t1_0.nic 
    from
        teachers t1_0 
    where
        t1_0.booking_id=?
2025-09-24 10:47:37 [http-nio-8080-exec-3] DEBUG org.hibernate.SQL - 
    select
        g1_0.id,
        g1_0.booking_id,
        g1_0.contact_number,
        g1_0.name,
        g1_0.nic 
    from
        guardians g1_0 
    where
        g1_0.booking_id=?
2025-09-24 10:47:37 [http-nio-8080-exec-3] DEBUG org.hibernate.SQL - 
    select
        bd1_0.booking_id,
        bd1_0.id,
        bd1_0.bus_capacity,
        bd1_0.bus_company,
        bd1_0.bus_number,
        bd1_0.conductor_name,
        bd1_0.conductor_nic,
        bd1_0.driver_contact,
        bd1_0.driver_license_number,
        bd1_0.driver_name,
        bd1_0.estimated_arrival_time,
        bd1_0.estimated_departure_time 
    from
        bus_details bd1_0 
    where
        bd1_0.booking_id=?
2025-09-24 10:47:37 [http-nio-8080-exec-3] DEBUG org.hibernate.SQL - 
    select
        t1_0.id,
        t1_0.booking_id,
        t1_0.name,
        t1_0.nic 
    from
        teachers t1_0 
    where
        t1_0.booking_id=?
2025-09-24 10:47:37 [http-nio-8080-exec-3] DEBUG org.hibernate.SQL - 
    select
        g1_0.id,
        g1_0.booking_id,
        g1_0.contact_number,
        g1_0.name,
        g1_0.nic 
    from
        guardians g1_0 
    where
        g1_0.booking_id=?
2025-09-24 10:47:37 [http-nio-8080-exec-3] DEBUG org.hibernate.SQL - 
    select
        bd1_0.booking_id,
        bd1_0.id,
        bd1_0.bus_capacity,
        bd1_0.bus_company,
        bd1_0.bus_number,
        bd1_0.conductor_name,
        bd1_0.conductor_nic,
        bd1_0.driver_contact,
        bd1_0.driver_license_number,
        bd1_0.driver_name,
        bd1_0.estimated_arrival_time,
        bd1_0.estimated_departure_time 
    from
        bus_details bd1_0 
    where
        bd1_0.booking_id=?
2025-09-24 10:47:37 [http-nio-8080-exec-3] DEBUG org.hibernate.SQL - 
    select
        t1_0.id,
        t1_0.booking_id,
        t1_0.name,
        t1_0.nic 
    from
        teachers t1_0 
    where
        t1_0.booking_id=?
2025-09-24 10:47:37 [http-nio-8080-exec-3] DEBUG org.hibernate.SQL - 
    select
        g1_0.id,
        g1_0.booking_id,
        g1_0.contact_number,
        g1_0.name,
        g1_0.nic 
    from
        guardians g1_0 
    where
        g1_0.booking_id=?
2025-09-24 10:47:37 [http-nio-8080-exec-3] DEBUG org.hibernate.SQL - 
    select
        bd1_0.booking_id,
        bd1_0.id,
        bd1_0.bus_capacity,
        bd1_0.bus_company,
        bd1_0.bus_number,
        bd1_0.conductor_name,
        bd1_0.conductor_nic,
        bd1_0.driver_contact,
        bd1_0.driver_license_number,
        bd1_0.driver_name,
        bd1_0.estimated_arrival_time,
        bd1_0.estimated_departure_time 
    from
        bus_details bd1_0 
    where
        bd1_0.booking_id=?
2025-09-24 10:47:37 [http-nio-8080-exec-3] DEBUG org.hibernate.SQL - 
    select
        t1_0.id,
        t1_0.booking_id,
        t1_0.name,
        t1_0.nic 
    from
        teachers t1_0 
    where
        t1_0.booking_id=?
2025-09-24 10:47:37 [http-nio-8080-exec-3] DEBUG org.hibernate.SQL - 
    select
        g1_0.id,
        g1_0.booking_id,
        g1_0.contact_number,
        g1_0.name,
        g1_0.nic 
    from
        guardians g1_0 
    where
        g1_0.booking_id=?
2025-09-24 10:47:37 [http-nio-8080-exec-3] DEBUG org.hibernate.SQL - 
    select
        bd1_0.booking_id,
        bd1_0.id,
        bd1_0.bus_capacity,
        bd1_0.bus_company,
        bd1_0.bus_number,
        bd1_0.conductor_name,
        bd1_0.conductor_nic,
        bd1_0.driver_contact,
        bd1_0.driver_license_number,
        bd1_0.driver_name,
        bd1_0.estimated_arrival_time,
        bd1_0.estimated_departure_time 
    from
        bus_details bd1_0 
    where
        bd1_0.booking_id=?
2025-09-24 10:47:37 [http-nio-8080-exec-3] DEBUG org.hibernate.SQL - 
    select
        t1_0.id,
        t1_0.booking_id,
        t1_0.name,
        t1_0.nic 
    from
        teachers t1_0 
    where
        t1_0.booking_id=?
2025-09-24 10:47:37 [http-nio-8080-exec-3] DEBUG org.hibernate.SQL - 
    select
        g1_0.id,
        g1_0.booking_id,
        g1_0.contact_number,
        g1_0.name,
        g1_0.nic 
    from
        guardians g1_0 
    where
        g1_0.booking_id=?
2025-09-24 10:47:37 [http-nio-8080-exec-3] DEBUG org.hibernate.SQL - 
    select
        bd1_0.booking_id,
        bd1_0.id,
        bd1_0.bus_capacity,
        bd1_0.bus_company,
        bd1_0.bus_number,
        bd1_0.conductor_name,
        bd1_0.conductor_nic,
        bd1_0.driver_contact,
        bd1_0.driver_license_number,
        bd1_0.driver_name,
        bd1_0.estimated_arrival_time,
        bd1_0.estimated_departure_time 
    from
        bus_details bd1_0 
    where
        bd1_0.booking_id=?
2025-09-24 10:47:37 [http-nio-8080-exec-3] DEBUG org.hibernate.SQL - 
    select
        t1_0.id,
        t1_0.booking_id,
        t1_0.name,
        t1_0.nic 
    from
        teachers t1_0 
    where
        t1_0.booking_id=?
2025-09-24 10:47:37 [http-nio-8080-exec-3] DEBUG org.hibernate.SQL - 
    select
        g1_0.id,
        g1_0.booking_id,
        g1_0.contact_number,
        g1_0.name,
        g1_0.nic 
    from
        guardians g1_0 
    where
        g1_0.booking_id=?
2025-09-24 10:47:37 [http-nio-8080-exec-3] DEBUG org.hibernate.SQL - 
    select
        bd1_0.booking_id,
        bd1_0.id,
        bd1_0.bus_capacity,
        bd1_0.bus_company,
        bd1_0.bus_number,
        bd1_0.conductor_name,
        bd1_0.conductor_nic,
        bd1_0.driver_contact,
        bd1_0.driver_license_number,
        bd1_0.driver_name,
        bd1_0.estimated_arrival_time,
        bd1_0.estimated_departure_time 
    from
        bus_details bd1_0 
    where
        bd1_0.booking_id=?
2025-09-24 10:47:37 [http-nio-8080-exec-3] DEBUG org.hibernate.SQL - 
    select
        t1_0.id,
        t1_0.booking_id,
        t1_0.name,
        t1_0.nic 
    from
        teachers t1_0 
    where
        t1_0.booking_id=?
2025-09-24 10:47:37 [http-nio-8080-exec-3] DEBUG org.hibernate.SQL - 
    select
        g1_0.id,
        g1_0.booking_id,
        g1_0.contact_number,
        g1_0.name,
        g1_0.nic 
    from
        guardians g1_0 
    where
        g1_0.booking_id=?
2025-09-24 10:47:37 [http-nio-8080-exec-3] DEBUG org.hibernate.SQL - 
    select
        bd1_0.booking_id,
        bd1_0.id,
        bd1_0.bus_capacity,
        bd1_0.bus_company,
        bd1_0.bus_number,
        bd1_0.conductor_name,
        bd1_0.conductor_nic,
        bd1_0.driver_contact,
        bd1_0.driver_license_number,
        bd1_0.driver_name,
        bd1_0.estimated_arrival_time,
        bd1_0.estimated_departure_time 
    from
        bus_details bd1_0 
    where
        bd1_0.booking_id=?
2025-09-24 10:47:37 [http-nio-8080-exec-3] DEBUG org.hibernate.SQL - 
    select
        t1_0.id,
        t1_0.booking_id,
        t1_0.name,
        t1_0.nic 
    from
        teachers t1_0 
    where
        t1_0.booking_id=?
2025-09-24 10:47:37 [http-nio-8080-exec-3] DEBUG org.hibernate.SQL - 
    select
        g1_0.id,
        g1_0.booking_id,
        g1_0.contact_number,
        g1_0.name,
        g1_0.nic 
    from
        guardians g1_0 
    where
        g1_0.booking_id=?
2025-09-24 10:47:37 [http-nio-8080-exec-3] DEBUG org.hibernate.SQL - 
    select
        bd1_0.booking_id,
        bd1_0.id,
        bd1_0.bus_capacity,
        bd1_0.bus_company,
        bd1_0.bus_number,
        bd1_0.conductor_name,
        bd1_0.conductor_nic,
        bd1_0.driver_contact,
        bd1_0.driver_license_number,
        bd1_0.driver_name,
        bd1_0.estimated_arrival_time,
        bd1_0.estimated_departure_time 
    from
        bus_details bd1_0 
    where
        bd1_0.booking_id=?
2025-09-24 10:47:37 [http-nio-8080-exec-3] DEBUG org.hibernate.SQL - 
    select
        t1_0.id,
        t1_0.booking_id,
        t1_0.name,
        t1_0.nic 
    from
        teachers t1_0 
    where
        t1_0.booking_id=?
2025-09-24 10:47:37 [http-nio-8080-exec-3] DEBUG org.hibernate.SQL - 
    select
        g1_0.id,
        g1_0.booking_id,
        g1_0.contact_number,
        g1_0.name,
        g1_0.nic 
    from
        guardians g1_0 
    where
        g1_0.booking_id=?
2025-09-24 10:47:37 [http-nio-8080-exec-3] DEBUG org.hibernate.SQL - 
    select
        bd1_0.booking_id,
        bd1_0.id,
        bd1_0.bus_capacity,
        bd1_0.bus_company,
        bd1_0.bus_number,
        bd1_0.conductor_name,
        bd1_0.conductor_nic,
        bd1_0.driver_contact,
        bd1_0.driver_license_number,
        bd1_0.driver_name,
        bd1_0.estimated_arrival_time,
        bd1_0.estimated_departure_time 
    from
        bus_details bd1_0 
    where
        bd1_0.booking_id=?
2025-09-24 10:47:37 [http-nio-8080-exec-3] DEBUG org.hibernate.SQL - 
    select
        t1_0.id,
        t1_0.booking_id,
        t1_0.name,
        t1_0.nic 
    from
        teachers t1_0 
    where
        t1_0.booking_id=?
2025-09-24 10:47:37 [http-nio-8080-exec-6] DEBUG o.s.security.web.FilterChainProxy - Securing GET /api/bookings/pending
2025-09-24 10:47:37 [http-nio-8080-exec-3] DEBUG org.hibernate.SQL - 
    select
        g1_0.id,
        g1_0.booking_id,
        g1_0.contact_number,
        g1_0.name,
        g1_0.nic 
    from
        guardians g1_0 
    where
        g1_0.booking_id=?
2025-09-24 10:47:37 [http-nio-8080-exec-3] DEBUG org.hibernate.SQL - 
    select
        bd1_0.booking_id,
        bd1_0.id,
        bd1_0.bus_capacity,
        bd1_0.bus_company,
        bd1_0.bus_number,
        bd1_0.conductor_name,
        bd1_0.conductor_nic,
        bd1_0.driver_contact,
        bd1_0.driver_license_number,
        bd1_0.driver_name,
        bd1_0.estimated_arrival_time,
        bd1_0.estimated_departure_time 
    from
        bus_details bd1_0 
    where
        bd1_0.booking_id=?
2025-09-24 10:47:37 [http-nio-8080-exec-3] DEBUG org.hibernate.SQL - 
    select
        t1_0.id,
        t1_0.booking_id,
        t1_0.name,
        t1_0.nic 
    from
        teachers t1_0 
    where
        t1_0.booking_id=?
2025-09-24 10:47:37 [http-nio-8080-exec-6] DEBUG org.hibernate.SQL - 
    select
        u1_0.id,
        u1_0.contact_number,
        u1_0.email,
        u1_0.institution_name,
        u1_0.password,
        u1_0.role,
        u1_0.username 
    from
        users u1_0 
    where
        u1_0.username=?
2025-09-24 10:47:37 [http-nio-8080-exec-3] DEBUG org.hibernate.SQL - 
    select
        g1_0.id,
        g1_0.booking_id,
        g1_0.contact_number,
        g1_0.name,
        g1_0.nic 
    from
        guardians g1_0 
    where
        g1_0.booking_id=?
2025-09-24 10:47:37 [http-nio-8080-exec-6] DEBUG o.s.security.web.FilterChainProxy - Secured GET /api/bookings/pending
2025-09-24 10:47:37 [http-nio-8080-exec-3] DEBUG org.hibernate.SQL - 
    select
        bd1_0.booking_id,
        bd1_0.id,
        bd1_0.bus_capacity,
        bd1_0.bus_company,
        bd1_0.bus_number,
        bd1_0.conductor_name,
        bd1_0.conductor_nic,
        bd1_0.driver_contact,
        bd1_0.driver_license_number,
        bd1_0.driver_name,
        bd1_0.estimated_arrival_time,
        bd1_0.estimated_departure_time 
    from
        bus_details bd1_0 
    where
        bd1_0.booking_id=?
2025-09-24 10:47:37 [http-nio-8080-exec-6] DEBUG o.s.s.a.m.AuthorizationManagerBeforeMethodInterceptor - Authorizing method invocation ReflectiveMethodInvocation: public org.springframework.http.ResponseEntity com.portbooking.controller.BookingController.getPendingBookings(); target is of class [com.portbooking.controller.BookingController]
2025-09-24 10:47:37 [http-nio-8080-exec-6] DEBUG o.s.s.a.m.AuthorizationManagerBeforeMethodInterceptor - Authorized method invocation ReflectiveMethodInvocation: public org.springframework.http.ResponseEntity com.portbooking.controller.BookingController.getPendingBookings(); target is of class [com.portbooking.controller.BookingController]
2025-09-24 10:47:37 [http-nio-8080-exec-6] DEBUG org.hibernate.SQL - 
    select
        b1_0.id,
        b1_0.contact_email,
        b1_0.created_at,
        b1_0.institution_contact_number,
        b1_0.number_of_students,
        b1_0.number_of_teachers,
        b1_0.purpose_of_visit,
        b1_0.rejection_reason,
        b1_0.special_requirements,
        b1_0.status,
        b1_0.updated_at,
        b1_0.user_id,
        b1_0.visit_date 
    from
        bookings b1_0 
    where
        b1_0.status=?
2025-09-24 10:47:37 [http-nio-8080-exec-3] DEBUG org.hibernate.SQL - 
    select
        t1_0.id,
        t1_0.booking_id,
        t1_0.name,
        t1_0.nic 
    from
        teachers t1_0 
    where
        t1_0.booking_id=?
2025-09-24 10:47:37 [http-nio-8080-exec-3] DEBUG org.hibernate.SQL - 
    select
        g1_0.id,
        g1_0.booking_id,
        g1_0.contact_number,
        g1_0.name,
        g1_0.nic 
    from
        guardians g1_0 
    where
        g1_0.booking_id=?
2025-09-24 10:47:37 [http-nio-8080-exec-3] DEBUG org.hibernate.SQL - 
    select
        bd1_0.booking_id,
        bd1_0.id,
        bd1_0.bus_capacity,
        bd1_0.bus_company,
        bd1_0.bus_number,
        bd1_0.conductor_name,
        bd1_0.conductor_nic,
        bd1_0.driver_contact,
        bd1_0.driver_license_number,
        bd1_0.driver_name,
        bd1_0.estimated_arrival_time,
        bd1_0.estimated_departure_time 
    from
        bus_details bd1_0 
    where
        bd1_0.booking_id=?
2025-09-24 10:47:37 [http-nio-8080-exec-3] DEBUG org.hibernate.SQL - 
    select
        t1_0.id,
        t1_0.booking_id,
        t1_0.name,
        t1_0.nic 
    from
        teachers t1_0 
    where
        t1_0.booking_id=?
2025-09-24 10:47:37 [http-nio-8080-exec-3] DEBUG org.hibernate.SQL - 
    select
        g1_0.id,
        g1_0.booking_id,
        g1_0.contact_number,
        g1_0.name,
        g1_0.nic 
    from
        guardians g1_0 
    where
        g1_0.booking_id=?
2025-09-24 10:47:37 [http-nio-8080-exec-3] DEBUG org.hibernate.SQL - 
    select
        bd1_0.booking_id,
        bd1_0.id,
        bd1_0.bus_capacity,
        bd1_0.bus_company,
        bd1_0.bus_number,
        bd1_0.conductor_name,
        bd1_0.conductor_nic,
        bd1_0.driver_contact,
        bd1_0.driver_license_number,
        bd1_0.driver_name,
        bd1_0.estimated_arrival_time,
        bd1_0.estimated_departure_time 
    from
        bus_details bd1_0 
    where
        bd1_0.booking_id=?
2025-09-24 10:47:37 [http-nio-8080-exec-3] DEBUG org.hibernate.SQL - 
    select
        t1_0.id,
        t1_0.booking_id,
        t1_0.name,
        t1_0.nic 
    from
        teachers t1_0 
    where
        t1_0.booking_id=?
2025-09-24 10:47:37 [http-nio-8080-exec-3] DEBUG org.hibernate.SQL - 
    select
        g1_0.id,
        g1_0.booking_id,
        g1_0.contact_number,
        g1_0.name,
        g1_0.nic 
    from
        guardians g1_0 
    where
        g1_0.booking_id=?
2025-09-24 10:47:37 [http-nio-8080-exec-3] DEBUG org.hibernate.SQL - 
    select
        bd1_0.booking_id,
        bd1_0.id,
        bd1_0.bus_capacity,
        bd1_0.bus_company,
        bd1_0.bus_number,
        bd1_0.conductor_name,
        bd1_0.conductor_nic,
        bd1_0.driver_contact,
        bd1_0.driver_license_number,
        bd1_0.driver_name,
        bd1_0.estimated_arrival_time,
        bd1_0.estimated_departure_time 
    from
        bus_details bd1_0 
    where
        bd1_0.booking_id=?
2025-09-24 10:47:37 [http-nio-8080-exec-3] DEBUG org.hibernate.SQL - 
    select
        t1_0.id,
        t1_0.booking_id,
        t1_0.name,
        t1_0.nic 
    from
        teachers t1_0 
    where
        t1_0.booking_id=?
2025-09-24 10:47:37 [http-nio-8080-exec-3] DEBUG org.hibernate.SQL - 
    select
        g1_0.id,
        g1_0.booking_id,
        g1_0.contact_number,
        g1_0.name,
        g1_0.nic 
    from
        guardians g1_0 
    where
        g1_0.booking_id=?
2025-09-24 10:47:37 [http-nio-8080-exec-3] DEBUG org.hibernate.SQL - 
    select
        bd1_0.booking_id,
        bd1_0.id,
        bd1_0.bus_capacity,
        bd1_0.bus_company,
        bd1_0.bus_number,
        bd1_0.conductor_name,
        bd1_0.conductor_nic,
        bd1_0.driver_contact,
        bd1_0.driver_license_number,
        bd1_0.driver_name,
        bd1_0.estimated_arrival_time,
        bd1_0.estimated_departure_time 
    from
        bus_details bd1_0 
    where
        bd1_0.booking_id=?
2025-09-24 10:47:37 [http-nio-8080-exec-3] DEBUG org.hibernate.SQL - 
    select
        t1_0.id,
        t1_0.booking_id,
        t1_0.name,
        t1_0.nic 
    from
        teachers t1_0 
    where
        t1_0.booking_id=?
2025-09-24 10:47:37 [http-nio-8080-exec-3] DEBUG org.hibernate.SQL - 
    select
        g1_0.id,
        g1_0.booking_id,
        g1_0.contact_number,
        g1_0.name,
        g1_0.nic 
    from
        guardians g1_0 
    where
        g1_0.booking_id=?
2025-09-24 10:47:37 [http-nio-8080-exec-3] DEBUG org.hibernate.SQL - 
    select
        bd1_0.booking_id,
        bd1_0.id,
        bd1_0.bus_capacity,
        bd1_0.bus_company,
        bd1_0.bus_number,
        bd1_0.conductor_name,
        bd1_0.conductor_nic,
        bd1_0.driver_contact,
        bd1_0.driver_license_number,
        bd1_0.driver_name,
        bd1_0.estimated_arrival_time,
        bd1_0.estimated_departure_time 
    from
        bus_details bd1_0 
    where
        bd1_0.booking_id=?
2025-09-24 10:47:37 [http-nio-8080-exec-3] DEBUG org.hibernate.SQL - 
    select
        t1_0.id,
        t1_0.booking_id,
        t1_0.name,
        t1_0.nic 
    from
        teachers t1_0 
    where
        t1_0.booking_id=?
2025-09-24 10:47:37 [http-nio-8080-exec-3] DEBUG org.hibernate.SQL - 
    select
        g1_0.id,
        g1_0.booking_id,
        g1_0.contact_number,
        g1_0.name,
        g1_0.nic 
    from
        guardians g1_0 
    where
        g1_0.booking_id=?
2025-09-24 10:47:37 [http-nio-8080-exec-3] DEBUG org.hibernate.SQL - 
    select
        bd1_0.booking_id,
        bd1_0.id,
        bd1_0.bus_capacity,
        bd1_0.bus_company,
        bd1_0.bus_number,
        bd1_0.conductor_name,
        bd1_0.conductor_nic,
        bd1_0.driver_contact,
        bd1_0.driver_license_number,
        bd1_0.driver_name,
        bd1_0.estimated_arrival_time,
        bd1_0.estimated_departure_time 
    from
        bus_details bd1_0 
    where
        bd1_0.booking_id=?
2025-09-24 10:47:37 [http-nio-8080-exec-3] DEBUG org.hibernate.SQL - 
    select
        t1_0.id,
        t1_0.booking_id,
        t1_0.name,
        t1_0.nic 
    from
        teachers t1_0 
    where
        t1_0.booking_id=?
2025-09-24 10:47:37 [http-nio-8080-exec-3] DEBUG org.hibernate.SQL - 
    select
        g1_0.id,
        g1_0.booking_id,
        g1_0.contact_number,
        g1_0.name,
        g1_0.nic 
    from
        guardians g1_0 
    where
        g1_0.booking_id=?
2025-09-24 10:47:37 [http-nio-8080-exec-3] DEBUG org.hibernate.SQL - 
    select
        bd1_0.booking_id,
        bd1_0.id,
        bd1_0.bus_capacity,
        bd1_0.bus_company,
        bd1_0.bus_number,
        bd1_0.conductor_name,
        bd1_0.conductor_nic,
        bd1_0.driver_contact,
        bd1_0.driver_license_number,
        bd1_0.driver_name,
        bd1_0.estimated_arrival_time,
        bd1_0.estimated_departure_time 
    from
        bus_details bd1_0 
    where
        bd1_0.booking_id=?
2025-09-24 10:47:37 [http-nio-8080-exec-3] DEBUG org.hibernate.SQL - 
    select
        t1_0.id,
        t1_0.booking_id,
        t1_0.name,
        t1_0.nic 
    from
        teachers t1_0 
    where
        t1_0.booking_id=?
2025-09-24 10:47:37 [http-nio-8080-exec-3] DEBUG org.hibernate.SQL - 
    select
        g1_0.id,
        g1_0.booking_id,
        g1_0.contact_number,
        g1_0.name,
        g1_0.nic 
    from
        guardians g1_0 
    where
        g1_0.booking_id=?
2025-09-24 10:47:37 [http-nio-8080-exec-3] DEBUG org.hibernate.SQL - 
    select
        bd1_0.booking_id,
        bd1_0.id,
        bd1_0.bus_capacity,
        bd1_0.bus_company,
        bd1_0.bus_number,
        bd1_0.conductor_name,
        bd1_0.conductor_nic,
        bd1_0.driver_contact,
        bd1_0.driver_license_number,
        bd1_0.driver_name,
        bd1_0.estimated_arrival_time,
        bd1_0.estimated_departure_time 
    from
        bus_details bd1_0 
    where
        bd1_0.booking_id=?
2025-09-24 10:47:37 [http-nio-8080-exec-3] DEBUG org.hibernate.SQL - 
    select
        t1_0.id,
        t1_0.booking_id,
        t1_0.name,
        t1_0.nic 
    from
        teachers t1_0 
    where
        t1_0.booking_id=?
2025-09-24 10:47:37 [http-nio-8080-exec-3] DEBUG org.hibernate.SQL - 
    select
        g1_0.id,
        g1_0.booking_id,
        g1_0.contact_number,
        g1_0.name,
        g1_0.nic 
    from
        guardians g1_0 
    where
        g1_0.booking_id=?
2025-09-24 10:47:37 [http-nio-8080-exec-3] DEBUG org.hibernate.SQL - 
    select
        bd1_0.booking_id,
        bd1_0.id,
        bd1_0.bus_capacity,
        bd1_0.bus_company,
        bd1_0.bus_number,
        bd1_0.conductor_name,
        bd1_0.conductor_nic,
        bd1_0.driver_contact,
        bd1_0.driver_license_number,
        bd1_0.driver_name,
        bd1_0.estimated_arrival_time,
        bd1_0.estimated_departure_time 
    from
        bus_details bd1_0 
    where
        bd1_0.booking_id=?
2025-09-24 10:47:37 [http-nio-8080-exec-3] DEBUG org.hibernate.SQL - 
    select
        t1_0.id,
        t1_0.booking_id,
        t1_0.name,
        t1_0.nic 
    from
        teachers t1_0 
    where
        t1_0.booking_id=?
2025-09-24 10:47:37 [http-nio-8080-exec-3] DEBUG org.hibernate.SQL - 
    select
        g1_0.id,
        g1_0.booking_id,
        g1_0.contact_number,
        g1_0.name,
        g1_0.nic 
    from
        guardians g1_0 
    where
        g1_0.booking_id=?
2025-09-24 10:47:37 [http-nio-8080-exec-3] DEBUG org.hibernate.SQL - 
    select
        bd1_0.booking_id,
        bd1_0.id,
        bd1_0.bus_capacity,
        bd1_0.bus_company,
        bd1_0.bus_number,
        bd1_0.conductor_name,
        bd1_0.conductor_nic,
        bd1_0.driver_contact,
        bd1_0.driver_license_number,
        bd1_0.driver_name,
        bd1_0.estimated_arrival_time,
        bd1_0.estimated_departure_time 
    from
        bus_details bd1_0 
    where
        bd1_0.booking_id=?
2025-09-24 10:47:37 [http-nio-8080-exec-3] DEBUG org.hibernate.SQL - 
    select
        t1_0.id,
        t1_0.booking_id,
        t1_0.name,
        t1_0.nic 
    from
        teachers t1_0 
    where
        t1_0.booking_id=?
2025-09-24 10:47:37 [http-nio-8080-exec-3] DEBUG org.hibernate.SQL - 
    select
        g1_0.id,
        g1_0.booking_id,
        g1_0.contact_number,
        g1_0.name,
        g1_0.nic 
    from
        guardians g1_0 
    where
        g1_0.booking_id=?
2025-09-24 10:52:01 [restartedMain] INFO  c.p.PortBookingSystemApplication - Starting PortBookingSystemApplication using Java 22.0.2 with PID 23812 (C:\Users\THAMINDU\Documents\slpa__ports\slpa__ports\ports\ports\Bckend\target\classes started by THAMINDU in C:\Users\THAMINDU\Documents\slpa__ports\slpa__ports\ports\ports)
2025-09-24 10:52:01 [restartedMain] DEBUG c.p.PortBookingSystemApplication - Running with Spring Boot v3.2.0, Spring v6.1.1
2025-09-24 10:52:01 [restartedMain] INFO  c.p.PortBookingSystemApplication - No active profile set, falling back to 1 default profile: "default"
2025-09-24 10:52:01 [restartedMain] INFO  o.s.b.d.e.DevToolsPropertyDefaultsPostProcessor - Devtools property defaults active! Set 'spring.devtools.add-properties' to 'false' to disable
2025-09-24 10:52:01 [restartedMain] INFO  o.s.b.d.e.DevToolsPropertyDefaultsPostProcessor - For additional web related logging consider setting the 'logging.level.web' property to 'DEBUG'
2025-09-24 10:52:07 [restartedMain] INFO  o.s.d.r.c.RepositoryConfigurationDelegate - Bootstrapping Spring Data JPA repositories in DEFAULT mode.
2025-09-24 10:52:07 [restartedMain] INFO  o.s.d.r.c.RepositoryConfigurationDelegate - Finished Spring Data repository scanning in 199 ms. Found 5 JPA repository interfaces.
2025-09-24 10:52:14 [restartedMain] INFO  o.s.b.w.e.tomcat.TomcatWebServer - Tomcat initialized with port 8080 (http)
2025-09-24 10:52:14 [restartedMain] INFO  o.a.catalina.core.StandardService - Starting service [Tomcat]
2025-09-24 10:52:14 [restartedMain] INFO  o.a.catalina.core.StandardEngine - Starting Servlet engine: [Apache Tomcat/10.1.16]
2025-09-24 10:52:14 [restartedMain] INFO  o.a.c.c.C.[Tomcat].[localhost].[/] - Initializing Spring embedded WebApplicationContext
2025-09-24 10:52:14 [restartedMain] INFO  o.s.b.w.s.c.ServletWebServerApplicationContext - Root WebApplicationContext: initialization completed in 12607 ms
2025-09-24 10:52:15 [restartedMain] INFO  com.zaxxer.hikari.HikariDataSource - HikariPool-1 - Starting...
2025-09-24 10:52:16 [restartedMain] INFO  com.zaxxer.hikari.pool.HikariPool - HikariPool-1 - Added connection com.mysql.cj.jdbc.ConnectionImpl@7a8e51a5
2025-09-24 10:52:16 [restartedMain] INFO  com.zaxxer.hikari.HikariDataSource - HikariPool-1 - Start completed.
2025-09-24 10:52:16 [restartedMain] INFO  o.s.b.a.h.H2ConsoleAutoConfiguration - H2 console available at '/h2-console'. Database available at 'jdbc:mysql://localhost:3306/ports?useSSL=false&serverTimezone=UTC&allowPublicKeyRetrieval=true&createDatabaseIfNotExist=true'
2025-09-24 10:52:17 [restartedMain] INFO  o.h.jpa.internal.util.LogHelper - HHH000204: Processing PersistenceUnitInfo [name: default]
2025-09-24 10:52:18 [restartedMain] INFO  org.hibernate.Version - HHH000412: Hibernate ORM core version 6.3.1.Final
2025-09-24 10:52:18 [restartedMain] INFO  o.h.c.i.RegionFactoryInitiator - HHH000026: Second-level cache disabled
2025-09-24 10:52:19 [restartedMain] INFO  o.s.o.j.p.SpringPersistenceUnitInfo - No LoadTimeWeaver setup: ignoring JPA class transformer
2025-09-24 10:52:19 [restartedMain] WARN  org.hibernate.orm.deprecation - HHH90000025: MySQL8Dialect does not need to be specified explicitly using 'hibernate.dialect' (remove the property setting and it will be selected by default)
2025-09-24 10:52:19 [restartedMain] WARN  org.hibernate.orm.deprecation - HHH90000026: MySQL8Dialect has been deprecated; use org.hibernate.dialect.MySQLDialect instead
2025-09-24 10:52:21 [restartedMain] INFO  o.h.e.t.j.p.i.JtaPlatformInitiator - HHH000489: No JTA platform available (set 'hibernate.transaction.jta.platform' to enable JTA platform integration)
2025-09-24 10:52:22 [restartedMain] INFO  o.s.o.j.LocalContainerEntityManagerFactoryBean - Initialized JPA EntityManagerFactory for persistence unit 'default'
2025-09-24 10:52:24 [restartedMain] DEBUG c.p.security.AuthTokenFilter - Filter 'authenticationJwtTokenFilter' configured for use
2025-09-24 10:52:24 [restartedMain] INFO  o.s.d.j.r.query.QueryEnhancerFactory - Hibernate is in classpath; If applicable, HQL parser will be used.
2025-09-24 10:52:29 [restartedMain] INFO  o.s.b.a.e.web.EndpointLinksResolver - Exposing 3 endpoint(s) beneath base path '/actuator'
2025-09-24 10:52:30 [restartedMain] INFO  o.s.s.web.DefaultSecurityFilterChain - Will secure any request with [org.springframework.security.web.session.DisableEncodeUrlFilter@11359666, org.springframework.security.web.context.request.async.WebAsyncManagerIntegrationFilter@67170f22, org.springframework.security.web.context.SecurityContextHolderFilter@143a8c4b, org.springframework.security.web.header.HeaderWriterFilter@1a69df47, org.springframework.web.filter.CorsFilter@3954c1c8, org.springframework.security.web.authentication.logout.LogoutFilter@2ad2f7a2, com.portbooking.security.AuthTokenFilter@5511b15d, org.springframework.security.web.savedrequest.RequestCacheAwareFilter@649d5de, org.springframework.security.web.servletapi.SecurityContextHolderAwareRequestFilter@16460bf5, org.springframework.security.web.authentication.AnonymousAuthenticationFilter@4cb5e788, org.springframework.security.web.session.SessionManagementFilter@c28d6be, org.springframework.security.web.access.ExceptionTranslationFilter@1aa4a3f8, org.springframework.security.web.access.intercept.AuthorizationFilter@20abd3e4]
2025-09-24 10:52:32 [restartedMain] INFO  o.s.b.d.a.OptionalLiveReloadServer - LiveReload server is running on port 35729
2025-09-24 10:52:32 [RMI TCP Connection(2)-127.0.0.1] INFO  o.a.c.c.C.[Tomcat].[localhost].[/] - Initializing Spring DispatcherServlet 'dispatcherServlet'
2025-09-24 10:52:32 [RMI TCP Connection(2)-127.0.0.1] INFO  o.s.web.servlet.DispatcherServlet - Initializing Servlet 'dispatcherServlet'
2025-09-24 10:52:32 [RMI TCP Connection(2)-127.0.0.1] INFO  o.s.web.servlet.DispatcherServlet - Completed initialization in 3 ms
2025-09-24 10:52:32 [restartedMain] INFO  o.s.b.w.e.tomcat.TomcatWebServer - Tomcat started on port 8080 (http) with context path ''
2025-09-24 10:52:32 [restartedMain] INFO  c.p.PortBookingSystemApplication - Started PortBookingSystemApplication in 32.138 seconds (process running for 33.42)
2025-09-24 10:53:06 [http-nio-8080-exec-1] DEBUG o.s.security.web.FilterChainProxy - Securing GET /favicon.ico
2025-09-24 10:53:06 [http-nio-8080-exec-1] DEBUG org.hibernate.SQL - 
    select
        u1_0.id,
        u1_0.contact_number,
        u1_0.email,
        u1_0.institution_name,
        u1_0.password,
        u1_0.role,
        u1_0.username 
    from
        users u1_0 
    where
        u1_0.username=?
2025-09-24 10:53:07 [http-nio-8080-exec-1] WARN  o.s.w.s.h.HandlerMappingIntrospector - Cache miss for REQUEST dispatch to '/favicon.ico' (previous null). Performing MatchableHandlerMapping lookup. This is logged once only at WARN level, and every time at TRACE.
2025-09-24 10:53:07 [http-nio-8080-exec-1] DEBUG o.s.security.web.FilterChainProxy - Secured GET /favicon.ico
2025-09-24 10:53:08 [http-nio-8080-exec-4] DEBUG o.s.security.web.FilterChainProxy - Securing GET /favicon.ico
2025-09-24 10:53:08 [http-nio-8080-exec-4] DEBUG org.hibernate.SQL - 
    select
        u1_0.id,
        u1_0.contact_number,
        u1_0.email,
        u1_0.institution_name,
        u1_0.password,
        u1_0.role,
        u1_0.username 
    from
        users u1_0 
    where
        u1_0.username=?
2025-09-24 10:53:08 [http-nio-8080-exec-4] DEBUG o.s.security.web.FilterChainProxy - Secured GET /favicon.ico
2025-09-24 10:53:11 [http-nio-8080-exec-5] DEBUG o.s.security.web.FilterChainProxy - Securing POST /api/auth/signin
2025-09-24 10:53:11 [http-nio-8080-exec-5] DEBUG org.hibernate.SQL - 
    select
        u1_0.id,
        u1_0.contact_number,
        u1_0.email,
        u1_0.institution_name,
        u1_0.password,
        u1_0.role,
        u1_0.username 
    from
        users u1_0 
    where
        u1_0.username=?
2025-09-24 10:53:11 [http-nio-8080-exec-5] DEBUG o.s.security.web.FilterChainProxy - Secured POST /api/auth/signin
2025-09-24 10:53:12 [http-nio-8080-exec-5] DEBUG org.hibernate.SQL - 
    select
        u1_0.id,
        u1_0.contact_number,
        u1_0.email,
        u1_0.institution_name,
        u1_0.password,
        u1_0.role,
        u1_0.username 
    from
        users u1_0 
    where
        u1_0.username=?
2025-09-24 10:53:12 [http-nio-8080-exec-5] DEBUG o.s.s.a.d.DaoAuthenticationProvider - Authenticated user
2025-09-24 10:53:12 [http-nio-8080-exec-5] DEBUG org.hibernate.SQL - 
    select
        u1_0.id,
        u1_0.contact_number,
        u1_0.email,
        u1_0.institution_name,
        u1_0.password,
        u1_0.role,
        u1_0.username 
    from
        users u1_0 
    where
        u1_0.username=?
2025-09-24 10:53:12 [http-nio-8080-exec-8] DEBUG o.s.security.web.FilterChainProxy - Securing GET /favicon.ico
2025-09-24 10:53:12 [http-nio-8080-exec-8] DEBUG org.hibernate.SQL - 
    select
        u1_0.id,
        u1_0.contact_number,
        u1_0.email,
        u1_0.institution_name,
        u1_0.password,
        u1_0.role,
        u1_0.username 
    from
        users u1_0 
    where
        u1_0.username=?
2025-09-24 10:53:12 [http-nio-8080-exec-8] DEBUG o.s.security.web.FilterChainProxy - Secured GET /favicon.ico
2025-09-24 10:53:14 [http-nio-8080-exec-9] DEBUG o.s.security.web.FilterChainProxy - Securing GET /favicon.ico
2025-09-24 10:53:14 [http-nio-8080-exec-9] DEBUG org.hibernate.SQL - 
    select
        u1_0.id,
        u1_0.contact_number,
        u1_0.email,
        u1_0.institution_name,
        u1_0.password,
        u1_0.role,
        u1_0.username 
    from
        users u1_0 
    where
        u1_0.username=?
2025-09-24 10:53:14 [http-nio-8080-exec-9] DEBUG o.s.security.web.FilterChainProxy - Secured GET /favicon.ico
2025-09-24 10:53:45 [http-nio-8080-exec-2] DEBUG o.s.security.web.FilterChainProxy - Securing POST /api/bookings
2025-09-24 10:53:45 [http-nio-8080-exec-2] DEBUG org.hibernate.SQL - 
    select
        u1_0.id,
        u1_0.contact_number,
        u1_0.email,
        u1_0.institution_name,
        u1_0.password,
        u1_0.role,
        u1_0.username 
    from
        users u1_0 
    where
        u1_0.username=?
2025-09-24 10:53:45 [http-nio-8080-exec-2] DEBUG o.s.security.web.FilterChainProxy - Secured POST /api/bookings
2025-09-24 10:53:46 [http-nio-8080-exec-2] DEBUG org.hibernate.SQL - 
    select
        u1_0.id,
        u1_0.contact_number,
        u1_0.email,
        u1_0.institution_name,
        u1_0.password,
        u1_0.role,
        u1_0.username 
    from
        users u1_0 
    where
        u1_0.username=?
2025-09-24 10:53:46 [http-nio-8080-exec-2] DEBUG org.hibernate.SQL - 
    select
        count(b1_0.id) 
    from
        bookings b1_0 
    where
        b1_0.visit_date=? 
        and b1_0.status='APPROVED'
2025-09-24 10:53:46 [http-nio-8080-exec-2] DEBUG org.hibernate.SQL - 
    select
        b1_0.id,
        b1_0.contact_email,
        b1_0.created_at,
        b1_0.institution_contact_number,
        b1_0.number_of_students,
        b1_0.number_of_teachers,
        b1_0.purpose_of_visit,
        b1_0.rejection_reason,
        b1_0.special_requirements,
        b1_0.status,
        b1_0.updated_at,
        b1_0.user_id,
        b1_0.visit_date 
    from
        bookings b1_0 
    where
        b1_0.user_id=? 
        and b1_0.visit_date=?
2025-09-24 10:53:53 [http-nio-8080-exec-3] DEBUG o.s.security.web.FilterChainProxy - Securing POST /api/bookings
2025-09-24 10:53:53 [http-nio-8080-exec-3] DEBUG org.hibernate.SQL - 
    select
        u1_0.id,
        u1_0.contact_number,
        u1_0.email,
        u1_0.institution_name,
        u1_0.password,
        u1_0.role,
        u1_0.username 
    from
        users u1_0 
    where
        u1_0.username=?
2025-09-24 10:53:53 [http-nio-8080-exec-3] DEBUG o.s.security.web.FilterChainProxy - Secured POST /api/bookings
2025-09-24 10:53:53 [http-nio-8080-exec-3] DEBUG org.hibernate.SQL - 
    select
        u1_0.id,
        u1_0.contact_number,
        u1_0.email,
        u1_0.institution_name,
        u1_0.password,
        u1_0.role,
        u1_0.username 
    from
        users u1_0 
    where
        u1_0.username=?
2025-09-24 10:53:53 [http-nio-8080-exec-3] DEBUG org.hibernate.SQL - 
    select
        count(b1_0.id) 
    from
        bookings b1_0 
    where
        b1_0.visit_date=? 
        and b1_0.status='APPROVED'
2025-09-24 10:53:53 [http-nio-8080-exec-3] DEBUG org.hibernate.SQL - 
    select
        b1_0.id,
        b1_0.contact_email,
        b1_0.created_at,
        b1_0.institution_contact_number,
        b1_0.number_of_students,
        b1_0.number_of_teachers,
        b1_0.purpose_of_visit,
        b1_0.rejection_reason,
        b1_0.special_requirements,
        b1_0.status,
        b1_0.updated_at,
        b1_0.user_id,
        b1_0.visit_date 
    from
        bookings b1_0 
    where
        b1_0.user_id=? 
        and b1_0.visit_date=?
2025-09-24 10:54:00 [http-nio-8080-exec-6] DEBUG o.s.security.web.FilterChainProxy - Securing POST /api/bookings
2025-09-24 10:54:00 [http-nio-8080-exec-6] DEBUG org.hibernate.SQL - 
    select
        u1_0.id,
        u1_0.contact_number,
        u1_0.email,
        u1_0.institution_name,
        u1_0.password,
        u1_0.role,
        u1_0.username 
    from
        users u1_0 
    where
        u1_0.username=?
2025-09-24 10:54:00 [http-nio-8080-exec-6] DEBUG o.s.security.web.FilterChainProxy - Secured POST /api/bookings
2025-09-24 10:54:00 [http-nio-8080-exec-6] DEBUG org.hibernate.SQL - 
    select
        u1_0.id,
        u1_0.contact_number,
        u1_0.email,
        u1_0.institution_name,
        u1_0.password,
        u1_0.role,
        u1_0.username 
    from
        users u1_0 
    where
        u1_0.username=?
2025-09-24 10:54:00 [http-nio-8080-exec-6] DEBUG org.hibernate.SQL - 
    select
        count(b1_0.id) 
    from
        bookings b1_0 
    where
        b1_0.visit_date=? 
        and b1_0.status='APPROVED'
2025-09-24 10:54:00 [http-nio-8080-exec-6] DEBUG org.hibernate.SQL - 
    select
        b1_0.id,
        b1_0.contact_email,
        b1_0.created_at,
        b1_0.institution_contact_number,
        b1_0.number_of_students,
        b1_0.number_of_teachers,
        b1_0.purpose_of_visit,
        b1_0.rejection_reason,
        b1_0.special_requirements,
        b1_0.status,
        b1_0.updated_at,
        b1_0.user_id,
        b1_0.visit_date 
    from
        bookings b1_0 
    where
        b1_0.user_id=? 
        and b1_0.visit_date=?
2025-09-24 10:54:00 [http-nio-8080-exec-6] DEBUG org.hibernate.SQL - 
    insert 
    into
        bookings
        (contact_email, created_at, institution_contact_number, number_of_students, number_of_teachers, purpose_of_visit, rejection_reason, special_requirements, status, updated_at, user_id, visit_date) 
    values
        (?, ?, ?, ?, ?, ?, ?, ?, ?, ?, ?, ?)
2025-09-24 10:54:00 [http-nio-8080-exec-6] DEBUG org.hibernate.SQL - 
    insert 
    into
        bus_details
        (booking_id, bus_capacity, bus_company, bus_number, conductor_name, conductor_nic, driver_contact, driver_license_number, driver_name, estimated_arrival_time, estimated_departure_time) 
    values
        (?, ?, ?, ?, ?, ?, ?, ?, ?, ?, ?)
2025-09-24 10:54:00 [http-nio-8080-exec-6] DEBUG org.hibernate.SQL - 
    insert 
    into
        teachers
        (booking_id, name, nic) 
    values
        (?, ?, ?)
2025-09-24 10:54:00 [http-nio-8080-exec-6] DEBUG org.hibernate.SQL - 
    insert 
    into
        guardians
        (booking_id, contact_number, name, nic) 
    values
        (?, ?, ?, ?)
2025-09-24 10:54:00 [http-nio-8080-exec-6] INFO  c.portbooking.service.EmailService - Preparing to send booking confirmation email to: info.thamindu@gmail.com
2025-09-24 10:54:00 [http-nio-8080-exec-6] DEBUG c.portbooking.service.EmailService - Email body:
Dear KIU,

Your SLPA education visit booking for 2025-10-16 has been submitted successfully.
We will review your application and notify you of the status.

Thank you for your interest in our educational program.

Best regards,
SLPA Education Visit Team
2025-09-24 10:54:04 [http-nio-8080-exec-6] ERROR c.portbooking.service.EmailService - Failed to send email confirmation to: info.thamindu@gmail.com
org.springframework.mail.MailSendException: Mail server connection failed. Failed messages: jakarta.mail.MessagingException: Could not connect to SMTP host: smtp.gmail.com, port: 465;
  nested exception is:
	java.net.SocketTimeoutException: Read timed out
	at org.springframework.mail.javamail.JavaMailSenderImpl.doSend(JavaMailSenderImpl.java:410)
	at org.springframework.mail.javamail.JavaMailSenderImpl.send(JavaMailSenderImpl.java:317)
	at org.springframework.mail.MailSender.send(MailSender.java:42)
	at com.portbooking.service.EmailService.sendBookingConfirmation(EmailService.java:75)
	at com.portbooking.service.BookingService.createBooking(BookingService.java:145)
	at java.base/jdk.internal.reflect.DirectMethodHandleAccessor.invoke(DirectMethodHandleAccessor.java:103)
	at java.base/java.lang.reflect.Method.invoke(Method.java:580)
	at org.springframework.aop.support.AopUtils.invokeJoinpointUsingReflection(AopUtils.java:352)
	at org.springframework.aop.framework.ReflectiveMethodInvocation.invokeJoinpoint(ReflectiveMethodInvocation.java:196)
	at org.springframework.aop.framework.ReflectiveMethodInvocation.proceed(ReflectiveMethodInvocation.java:163)
	at org.springframework.aop.framework.CglibAopProxy$CglibMethodInvocation.proceed(CglibAopProxy.java:765)
	at org.springframework.transaction.interceptor.TransactionInterceptor$1.proceedWithInvocation(TransactionInterceptor.java:123)
	at org.springframework.transaction.interceptor.TransactionAspectSupport.invokeWithinTransaction(TransactionAspectSupport.java:385)
	at org.springframework.transaction.interceptor.TransactionInterceptor.invoke(TransactionInterceptor.java:119)
	at org.springframework.aop.framework.ReflectiveMethodInvocation.proceed(ReflectiveMethodInvocation.java:184)
	at org.springframework.aop.framework.CglibAopProxy$CglibMethodInvocation.proceed(CglibAopProxy.java:765)
	at org.springframework.aop.framework.CglibAopProxy$DynamicAdvisedInterceptor.intercept(CglibAopProxy.java:717)
	at com.portbooking.service.BookingService$$SpringCGLIB$$0.createBooking(<generated>)
	at com.portbooking.controller.BookingController.createBooking(BookingController.java:51)
	at java.base/jdk.internal.reflect.DirectMethodHandleAccessor.invoke(DirectMethodHandleAccessor.java:103)
	at java.base/java.lang.reflect.Method.invoke(Method.java:580)
	at org.springframework.aop.support.AopUtils.invokeJoinpointUsingReflection(AopUtils.java:352)
	at org.springframework.aop.framework.CglibAopProxy$DynamicAdvisedInterceptor.intercept(CglibAopProxy.java:713)
	at com.portbooking.controller.BookingController$$SpringCGLIB$$0.createBooking(<generated>)
	at java.base/jdk.internal.reflect.DirectMethodHandleAccessor.invoke(DirectMethodHandleAccessor.java:103)
	at java.base/java.lang.reflect.Method.invoke(Method.java:580)
	at org.springframework.web.method.support.InvocableHandlerMethod.doInvoke(InvocableHandlerMethod.java:254)
	at org.springframework.web.method.support.InvocableHandlerMethod.invokeForRequest(InvocableHandlerMethod.java:182)
	at org.springframework.web.servlet.mvc.method.annotation.ServletInvocableHandlerMethod.invokeAndHandle(ServletInvocableHandlerMethod.java:118)
	at org.springframework.web.servlet.mvc.method.annotation.RequestMappingHandlerAdapter.invokeHandlerMethod(RequestMappingHandlerAdapter.java:917)
	at org.springframework.web.servlet.mvc.method.annotation.RequestMappingHandlerAdapter.handleInternal(RequestMappingHandlerAdapter.java:829)
	at org.springframework.web.servlet.mvc.method.AbstractHandlerMethodAdapter.handle(AbstractHandlerMethodAdapter.java:87)
	at org.springframework.web.servlet.DispatcherServlet.doDispatch(DispatcherServlet.java:1089)
	at org.springframework.web.servlet.DispatcherServlet.doService(DispatcherServlet.java:979)
	at org.springframework.web.servlet.FrameworkServlet.processRequest(FrameworkServlet.java:1014)
	at org.springframework.web.servlet.FrameworkServlet.doPost(FrameworkServlet.java:914)
	at jakarta.servlet.http.HttpServlet.service(HttpServlet.java:590)
	at org.springframework.web.servlet.FrameworkServlet.service(FrameworkServlet.java:885)
	at jakarta.servlet.http.HttpServlet.service(HttpServlet.java:658)
	at org.apache.catalina.core.ApplicationFilterChain.internalDoFilter(ApplicationFilterChain.java:205)
	at org.apache.catalina.core.ApplicationFilterChain.doFilter(ApplicationFilterChain.java:149)
	at org.apache.tomcat.websocket.server.WsFilter.doFilter(WsFilter.java:51)
	at org.apache.catalina.core.ApplicationFilterChain.internalDoFilter(ApplicationFilterChain.java:174)
	at org.apache.catalina.core.ApplicationFilterChain.doFilter(ApplicationFilterChain.java:149)
	at org.springframework.web.filter.OncePerRequestFilter.doFilter(OncePerRequestFilter.java:110)
	at org.apache.catalina.core.ApplicationFilterChain.internalDoFilter(ApplicationFilterChain.java:174)
	at org.apache.catalina.core.ApplicationFilterChain.doFilter(ApplicationFilterChain.java:149)
	at org.springframework.security.web.FilterChainProxy.lambda$doFilterInternal$3(FilterChainProxy.java:231)
	at org.springframework.security.web.ObservationFilterChainDecorator$FilterObservation$SimpleFilterObservation.lambda$wrap$1(ObservationFilterChainDecorator.java:479)
	at org.springframework.security.web.ObservationFilterChainDecorator$AroundFilterObservation$SimpleAroundFilterObservation.lambda$wrap$1(ObservationFilterChainDecorator.java:340)
	at org.springframework.security.web.ObservationFilterChainDecorator.lambda$wrapSecured$0(ObservationFilterChainDecorator.java:82)
	at org.springframework.security.web.ObservationFilterChainDecorator$VirtualFilterChain.doFilter(ObservationFilterChainDecorator.java:128)
	at org.springframework.security.web.access.intercept.AuthorizationFilter.doFilter(AuthorizationFilter.java:100)
	at org.springframework.security.web.ObservationFilterChainDecorator$ObservationFilter.wrapFilter(ObservationFilterChainDecorator.java:240)
	at org.springframework.security.web.ObservationFilterChainDecorator$ObservationFilter.doFilter(ObservationFilterChainDecorator.java:227)
	at org.springframework.security.web.ObservationFilterChainDecorator$VirtualFilterChain.doFilter(ObservationFilterChainDecorator.java:137)
	at org.springframework.security.web.access.ExceptionTranslationFilter.doFilter(ExceptionTranslationFilter.java:126)
	at org.springframework.security.web.access.ExceptionTranslationFilter.doFilter(ExceptionTranslationFilter.java:120)
	at org.springframework.security.web.ObservationFilterChainDecorator$ObservationFilter.wrapFilter(ObservationFilterChainDecorator.java:240)
	at org.springframework.security.web.ObservationFilterChainDecorator$ObservationFilter.doFilter(ObservationFilterChainDecorator.java:227)
	at org.springframework.security.web.ObservationFilterChainDecorator$VirtualFilterChain.doFilter(ObservationFilterChainDecorator.java:137)
	at org.springframework.security.web.session.SessionManagementFilter.doFilter(SessionManagementFilter.java:131)
	at org.springframework.security.web.session.SessionManagementFilter.doFilter(SessionManagementFilter.java:85)
	at org.springframework.security.web.ObservationFilterChainDecorator$ObservationFilter.wrapFilter(ObservationFilterChainDecorator.java:240)
	at org.springframework.security.web.ObservationFilterChainDecorator$ObservationFilter.doFilter(ObservationFilterChainDecorator.java:227)
	at org.springframework.security.web.ObservationFilterChainDecorator$VirtualFilterChain.doFilter(ObservationFilterChainDecorator.java:137)
	at org.springframework.security.web.authentication.AnonymousAuthenticationFilter.doFilter(AnonymousAuthenticationFilter.java:100)
	at org.springframework.security.web.ObservationFilterChainDecorator$ObservationFilter.wrapFilter(ObservationFilterChainDecorator.java:240)
	at org.springframework.security.web.ObservationFilterChainDecorator$ObservationFilter.doFilter(ObservationFilterChainDecorator.java:227)
	at org.springframework.security.web.ObservationFilterChainDecorator$VirtualFilterChain.doFilter(ObservationFilterChainDecorator.java:137)
	at org.springframework.security.web.servletapi.SecurityContextHolderAwareRequestFilter.doFilter(SecurityContextHolderAwareRequestFilter.java:179)
	at org.springframework.security.web.ObservationFilterChainDecorator$ObservationFilter.wrapFilter(ObservationFilterChainDecorator.java:240)
	at org.springframework.security.web.ObservationFilterChainDecorator$ObservationFilter.doFilter(ObservationFilterChainDecorator.java:227)
	at org.springframework.security.web.ObservationFilterChainDecorator$VirtualFilterChain.doFilter(ObservationFilterChainDecorator.java:137)
	at org.springframework.security.web.savedrequest.RequestCacheAwareFilter.doFilter(RequestCacheAwareFilter.java:63)
	at org.springframework.security.web.ObservationFilterChainDecorator$ObservationFilter.wrapFilter(ObservationFilterChainDecorator.java:240)
	at org.springframework.security.web.ObservationFilterChainDecorator$ObservationFilter.doFilter(ObservationFilterChainDecorator.java:227)
	at org.springframework.security.web.ObservationFilterChainDecorator$VirtualFilterChain.doFilter(ObservationFilterChainDecorator.java:137)
	at com.portbooking.security.AuthTokenFilter.doFilterInternal(AuthTokenFilter.java:59)
	at org.springframework.web.filter.OncePerRequestFilter.doFilter(OncePerRequestFilter.java:116)
	at org.springframework.security.web.ObservationFilterChainDecorator$ObservationFilter.wrapFilter(ObservationFilterChainDecorator.java:240)
	at org.springframework.security.web.ObservationFilterChainDecorator$ObservationFilter.doFilter(ObservationFilterChainDecorator.java:227)
	at org.springframework.security.web.ObservationFilterChainDecorator$VirtualFilterChain.doFilter(ObservationFilterChainDecorator.java:137)
	at org.springframework.security.web.authentication.logout.LogoutFilter.doFilter(LogoutFilter.java:107)
	at org.springframework.security.web.authentication.logout.LogoutFilter.doFilter(LogoutFilter.java:93)
	at org.springframework.security.web.ObservationFilterChainDecorator$ObservationFilter.wrapFilter(ObservationFilterChainDecorator.java:240)
	at org.springframework.security.web.ObservationFilterChainDecorator$ObservationFilter.doFilter(ObservationFilterChainDecorator.java:227)
	at org.springframework.security.web.ObservationFilterChainDecorator$VirtualFilterChain.doFilter(ObservationFilterChainDecorator.java:137)
	at org.springframework.web.filter.CorsFilter.doFilterInternal(CorsFilter.java:91)
	at org.springframework.web.filter.OncePerRequestFilter.doFilter(OncePerRequestFilter.java:116)
	at org.springframework.security.web.ObservationFilterChainDecorator$ObservationFilter.wrapFilter(ObservationFilterChainDecorator.java:240)
	at org.springframework.security.web.ObservationFilterChainDecorator$ObservationFilter.doFilter(ObservationFilterChainDecorator.java:227)
	at org.springframework.security.web.ObservationFilterChainDecorator$VirtualFilterChain.doFilter(ObservationFilterChainDecorator.java:137)
	at org.springframework.security.web.header.HeaderWriterFilter.doHeadersAfter(HeaderWriterFilter.java:90)
	at org.springframework.security.web.header.HeaderWriterFilter.doFilterInternal(HeaderWriterFilter.java:75)
	at org.springframework.web.filter.OncePerRequestFilter.doFilter(OncePerRequestFilter.java:116)
	at org.springframework.security.web.ObservationFilterChainDecorator$ObservationFilter.wrapFilter(ObservationFilterChainDecorator.java:240)
	at org.springframework.security.web.ObservationFilterChainDecorator$ObservationFilter.doFilter(ObservationFilterChainDecorator.java:227)
	at org.springframework.security.web.ObservationFilterChainDecorator$VirtualFilterChain.doFilter(ObservationFilterChainDecorator.java:137)
	at org.springframework.security.web.context.SecurityContextHolderFilter.doFilter(SecurityContextHolderFilter.java:82)
	at org.springframework.security.web.context.SecurityContextHolderFilter.doFilter(SecurityContextHolderFilter.java:69)
	at org.springframework.security.web.ObservationFilterChainDecorator$ObservationFilter.wrapFilter(ObservationFilterChainDecorator.java:240)
	at org.springframework.security.web.ObservationFilterChainDecorator$ObservationFilter.doFilter(ObservationFilterChainDecorator.java:227)
	at org.springframework.security.web.ObservationFilterChainDecorator$VirtualFilterChain.doFilter(ObservationFilterChainDecorator.java:137)
	at org.springframework.security.web.context.request.async.WebAsyncManagerIntegrationFilter.doFilterInternal(WebAsyncManagerIntegrationFilter.java:62)
	at org.springframework.web.filter.OncePerRequestFilter.doFilter(OncePerRequestFilter.java:116)
	at org.springframework.security.web.ObservationFilterChainDecorator$ObservationFilter.wrapFilter(ObservationFilterChainDecorator.java:240)
	at org.springframework.security.web.ObservationFilterChainDecorator$ObservationFilter.doFilter(ObservationFilterChainDecorator.java:227)
	at org.springframework.security.web.ObservationFilterChainDecorator$VirtualFilterChain.doFilter(ObservationFilterChainDecorator.java:137)
	at org.springframework.security.web.session.DisableEncodeUrlFilter.doFilterInternal(DisableEncodeUrlFilter.java:42)
	at org.springframework.web.filter.OncePerRequestFilter.doFilter(OncePerRequestFilter.java:116)
	at org.springframework.security.web.ObservationFilterChainDecorator$ObservationFilter.wrapFilter(ObservationFilterChainDecorator.java:240)
	at org.springframework.security.web.ObservationFilterChainDecorator$AroundFilterObservation$SimpleAroundFilterObservation.lambda$wrap$0(ObservationFilterChainDecorator.java:323)
	at org.springframework.security.web.ObservationFilterChainDecorator$ObservationFilter.doFilter(ObservationFilterChainDecorator.java:224)
	at org.springframework.security.web.ObservationFilterChainDecorator$VirtualFilterChain.doFilter(ObservationFilterChainDecorator.java:137)
	at org.springframework.security.web.FilterChainProxy.doFilterInternal(FilterChainProxy.java:233)
	at org.springframework.security.web.FilterChainProxy.doFilter(FilterChainProxy.java:191)
	at org.springframework.web.filter.DelegatingFilterProxy.invokeDelegate(DelegatingFilterProxy.java:352)
	at org.springframework.web.filter.DelegatingFilterProxy.doFilter(DelegatingFilterProxy.java:268)
	at org.apache.catalina.core.ApplicationFilterChain.internalDoFilter(ApplicationFilterChain.java:174)
	at org.apache.catalina.core.ApplicationFilterChain.doFilter(ApplicationFilterChain.java:149)
	at org.springframework.web.filter.RequestContextFilter.doFilterInternal(RequestContextFilter.java:100)
	at org.springframework.web.filter.OncePerRequestFilter.doFilter(OncePerRequestFilter.java:116)
	at org.apache.catalina.core.ApplicationFilterChain.internalDoFilter(ApplicationFilterChain.java:174)
	at org.apache.catalina.core.ApplicationFilterChain.doFilter(ApplicationFilterChain.java:149)
	at org.springframework.web.filter.FormContentFilter.doFilterInternal(FormContentFilter.java:93)
	at org.springframework.web.filter.OncePerRequestFilter.doFilter(OncePerRequestFilter.java:116)
	at org.apache.catalina.core.ApplicationFilterChain.internalDoFilter(ApplicationFilterChain.java:174)
	at org.apache.catalina.core.ApplicationFilterChain.doFilter(ApplicationFilterChain.java:149)
	at org.springframework.web.filter.ServerHttpObservationFilter.doFilterInternal(ServerHttpObservationFilter.java:109)
	at org.springframework.web.filter.OncePerRequestFilter.doFilter(OncePerRequestFilter.java:116)
	at org.apache.catalina.core.ApplicationFilterChain.internalDoFilter(ApplicationFilterChain.java:174)
	at org.apache.catalina.core.ApplicationFilterChain.doFilter(ApplicationFilterChain.java:149)
	at org.springframework.web.filter.CharacterEncodingFilter.doFilterInternal(CharacterEncodingFilter.java:201)
	at org.springframework.web.filter.OncePerRequestFilter.doFilter(OncePerRequestFilter.java:116)
	at org.apache.catalina.core.ApplicationFilterChain.internalDoFilter(ApplicationFilterChain.java:174)
	at org.apache.catalina.core.ApplicationFilterChain.doFilter(ApplicationFilterChain.java:149)
	at org.apache.catalina.core.StandardWrapperValve.invoke(StandardWrapperValve.java:167)
	at org.apache.catalina.core.StandardContextValve.invoke(StandardContextValve.java:90)
	at org.apache.catalina.authenticator.AuthenticatorBase.invoke(AuthenticatorBase.java:482)
	at org.apache.catalina.core.StandardHostValve.invoke(StandardHostValve.java:115)
	at org.apache.catalina.valves.ErrorReportValve.invoke(ErrorReportValve.java:93)
	at org.apache.catalina.core.StandardEngineValve.invoke(StandardEngineValve.java:74)
	at org.apache.catalina.connector.CoyoteAdapter.service(CoyoteAdapter.java:340)
	at org.apache.coyote.http11.Http11Processor.service(Http11Processor.java:391)
	at org.apache.coyote.AbstractProcessorLight.process(AbstractProcessorLight.java:63)
	at org.apache.coyote.AbstractProtocol$ConnectionHandler.process(AbstractProtocol.java:896)
	at org.apache.tomcat.util.net.NioEndpoint$SocketProcessor.doRun(NioEndpoint.java:1744)
	at org.apache.tomcat.util.net.SocketProcessorBase.run(SocketProcessorBase.java:52)
	at org.apache.tomcat.util.threads.ThreadPoolExecutor.runWorker(ThreadPoolExecutor.java:1191)
	at org.apache.tomcat.util.threads.ThreadPoolExecutor$Worker.run(ThreadPoolExecutor.java:659)
	at org.apache.tomcat.util.threads.TaskThread$WrappingRunnable.run(TaskThread.java:61)
	at java.base/java.lang.Thread.run(Thread.java:1570)
Caused by: jakarta.mail.MessagingException: Could not connect to SMTP host: smtp.gmail.com, port: 465
	at org.eclipse.angus.mail.smtp.SMTPTransport.openServer(SMTPTransport.java:2245)
	at org.eclipse.angus.mail.smtp.SMTPTransport.protocolConnect(SMTPTransport.java:729)
	at jakarta.mail.Service.connect(Service.java:345)
	at org.springframework.mail.javamail.JavaMailSenderImpl.connectTransport(JavaMailSenderImpl.java:480)
	at org.springframework.mail.javamail.JavaMailSenderImpl.doSend(JavaMailSenderImpl.java:399)
	... 152 common frames omitted
Caused by: java.net.SocketTimeoutException: Read timed out
	at java.base/sun.nio.ch.NioSocketImpl.timedRead(NioSocketImpl.java:278)
	at java.base/sun.nio.ch.NioSocketImpl.implRead(NioSocketImpl.java:304)
	at java.base/sun.nio.ch.NioSocketImpl.read(NioSocketImpl.java:346)
	at java.base/sun.nio.ch.NioSocketImpl$1.read(NioSocketImpl.java:796)
	at java.base/java.net.Socket$SocketInputStream.implRead(Socket.java:1108)
	at java.base/java.net.Socket$SocketInputStream.read(Socket.java:1095)
	at java.base/sun.security.ssl.SSLSocketInputRecord.read(SSLSocketInputRecord.java:489)
	at java.base/sun.security.ssl.SSLSocketInputRecord.readHeader(SSLSocketInputRecord.java:483)
	at java.base/sun.security.ssl.SSLSocketInputRecord.decode(SSLSocketInputRecord.java:160)
	at java.base/sun.security.ssl.SSLTransport.decode(SSLTransport.java:111)
	at java.base/sun.security.ssl.SSLSocketImpl.decode(SSLSocketImpl.java:1507)
	at java.base/sun.security.ssl.SSLSocketImpl.readHandshakeRecord(SSLSocketImpl.java:1422)
	at java.base/sun.security.ssl.SSLSocketImpl.startHandshake(SSLSocketImpl.java:455)
	at java.base/sun.security.ssl.SSLSocketImpl.startHandshake(SSLSocketImpl.java:426)
	at org.eclipse.angus.mail.util.SocketFetcher.configureSSLSocket(SocketFetcher.java:628)
	at org.eclipse.angus.mail.util.SocketFetcher.createSocket(SocketFetcher.java:401)
	at org.eclipse.angus.mail.util.SocketFetcher.getSocket(SocketFetcher.java:235)
	at org.eclipse.angus.mail.smtp.SMTPTransport.openServer(SMTPTransport.java:2193)
	... 156 common frames omitted
2025-09-24 10:54:04 [http-nio-8080-exec-6] WARN  c.portbooking.service.BookingService - Email confirmation failed for booking creation, but booking was created successfully: Mail server connection failed. Failed messages: jakarta.mail.MessagingException: Could not connect to SMTP host: smtp.gmail.com, port: 465;
  nested exception is:
	java.net.SocketTimeoutException: Read timed out
2025-09-24 10:54:04 [http-nio-8080-exec-6] DEBUG org.hibernate.SQL - 
    select
        t1_0.id,
        t1_0.booking_id,
        t1_0.name,
        t1_0.nic 
    from
        teachers t1_0 
    where
        t1_0.booking_id=?
2025-09-24 10:54:04 [http-nio-8080-exec-6] DEBUG org.hibernate.SQL - 
    select
        g1_0.id,
        g1_0.booking_id,
        g1_0.contact_number,
        g1_0.name,
        g1_0.nic 
    from
        guardians g1_0 
    where
        g1_0.booking_id=?
2025-09-24 10:54:05 [http-nio-8080-exec-7] DEBUG o.s.security.web.FilterChainProxy - Securing GET /api/bookings/my-bookings
2025-09-24 10:54:05 [http-nio-8080-exec-7] DEBUG org.hibernate.SQL - 
    select
        u1_0.id,
        u1_0.contact_number,
        u1_0.email,
        u1_0.institution_name,
        u1_0.password,
        u1_0.role,
        u1_0.username 
    from
        users u1_0 
    where
        u1_0.username=?
2025-09-24 10:54:05 [http-nio-8080-exec-7] DEBUG o.s.security.web.FilterChainProxy - Secured GET /api/bookings/my-bookings
2025-09-24 10:54:05 [http-nio-8080-exec-7] DEBUG org.hibernate.SQL - 
    select
        u1_0.id,
        u1_0.contact_number,
        u1_0.email,
        u1_0.institution_name,
        u1_0.password,
        u1_0.role,
        u1_0.username 
    from
        users u1_0 
    where
        u1_0.username=?
2025-09-24 10:54:05 [http-nio-8080-exec-7] DEBUG org.hibernate.SQL - 
    select
        b1_0.id,
        b1_0.contact_email,
        b1_0.created_at,
        b1_0.institution_contact_number,
        b1_0.number_of_students,
        b1_0.number_of_teachers,
        b1_0.purpose_of_visit,
        b1_0.rejection_reason,
        b1_0.special_requirements,
        b1_0.status,
        b1_0.updated_at,
        b1_0.user_id,
        b1_0.visit_date 
    from
        bookings b1_0 
    where
        b1_0.user_id=?
2025-09-24 10:54:05 [http-nio-8080-exec-7] DEBUG org.hibernate.SQL - 
    select
        u1_0.id,
        u1_0.contact_number,
        u1_0.email,
        u1_0.institution_name,
        u1_0.password,
        u1_0.role,
        u1_0.username 
    from
        users u1_0 
    where
        u1_0.id=?
2025-09-24 10:54:05 [http-nio-8080-exec-7] DEBUG org.hibernate.SQL - 
    select
        bd1_0.booking_id,
        bd1_0.id,
        bd1_0.bus_capacity,
        bd1_0.bus_company,
        bd1_0.bus_number,
        bd1_0.conductor_name,
        bd1_0.conductor_nic,
        bd1_0.driver_contact,
        bd1_0.driver_license_number,
        bd1_0.driver_name,
        bd1_0.estimated_arrival_time,
        bd1_0.estimated_departure_time 
    from
        bus_details bd1_0 
    where
        bd1_0.booking_id=?
2025-09-24 10:54:05 [http-nio-8080-exec-7] DEBUG org.hibernate.SQL - 
    select
        t1_0.id,
        t1_0.booking_id,
        t1_0.name,
        t1_0.nic 
    from
        teachers t1_0 
    where
        t1_0.booking_id=?
2025-09-24 10:54:05 [http-nio-8080-exec-7] DEBUG org.hibernate.SQL - 
    select
        g1_0.id,
        g1_0.booking_id,
        g1_0.contact_number,
        g1_0.name,
        g1_0.nic 
    from
        guardians g1_0 
    where
        g1_0.booking_id=?
2025-09-24 10:54:05 [http-nio-8080-exec-7] DEBUG org.hibernate.SQL - 
    select
        bd1_0.booking_id,
        bd1_0.id,
        bd1_0.bus_capacity,
        bd1_0.bus_company,
        bd1_0.bus_number,
        bd1_0.conductor_name,
        bd1_0.conductor_nic,
        bd1_0.driver_contact,
        bd1_0.driver_license_number,
        bd1_0.driver_name,
        bd1_0.estimated_arrival_time,
        bd1_0.estimated_departure_time 
    from
        bus_details bd1_0 
    where
        bd1_0.booking_id=?
2025-09-24 10:54:05 [http-nio-8080-exec-7] DEBUG org.hibernate.SQL - 
    select
        t1_0.id,
        t1_0.booking_id,
        t1_0.name,
        t1_0.nic 
    from
        teachers t1_0 
    where
        t1_0.booking_id=?
2025-09-24 10:54:05 [http-nio-8080-exec-7] DEBUG org.hibernate.SQL - 
    select
        g1_0.id,
        g1_0.booking_id,
        g1_0.contact_number,
        g1_0.name,
        g1_0.nic 
    from
        guardians g1_0 
    where
        g1_0.booking_id=?
2025-09-24 10:54:05 [http-nio-8080-exec-7] DEBUG org.hibernate.SQL - 
    select
        bd1_0.booking_id,
        bd1_0.id,
        bd1_0.bus_capacity,
        bd1_0.bus_company,
        bd1_0.bus_number,
        bd1_0.conductor_name,
        bd1_0.conductor_nic,
        bd1_0.driver_contact,
        bd1_0.driver_license_number,
        bd1_0.driver_name,
        bd1_0.estimated_arrival_time,
        bd1_0.estimated_departure_time 
    from
        bus_details bd1_0 
    where
        bd1_0.booking_id=?
2025-09-24 10:54:05 [http-nio-8080-exec-7] DEBUG org.hibernate.SQL - 
    select
        t1_0.id,
        t1_0.booking_id,
        t1_0.name,
        t1_0.nic 
    from
        teachers t1_0 
    where
        t1_0.booking_id=?
2025-09-24 10:54:05 [http-nio-8080-exec-7] DEBUG org.hibernate.SQL - 
    select
        g1_0.id,
        g1_0.booking_id,
        g1_0.contact_number,
        g1_0.name,
        g1_0.nic 
    from
        guardians g1_0 
    where
        g1_0.booking_id=?
2025-09-24 10:54:05 [http-nio-8080-exec-7] DEBUG org.hibernate.SQL - 
    select
        bd1_0.booking_id,
        bd1_0.id,
        bd1_0.bus_capacity,
        bd1_0.bus_company,
        bd1_0.bus_number,
        bd1_0.conductor_name,
        bd1_0.conductor_nic,
        bd1_0.driver_contact,
        bd1_0.driver_license_number,
        bd1_0.driver_name,
        bd1_0.estimated_arrival_time,
        bd1_0.estimated_departure_time 
    from
        bus_details bd1_0 
    where
        bd1_0.booking_id=?
2025-09-24 10:54:05 [http-nio-8080-exec-7] DEBUG org.hibernate.SQL - 
    select
        t1_0.id,
        t1_0.booking_id,
        t1_0.name,
        t1_0.nic 
    from
        teachers t1_0 
    where
        t1_0.booking_id=?
2025-09-24 10:54:05 [http-nio-8080-exec-7] DEBUG org.hibernate.SQL - 
    select
        g1_0.id,
        g1_0.booking_id,
        g1_0.contact_number,
        g1_0.name,
        g1_0.nic 
    from
        guardians g1_0 
    where
        g1_0.booking_id=?
2025-09-24 10:54:05 [http-nio-8080-exec-7] DEBUG org.hibernate.SQL - 
    select
        bd1_0.booking_id,
        bd1_0.id,
        bd1_0.bus_capacity,
        bd1_0.bus_company,
        bd1_0.bus_number,
        bd1_0.conductor_name,
        bd1_0.conductor_nic,
        bd1_0.driver_contact,
        bd1_0.driver_license_number,
        bd1_0.driver_name,
        bd1_0.estimated_arrival_time,
        bd1_0.estimated_departure_time 
    from
        bus_details bd1_0 
    where
        bd1_0.booking_id=?
2025-09-24 10:54:05 [http-nio-8080-exec-7] DEBUG org.hibernate.SQL - 
    select
        t1_0.id,
        t1_0.booking_id,
        t1_0.name,
        t1_0.nic 
    from
        teachers t1_0 
    where
        t1_0.booking_id=?
2025-09-24 10:54:05 [http-nio-8080-exec-7] DEBUG org.hibernate.SQL - 
    select
        g1_0.id,
        g1_0.booking_id,
        g1_0.contact_number,
        g1_0.name,
        g1_0.nic 
    from
        guardians g1_0 
    where
        g1_0.booking_id=?
2025-09-24 10:54:05 [http-nio-8080-exec-7] DEBUG org.hibernate.SQL - 
    select
        bd1_0.booking_id,
        bd1_0.id,
        bd1_0.bus_capacity,
        bd1_0.bus_company,
        bd1_0.bus_number,
        bd1_0.conductor_name,
        bd1_0.conductor_nic,
        bd1_0.driver_contact,
        bd1_0.driver_license_number,
        bd1_0.driver_name,
        bd1_0.estimated_arrival_time,
        bd1_0.estimated_departure_time 
    from
        bus_details bd1_0 
    where
        bd1_0.booking_id=?
2025-09-24 10:54:05 [http-nio-8080-exec-7] DEBUG org.hibernate.SQL - 
    select
        t1_0.id,
        t1_0.booking_id,
        t1_0.name,
        t1_0.nic 
    from
        teachers t1_0 
    where
        t1_0.booking_id=?
2025-09-24 10:54:05 [http-nio-8080-exec-7] DEBUG org.hibernate.SQL - 
    select
        g1_0.id,
        g1_0.booking_id,
        g1_0.contact_number,
        g1_0.name,
        g1_0.nic 
    from
        guardians g1_0 
    where
        g1_0.booking_id=?
2025-09-24 10:54:05 [http-nio-8080-exec-7] DEBUG org.hibernate.SQL - 
    select
        bd1_0.booking_id,
        bd1_0.id,
        bd1_0.bus_capacity,
        bd1_0.bus_company,
        bd1_0.bus_number,
        bd1_0.conductor_name,
        bd1_0.conductor_nic,
        bd1_0.driver_contact,
        bd1_0.driver_license_number,
        bd1_0.driver_name,
        bd1_0.estimated_arrival_time,
        bd1_0.estimated_departure_time 
    from
        bus_details bd1_0 
    where
        bd1_0.booking_id=?
2025-09-24 10:54:05 [http-nio-8080-exec-7] DEBUG org.hibernate.SQL - 
    select
        t1_0.id,
        t1_0.booking_id,
        t1_0.name,
        t1_0.nic 
    from
        teachers t1_0 
    where
        t1_0.booking_id=?
2025-09-24 10:54:05 [http-nio-8080-exec-7] DEBUG org.hibernate.SQL - 
    select
        g1_0.id,
        g1_0.booking_id,
        g1_0.contact_number,
        g1_0.name,
        g1_0.nic 
    from
        guardians g1_0 
    where
        g1_0.booking_id=?
2025-09-24 10:54:05 [http-nio-8080-exec-7] DEBUG org.hibernate.SQL - 
    select
        bd1_0.booking_id,
        bd1_0.id,
        bd1_0.bus_capacity,
        bd1_0.bus_company,
        bd1_0.bus_number,
        bd1_0.conductor_name,
        bd1_0.conductor_nic,
        bd1_0.driver_contact,
        bd1_0.driver_license_number,
        bd1_0.driver_name,
        bd1_0.estimated_arrival_time,
        bd1_0.estimated_departure_time 
    from
        bus_details bd1_0 
    where
        bd1_0.booking_id=?
2025-09-24 10:54:05 [http-nio-8080-exec-7] DEBUG org.hibernate.SQL - 
    select
        t1_0.id,
        t1_0.booking_id,
        t1_0.name,
        t1_0.nic 
    from
        teachers t1_0 
    where
        t1_0.booking_id=?
2025-09-24 10:54:05 [http-nio-8080-exec-10] DEBUG o.s.security.web.FilterChainProxy - Securing GET /favicon.ico
2025-09-24 10:54:05 [http-nio-8080-exec-7] DEBUG org.hibernate.SQL - 
    select
        g1_0.id,
        g1_0.booking_id,
        g1_0.contact_number,
        g1_0.name,
        g1_0.nic 
    from
        guardians g1_0 
    where
        g1_0.booking_id=?
2025-09-24 10:54:05 [http-nio-8080-exec-7] DEBUG org.hibernate.SQL - 
    select
        bd1_0.booking_id,
        bd1_0.id,
        bd1_0.bus_capacity,
        bd1_0.bus_company,
        bd1_0.bus_number,
        bd1_0.conductor_name,
        bd1_0.conductor_nic,
        bd1_0.driver_contact,
        bd1_0.driver_license_number,
        bd1_0.driver_name,
        bd1_0.estimated_arrival_time,
        bd1_0.estimated_departure_time 
    from
        bus_details bd1_0 
    where
        bd1_0.booking_id=?
2025-09-24 10:54:05 [http-nio-8080-exec-10] DEBUG org.hibernate.SQL - 
    select
        u1_0.id,
        u1_0.contact_number,
        u1_0.email,
        u1_0.institution_name,
        u1_0.password,
        u1_0.role,
        u1_0.username 
    from
        users u1_0 
    where
        u1_0.username=?
2025-09-24 10:54:05 [http-nio-8080-exec-7] DEBUG org.hibernate.SQL - 
    select
        t1_0.id,
        t1_0.booking_id,
        t1_0.name,
        t1_0.nic 
    from
        teachers t1_0 
    where
        t1_0.booking_id=?
2025-09-24 10:54:05 [http-nio-8080-exec-10] DEBUG o.s.security.web.FilterChainProxy - Secured GET /favicon.ico
2025-09-24 10:54:05 [http-nio-8080-exec-7] DEBUG org.hibernate.SQL - 
    select
        g1_0.id,
        g1_0.booking_id,
        g1_0.contact_number,
        g1_0.name,
        g1_0.nic 
    from
        guardians g1_0 
    where
        g1_0.booking_id=?
2025-09-24 10:54:05 [http-nio-8080-exec-7] DEBUG org.hibernate.SQL - 
    select
        bd1_0.booking_id,
        bd1_0.id,
        bd1_0.bus_capacity,
        bd1_0.bus_company,
        bd1_0.bus_number,
        bd1_0.conductor_name,
        bd1_0.conductor_nic,
        bd1_0.driver_contact,
        bd1_0.driver_license_number,
        bd1_0.driver_name,
        bd1_0.estimated_arrival_time,
        bd1_0.estimated_departure_time 
    from
        bus_details bd1_0 
    where
        bd1_0.booking_id=?
2025-09-24 10:54:05 [http-nio-8080-exec-7] DEBUG org.hibernate.SQL - 
    select
        t1_0.id,
        t1_0.booking_id,
        t1_0.name,
        t1_0.nic 
    from
        teachers t1_0 
    where
        t1_0.booking_id=?
2025-09-24 10:54:05 [http-nio-8080-exec-7] DEBUG org.hibernate.SQL - 
    select
        g1_0.id,
        g1_0.booking_id,
        g1_0.contact_number,
        g1_0.name,
        g1_0.nic 
    from
        guardians g1_0 
    where
        g1_0.booking_id=?
2025-09-24 10:54:05 [http-nio-8080-exec-7] DEBUG org.hibernate.SQL - 
    select
        bd1_0.booking_id,
        bd1_0.id,
        bd1_0.bus_capacity,
        bd1_0.bus_company,
        bd1_0.bus_number,
        bd1_0.conductor_name,
        bd1_0.conductor_nic,
        bd1_0.driver_contact,
        bd1_0.driver_license_number,
        bd1_0.driver_name,
        bd1_0.estimated_arrival_time,
        bd1_0.estimated_departure_time 
    from
        bus_details bd1_0 
    where
        bd1_0.booking_id=?
2025-09-24 10:54:05 [http-nio-8080-exec-7] DEBUG org.hibernate.SQL - 
    select
        t1_0.id,
        t1_0.booking_id,
        t1_0.name,
        t1_0.nic 
    from
        teachers t1_0 
    where
        t1_0.booking_id=?
2025-09-24 10:54:05 [http-nio-8080-exec-7] DEBUG org.hibernate.SQL - 
    select
        g1_0.id,
        g1_0.booking_id,
        g1_0.contact_number,
        g1_0.name,
        g1_0.nic 
    from
        guardians g1_0 
    where
        g1_0.booking_id=?
2025-09-24 10:54:05 [http-nio-8080-exec-7] DEBUG org.hibernate.SQL - 
    select
        bd1_0.booking_id,
        bd1_0.id,
        bd1_0.bus_capacity,
        bd1_0.bus_company,
        bd1_0.bus_number,
        bd1_0.conductor_name,
        bd1_0.conductor_nic,
        bd1_0.driver_contact,
        bd1_0.driver_license_number,
        bd1_0.driver_name,
        bd1_0.estimated_arrival_time,
        bd1_0.estimated_departure_time 
    from
        bus_details bd1_0 
    where
        bd1_0.booking_id=?
2025-09-24 10:54:05 [http-nio-8080-exec-7] DEBUG org.hibernate.SQL - 
    select
        t1_0.id,
        t1_0.booking_id,
        t1_0.name,
        t1_0.nic 
    from
        teachers t1_0 
    where
        t1_0.booking_id=?
2025-09-24 10:54:05 [http-nio-8080-exec-7] DEBUG org.hibernate.SQL - 
    select
        g1_0.id,
        g1_0.booking_id,
        g1_0.contact_number,
        g1_0.name,
        g1_0.nic 
    from
        guardians g1_0 
    where
        g1_0.booking_id=?
2025-09-24 10:54:05 [http-nio-8080-exec-7] DEBUG org.hibernate.SQL - 
    select
        bd1_0.booking_id,
        bd1_0.id,
        bd1_0.bus_capacity,
        bd1_0.bus_company,
        bd1_0.bus_number,
        bd1_0.conductor_name,
        bd1_0.conductor_nic,
        bd1_0.driver_contact,
        bd1_0.driver_license_number,
        bd1_0.driver_name,
        bd1_0.estimated_arrival_time,
        bd1_0.estimated_departure_time 
    from
        bus_details bd1_0 
    where
        bd1_0.booking_id=?
2025-09-24 10:54:05 [http-nio-8080-exec-7] DEBUG org.hibernate.SQL - 
    select
        t1_0.id,
        t1_0.booking_id,
        t1_0.name,
        t1_0.nic 
    from
        teachers t1_0 
    where
        t1_0.booking_id=?
2025-09-24 10:54:05 [http-nio-8080-exec-7] DEBUG org.hibernate.SQL - 
    select
        g1_0.id,
        g1_0.booking_id,
        g1_0.contact_number,
        g1_0.name,
        g1_0.nic 
    from
        guardians g1_0 
    where
        g1_0.booking_id=?
2025-09-24 10:54:05 [http-nio-8080-exec-7] DEBUG org.hibernate.SQL - 
    select
        bd1_0.booking_id,
        bd1_0.id,
        bd1_0.bus_capacity,
        bd1_0.bus_company,
        bd1_0.bus_number,
        bd1_0.conductor_name,
        bd1_0.conductor_nic,
        bd1_0.driver_contact,
        bd1_0.driver_license_number,
        bd1_0.driver_name,
        bd1_0.estimated_arrival_time,
        bd1_0.estimated_departure_time 
    from
        bus_details bd1_0 
    where
        bd1_0.booking_id=?
2025-09-24 10:54:05 [http-nio-8080-exec-7] DEBUG org.hibernate.SQL - 
    select
        t1_0.id,
        t1_0.booking_id,
        t1_0.name,
        t1_0.nic 
    from
        teachers t1_0 
    where
        t1_0.booking_id=?
2025-09-24 10:54:05 [http-nio-8080-exec-7] DEBUG org.hibernate.SQL - 
    select
        g1_0.id,
        g1_0.booking_id,
        g1_0.contact_number,
        g1_0.name,
        g1_0.nic 
    from
        guardians g1_0 
    where
        g1_0.booking_id=?
2025-09-24 10:54:05 [http-nio-8080-exec-7] DEBUG org.hibernate.SQL - 
    select
        bd1_0.booking_id,
        bd1_0.id,
        bd1_0.bus_capacity,
        bd1_0.bus_company,
        bd1_0.bus_number,
        bd1_0.conductor_name,
        bd1_0.conductor_nic,
        bd1_0.driver_contact,
        bd1_0.driver_license_number,
        bd1_0.driver_name,
        bd1_0.estimated_arrival_time,
        bd1_0.estimated_departure_time 
    from
        bus_details bd1_0 
    where
        bd1_0.booking_id=?
2025-09-24 10:54:05 [http-nio-8080-exec-7] DEBUG org.hibernate.SQL - 
    select
        t1_0.id,
        t1_0.booking_id,
        t1_0.name,
        t1_0.nic 
    from
        teachers t1_0 
    where
        t1_0.booking_id=?
2025-09-24 10:54:05 [http-nio-8080-exec-7] DEBUG org.hibernate.SQL - 
    select
        g1_0.id,
        g1_0.booking_id,
        g1_0.contact_number,
        g1_0.name,
        g1_0.nic 
    from
        guardians g1_0 
    where
        g1_0.booking_id=?
2025-09-24 10:54:05 [http-nio-8080-exec-7] DEBUG org.hibernate.SQL - 
    select
        bd1_0.booking_id,
        bd1_0.id,
        bd1_0.bus_capacity,
        bd1_0.bus_company,
        bd1_0.bus_number,
        bd1_0.conductor_name,
        bd1_0.conductor_nic,
        bd1_0.driver_contact,
        bd1_0.driver_license_number,
        bd1_0.driver_name,
        bd1_0.estimated_arrival_time,
        bd1_0.estimated_departure_time 
    from
        bus_details bd1_0 
    where
        bd1_0.booking_id=?
2025-09-24 10:54:05 [http-nio-8080-exec-7] DEBUG org.hibernate.SQL - 
    select
        t1_0.id,
        t1_0.booking_id,
        t1_0.name,
        t1_0.nic 
    from
        teachers t1_0 
    where
        t1_0.booking_id=?
2025-09-24 10:54:05 [http-nio-8080-exec-7] DEBUG org.hibernate.SQL - 
    select
        g1_0.id,
        g1_0.booking_id,
        g1_0.contact_number,
        g1_0.name,
        g1_0.nic 
    from
        guardians g1_0 
    where
        g1_0.booking_id=?
2025-09-24 10:54:05 [http-nio-8080-exec-7] DEBUG org.hibernate.SQL - 
    select
        bd1_0.booking_id,
        bd1_0.id,
        bd1_0.bus_capacity,
        bd1_0.bus_company,
        bd1_0.bus_number,
        bd1_0.conductor_name,
        bd1_0.conductor_nic,
        bd1_0.driver_contact,
        bd1_0.driver_license_number,
        bd1_0.driver_name,
        bd1_0.estimated_arrival_time,
        bd1_0.estimated_departure_time 
    from
        bus_details bd1_0 
    where
        bd1_0.booking_id=?
2025-09-24 10:54:05 [http-nio-8080-exec-7] DEBUG org.hibernate.SQL - 
    select
        t1_0.id,
        t1_0.booking_id,
        t1_0.name,
        t1_0.nic 
    from
        teachers t1_0 
    where
        t1_0.booking_id=?
2025-09-24 10:54:05 [http-nio-8080-exec-7] DEBUG org.hibernate.SQL - 
    select
        g1_0.id,
        g1_0.booking_id,
        g1_0.contact_number,
        g1_0.name,
        g1_0.nic 
    from
        guardians g1_0 
    where
        g1_0.booking_id=?
2025-09-24 10:54:05 [http-nio-8080-exec-7] DEBUG org.hibernate.SQL - 
    select
        bd1_0.booking_id,
        bd1_0.id,
        bd1_0.bus_capacity,
        bd1_0.bus_company,
        bd1_0.bus_number,
        bd1_0.conductor_name,
        bd1_0.conductor_nic,
        bd1_0.driver_contact,
        bd1_0.driver_license_number,
        bd1_0.driver_name,
        bd1_0.estimated_arrival_time,
        bd1_0.estimated_departure_time 
    from
        bus_details bd1_0 
    where
        bd1_0.booking_id=?
2025-09-24 10:54:05 [http-nio-8080-exec-7] DEBUG org.hibernate.SQL - 
    select
        t1_0.id,
        t1_0.booking_id,
        t1_0.name,
        t1_0.nic 
    from
        teachers t1_0 
    where
        t1_0.booking_id=?
2025-09-24 10:54:05 [http-nio-8080-exec-7] DEBUG org.hibernate.SQL - 
    select
        g1_0.id,
        g1_0.booking_id,
        g1_0.contact_number,
        g1_0.name,
        g1_0.nic 
    from
        guardians g1_0 
    where
        g1_0.booking_id=?
2025-09-24 10:54:05 [http-nio-8080-exec-7] DEBUG org.hibernate.SQL - 
    select
        bd1_0.booking_id,
        bd1_0.id,
        bd1_0.bus_capacity,
        bd1_0.bus_company,
        bd1_0.bus_number,
        bd1_0.conductor_name,
        bd1_0.conductor_nic,
        bd1_0.driver_contact,
        bd1_0.driver_license_number,
        bd1_0.driver_name,
        bd1_0.estimated_arrival_time,
        bd1_0.estimated_departure_time 
    from
        bus_details bd1_0 
    where
        bd1_0.booking_id=?
2025-09-24 10:54:05 [http-nio-8080-exec-7] DEBUG org.hibernate.SQL - 
    select
        t1_0.id,
        t1_0.booking_id,
        t1_0.name,
        t1_0.nic 
    from
        teachers t1_0 
    where
        t1_0.booking_id=?
2025-09-24 10:54:05 [http-nio-8080-exec-7] DEBUG org.hibernate.SQL - 
    select
        g1_0.id,
        g1_0.booking_id,
        g1_0.contact_number,
        g1_0.name,
        g1_0.nic 
    from
        guardians g1_0 
    where
        g1_0.booking_id=?
2025-09-24 10:54:05 [http-nio-8080-exec-7] DEBUG org.hibernate.SQL - 
    select
        bd1_0.booking_id,
        bd1_0.id,
        bd1_0.bus_capacity,
        bd1_0.bus_company,
        bd1_0.bus_number,
        bd1_0.conductor_name,
        bd1_0.conductor_nic,
        bd1_0.driver_contact,
        bd1_0.driver_license_number,
        bd1_0.driver_name,
        bd1_0.estimated_arrival_time,
        bd1_0.estimated_departure_time 
    from
        bus_details bd1_0 
    where
        bd1_0.booking_id=?
2025-09-24 10:54:05 [http-nio-8080-exec-7] DEBUG org.hibernate.SQL - 
    select
        t1_0.id,
        t1_0.booking_id,
        t1_0.name,
        t1_0.nic 
    from
        teachers t1_0 
    where
        t1_0.booking_id=?
2025-09-24 10:54:05 [http-nio-8080-exec-7] DEBUG org.hibernate.SQL - 
    select
        g1_0.id,
        g1_0.booking_id,
        g1_0.contact_number,
        g1_0.name,
        g1_0.nic 
    from
        guardians g1_0 
    where
        g1_0.booking_id=?
2025-09-24 10:54:05 [http-nio-8080-exec-7] DEBUG org.hibernate.SQL - 
    select
        bd1_0.booking_id,
        bd1_0.id,
        bd1_0.bus_capacity,
        bd1_0.bus_company,
        bd1_0.bus_number,
        bd1_0.conductor_name,
        bd1_0.conductor_nic,
        bd1_0.driver_contact,
        bd1_0.driver_license_number,
        bd1_0.driver_name,
        bd1_0.estimated_arrival_time,
        bd1_0.estimated_departure_time 
    from
        bus_details bd1_0 
    where
        bd1_0.booking_id=?
2025-09-24 10:54:05 [http-nio-8080-exec-7] DEBUG org.hibernate.SQL - 
    select
        t1_0.id,
        t1_0.booking_id,
        t1_0.name,
        t1_0.nic 
    from
        teachers t1_0 
    where
        t1_0.booking_id=?
2025-09-24 10:54:05 [http-nio-8080-exec-7] DEBUG org.hibernate.SQL - 
    select
        g1_0.id,
        g1_0.booking_id,
        g1_0.contact_number,
        g1_0.name,
        g1_0.nic 
    from
        guardians g1_0 
    where
        g1_0.booking_id=?
2025-09-24 10:54:05 [http-nio-8080-exec-7] DEBUG org.hibernate.SQL - 
    select
        bd1_0.booking_id,
        bd1_0.id,
        bd1_0.bus_capacity,
        bd1_0.bus_company,
        bd1_0.bus_number,
        bd1_0.conductor_name,
        bd1_0.conductor_nic,
        bd1_0.driver_contact,
        bd1_0.driver_license_number,
        bd1_0.driver_name,
        bd1_0.estimated_arrival_time,
        bd1_0.estimated_departure_time 
    from
        bus_details bd1_0 
    where
        bd1_0.booking_id=?
2025-09-24 10:54:05 [http-nio-8080-exec-7] DEBUG org.hibernate.SQL - 
    select
        t1_0.id,
        t1_0.booking_id,
        t1_0.name,
        t1_0.nic 
    from
        teachers t1_0 
    where
        t1_0.booking_id=?
2025-09-24 10:54:05 [http-nio-8080-exec-7] DEBUG org.hibernate.SQL - 
    select
        g1_0.id,
        g1_0.booking_id,
        g1_0.contact_number,
        g1_0.name,
        g1_0.nic 
    from
        guardians g1_0 
    where
        g1_0.booking_id=?
2025-09-24 10:54:05 [http-nio-8080-exec-7] DEBUG org.hibernate.SQL - 
    select
        bd1_0.booking_id,
        bd1_0.id,
        bd1_0.bus_capacity,
        bd1_0.bus_company,
        bd1_0.bus_number,
        bd1_0.conductor_name,
        bd1_0.conductor_nic,
        bd1_0.driver_contact,
        bd1_0.driver_license_number,
        bd1_0.driver_name,
        bd1_0.estimated_arrival_time,
        bd1_0.estimated_departure_time 
    from
        bus_details bd1_0 
    where
        bd1_0.booking_id=?
2025-09-24 10:54:05 [http-nio-8080-exec-7] DEBUG org.hibernate.SQL - 
    select
        t1_0.id,
        t1_0.booking_id,
        t1_0.name,
        t1_0.nic 
    from
        teachers t1_0 
    where
        t1_0.booking_id=?
2025-09-24 10:54:05 [http-nio-8080-exec-7] DEBUG org.hibernate.SQL - 
    select
        g1_0.id,
        g1_0.booking_id,
        g1_0.contact_number,
        g1_0.name,
        g1_0.nic 
    from
        guardians g1_0 
    where
        g1_0.booking_id=?
2025-09-24 10:54:05 [http-nio-8080-exec-7] DEBUG org.hibernate.SQL - 
    select
        bd1_0.booking_id,
        bd1_0.id,
        bd1_0.bus_capacity,
        bd1_0.bus_company,
        bd1_0.bus_number,
        bd1_0.conductor_name,
        bd1_0.conductor_nic,
        bd1_0.driver_contact,
        bd1_0.driver_license_number,
        bd1_0.driver_name,
        bd1_0.estimated_arrival_time,
        bd1_0.estimated_departure_time 
    from
        bus_details bd1_0 
    where
        bd1_0.booking_id=?
2025-09-24 10:54:05 [http-nio-8080-exec-7] DEBUG org.hibernate.SQL - 
    select
        t1_0.id,
        t1_0.booking_id,
        t1_0.name,
        t1_0.nic 
    from
        teachers t1_0 
    where
        t1_0.booking_id=?
2025-09-24 10:54:05 [http-nio-8080-exec-7] DEBUG org.hibernate.SQL - 
    select
        g1_0.id,
        g1_0.booking_id,
        g1_0.contact_number,
        g1_0.name,
        g1_0.nic 
    from
        guardians g1_0 
    where
        g1_0.booking_id=?
2025-09-24 10:54:05 [http-nio-8080-exec-7] DEBUG org.hibernate.SQL - 
    select
        bd1_0.booking_id,
        bd1_0.id,
        bd1_0.bus_capacity,
        bd1_0.bus_company,
        bd1_0.bus_number,
        bd1_0.conductor_name,
        bd1_0.conductor_nic,
        bd1_0.driver_contact,
        bd1_0.driver_license_number,
        bd1_0.driver_name,
        bd1_0.estimated_arrival_time,
        bd1_0.estimated_departure_time 
    from
        bus_details bd1_0 
    where
        bd1_0.booking_id=?
2025-09-24 10:54:05 [http-nio-8080-exec-7] DEBUG org.hibernate.SQL - 
    select
        t1_0.id,
        t1_0.booking_id,
        t1_0.name,
        t1_0.nic 
    from
        teachers t1_0 
    where
        t1_0.booking_id=?
2025-09-24 10:54:05 [http-nio-8080-exec-7] DEBUG org.hibernate.SQL - 
    select
        g1_0.id,
        g1_0.booking_id,
        g1_0.contact_number,
        g1_0.name,
        g1_0.nic 
    from
        guardians g1_0 
    where
        g1_0.booking_id=?
2025-09-24 10:54:06 [http-nio-8080-exec-1] DEBUG o.s.security.web.FilterChainProxy - Securing GET /api/bookings/my-bookings
2025-09-24 10:54:06 [http-nio-8080-exec-1] DEBUG org.hibernate.SQL - 
    select
        u1_0.id,
        u1_0.contact_number,
        u1_0.email,
        u1_0.institution_name,
        u1_0.password,
        u1_0.role,
        u1_0.username 
    from
        users u1_0 
    where
        u1_0.username=?
2025-09-24 10:54:06 [http-nio-8080-exec-1] DEBUG o.s.security.web.FilterChainProxy - Secured GET /api/bookings/my-bookings
2025-09-24 10:54:06 [http-nio-8080-exec-1] DEBUG org.hibernate.SQL - 
    select
        u1_0.id,
        u1_0.contact_number,
        u1_0.email,
        u1_0.institution_name,
        u1_0.password,
        u1_0.role,
        u1_0.username 
    from
        users u1_0 
    where
        u1_0.username=?
2025-09-24 10:54:06 [http-nio-8080-exec-1] DEBUG org.hibernate.SQL - 
    select
        b1_0.id,
        b1_0.contact_email,
        b1_0.created_at,
        b1_0.institution_contact_number,
        b1_0.number_of_students,
        b1_0.number_of_teachers,
        b1_0.purpose_of_visit,
        b1_0.rejection_reason,
        b1_0.special_requirements,
        b1_0.status,
        b1_0.updated_at,
        b1_0.user_id,
        b1_0.visit_date 
    from
        bookings b1_0 
    where
        b1_0.user_id=?
2025-09-24 10:54:06 [http-nio-8080-exec-1] DEBUG org.hibernate.SQL - 
    select
        u1_0.id,
        u1_0.contact_number,
        u1_0.email,
        u1_0.institution_name,
        u1_0.password,
        u1_0.role,
        u1_0.username 
    from
        users u1_0 
    where
        u1_0.id=?
2025-09-24 10:54:06 [http-nio-8080-exec-1] DEBUG org.hibernate.SQL - 
    select
        bd1_0.booking_id,
        bd1_0.id,
        bd1_0.bus_capacity,
        bd1_0.bus_company,
        bd1_0.bus_number,
        bd1_0.conductor_name,
        bd1_0.conductor_nic,
        bd1_0.driver_contact,
        bd1_0.driver_license_number,
        bd1_0.driver_name,
        bd1_0.estimated_arrival_time,
        bd1_0.estimated_departure_time 
    from
        bus_details bd1_0 
    where
        bd1_0.booking_id=?
2025-09-24 10:54:06 [http-nio-8080-exec-1] DEBUG org.hibernate.SQL - 
    select
        t1_0.id,
        t1_0.booking_id,
        t1_0.name,
        t1_0.nic 
    from
        teachers t1_0 
    where
        t1_0.booking_id=?
2025-09-24 10:54:06 [http-nio-8080-exec-1] DEBUG org.hibernate.SQL - 
    select
        g1_0.id,
        g1_0.booking_id,
        g1_0.contact_number,
        g1_0.name,
        g1_0.nic 
    from
        guardians g1_0 
    where
        g1_0.booking_id=?
2025-09-24 10:54:06 [http-nio-8080-exec-1] DEBUG org.hibernate.SQL - 
    select
        bd1_0.booking_id,
        bd1_0.id,
        bd1_0.bus_capacity,
        bd1_0.bus_company,
        bd1_0.bus_number,
        bd1_0.conductor_name,
        bd1_0.conductor_nic,
        bd1_0.driver_contact,
        bd1_0.driver_license_number,
        bd1_0.driver_name,
        bd1_0.estimated_arrival_time,
        bd1_0.estimated_departure_time 
    from
        bus_details bd1_0 
    where
        bd1_0.booking_id=?
2025-09-24 10:54:06 [http-nio-8080-exec-1] DEBUG org.hibernate.SQL - 
    select
        t1_0.id,
        t1_0.booking_id,
        t1_0.name,
        t1_0.nic 
    from
        teachers t1_0 
    where
        t1_0.booking_id=?
2025-09-24 10:54:06 [http-nio-8080-exec-1] DEBUG org.hibernate.SQL - 
    select
        g1_0.id,
        g1_0.booking_id,
        g1_0.contact_number,
        g1_0.name,
        g1_0.nic 
    from
        guardians g1_0 
    where
        g1_0.booking_id=?
2025-09-24 10:54:06 [http-nio-8080-exec-1] DEBUG org.hibernate.SQL - 
    select
        bd1_0.booking_id,
        bd1_0.id,
        bd1_0.bus_capacity,
        bd1_0.bus_company,
        bd1_0.bus_number,
        bd1_0.conductor_name,
        bd1_0.conductor_nic,
        bd1_0.driver_contact,
        bd1_0.driver_license_number,
        bd1_0.driver_name,
        bd1_0.estimated_arrival_time,
        bd1_0.estimated_departure_time 
    from
        bus_details bd1_0 
    where
        bd1_0.booking_id=?
2025-09-24 10:54:06 [http-nio-8080-exec-1] DEBUG org.hibernate.SQL - 
    select
        t1_0.id,
        t1_0.booking_id,
        t1_0.name,
        t1_0.nic 
    from
        teachers t1_0 
    where
        t1_0.booking_id=?
2025-09-24 10:54:06 [http-nio-8080-exec-1] DEBUG org.hibernate.SQL - 
    select
        g1_0.id,
        g1_0.booking_id,
        g1_0.contact_number,
        g1_0.name,
        g1_0.nic 
    from
        guardians g1_0 
    where
        g1_0.booking_id=?
2025-09-24 10:54:06 [http-nio-8080-exec-1] DEBUG org.hibernate.SQL - 
    select
        bd1_0.booking_id,
        bd1_0.id,
        bd1_0.bus_capacity,
        bd1_0.bus_company,
        bd1_0.bus_number,
        bd1_0.conductor_name,
        bd1_0.conductor_nic,
        bd1_0.driver_contact,
        bd1_0.driver_license_number,
        bd1_0.driver_name,
        bd1_0.estimated_arrival_time,
        bd1_0.estimated_departure_time 
    from
        bus_details bd1_0 
    where
        bd1_0.booking_id=?
2025-09-24 10:54:06 [http-nio-8080-exec-1] DEBUG org.hibernate.SQL - 
    select
        t1_0.id,
        t1_0.booking_id,
        t1_0.name,
        t1_0.nic 
    from
        teachers t1_0 
    where
        t1_0.booking_id=?
2025-09-24 10:54:06 [http-nio-8080-exec-1] DEBUG org.hibernate.SQL - 
    select
        g1_0.id,
        g1_0.booking_id,
        g1_0.contact_number,
        g1_0.name,
        g1_0.nic 
    from
        guardians g1_0 
    where
        g1_0.booking_id=?
2025-09-24 10:54:06 [http-nio-8080-exec-1] DEBUG org.hibernate.SQL - 
    select
        bd1_0.booking_id,
        bd1_0.id,
        bd1_0.bus_capacity,
        bd1_0.bus_company,
        bd1_0.bus_number,
        bd1_0.conductor_name,
        bd1_0.conductor_nic,
        bd1_0.driver_contact,
        bd1_0.driver_license_number,
        bd1_0.driver_name,
        bd1_0.estimated_arrival_time,
        bd1_0.estimated_departure_time 
    from
        bus_details bd1_0 
    where
        bd1_0.booking_id=?
2025-09-24 10:54:06 [http-nio-8080-exec-1] DEBUG org.hibernate.SQL - 
    select
        t1_0.id,
        t1_0.booking_id,
        t1_0.name,
        t1_0.nic 
    from
        teachers t1_0 
    where
        t1_0.booking_id=?
2025-09-24 10:54:06 [http-nio-8080-exec-1] DEBUG org.hibernate.SQL - 
    select
        g1_0.id,
        g1_0.booking_id,
        g1_0.contact_number,
        g1_0.name,
        g1_0.nic 
    from
        guardians g1_0 
    where
        g1_0.booking_id=?
2025-09-24 10:54:06 [http-nio-8080-exec-1] DEBUG org.hibernate.SQL - 
    select
        bd1_0.booking_id,
        bd1_0.id,
        bd1_0.bus_capacity,
        bd1_0.bus_company,
        bd1_0.bus_number,
        bd1_0.conductor_name,
        bd1_0.conductor_nic,
        bd1_0.driver_contact,
        bd1_0.driver_license_number,
        bd1_0.driver_name,
        bd1_0.estimated_arrival_time,
        bd1_0.estimated_departure_time 
    from
        bus_details bd1_0 
    where
        bd1_0.booking_id=?
2025-09-24 10:54:06 [http-nio-8080-exec-1] DEBUG org.hibernate.SQL - 
    select
        t1_0.id,
        t1_0.booking_id,
        t1_0.name,
        t1_0.nic 
    from
        teachers t1_0 
    where
        t1_0.booking_id=?
2025-09-24 10:54:06 [http-nio-8080-exec-1] DEBUG org.hibernate.SQL - 
    select
        g1_0.id,
        g1_0.booking_id,
        g1_0.contact_number,
        g1_0.name,
        g1_0.nic 
    from
        guardians g1_0 
    where
        g1_0.booking_id=?
2025-09-24 10:54:06 [http-nio-8080-exec-1] DEBUG org.hibernate.SQL - 
    select
        bd1_0.booking_id,
        bd1_0.id,
        bd1_0.bus_capacity,
        bd1_0.bus_company,
        bd1_0.bus_number,
        bd1_0.conductor_name,
        bd1_0.conductor_nic,
        bd1_0.driver_contact,
        bd1_0.driver_license_number,
        bd1_0.driver_name,
        bd1_0.estimated_arrival_time,
        bd1_0.estimated_departure_time 
    from
        bus_details bd1_0 
    where
        bd1_0.booking_id=?
2025-09-24 10:54:06 [http-nio-8080-exec-1] DEBUG org.hibernate.SQL - 
    select
        t1_0.id,
        t1_0.booking_id,
        t1_0.name,
        t1_0.nic 
    from
        teachers t1_0 
    where
        t1_0.booking_id=?
2025-09-24 10:54:06 [http-nio-8080-exec-1] DEBUG org.hibernate.SQL - 
    select
        g1_0.id,
        g1_0.booking_id,
        g1_0.contact_number,
        g1_0.name,
        g1_0.nic 
    from
        guardians g1_0 
    where
        g1_0.booking_id=?
2025-09-24 10:54:06 [http-nio-8080-exec-1] DEBUG org.hibernate.SQL - 
    select
        bd1_0.booking_id,
        bd1_0.id,
        bd1_0.bus_capacity,
        bd1_0.bus_company,
        bd1_0.bus_number,
        bd1_0.conductor_name,
        bd1_0.conductor_nic,
        bd1_0.driver_contact,
        bd1_0.driver_license_number,
        bd1_0.driver_name,
        bd1_0.estimated_arrival_time,
        bd1_0.estimated_departure_time 
    from
        bus_details bd1_0 
    where
        bd1_0.booking_id=?
2025-09-24 10:54:06 [http-nio-8080-exec-1] DEBUG org.hibernate.SQL - 
    select
        t1_0.id,
        t1_0.booking_id,
        t1_0.name,
        t1_0.nic 
    from
        teachers t1_0 
    where
        t1_0.booking_id=?
2025-09-24 10:54:06 [http-nio-8080-exec-1] DEBUG org.hibernate.SQL - 
    select
        g1_0.id,
        g1_0.booking_id,
        g1_0.contact_number,
        g1_0.name,
        g1_0.nic 
    from
        guardians g1_0 
    where
        g1_0.booking_id=?
2025-09-24 10:54:06 [http-nio-8080-exec-1] DEBUG org.hibernate.SQL - 
    select
        bd1_0.booking_id,
        bd1_0.id,
        bd1_0.bus_capacity,
        bd1_0.bus_company,
        bd1_0.bus_number,
        bd1_0.conductor_name,
        bd1_0.conductor_nic,
        bd1_0.driver_contact,
        bd1_0.driver_license_number,
        bd1_0.driver_name,
        bd1_0.estimated_arrival_time,
        bd1_0.estimated_departure_time 
    from
        bus_details bd1_0 
    where
        bd1_0.booking_id=?
2025-09-24 10:54:06 [http-nio-8080-exec-1] DEBUG org.hibernate.SQL - 
    select
        t1_0.id,
        t1_0.booking_id,
        t1_0.name,
        t1_0.nic 
    from
        teachers t1_0 
    where
        t1_0.booking_id=?
2025-09-24 10:54:06 [http-nio-8080-exec-1] DEBUG org.hibernate.SQL - 
    select
        g1_0.id,
        g1_0.booking_id,
        g1_0.contact_number,
        g1_0.name,
        g1_0.nic 
    from
        guardians g1_0 
    where
        g1_0.booking_id=?
2025-09-24 10:54:06 [http-nio-8080-exec-1] DEBUG org.hibernate.SQL - 
    select
        bd1_0.booking_id,
        bd1_0.id,
        bd1_0.bus_capacity,
        bd1_0.bus_company,
        bd1_0.bus_number,
        bd1_0.conductor_name,
        bd1_0.conductor_nic,
        bd1_0.driver_contact,
        bd1_0.driver_license_number,
        bd1_0.driver_name,
        bd1_0.estimated_arrival_time,
        bd1_0.estimated_departure_time 
    from
        bus_details bd1_0 
    where
        bd1_0.booking_id=?
2025-09-24 10:54:06 [http-nio-8080-exec-1] DEBUG org.hibernate.SQL - 
    select
        t1_0.id,
        t1_0.booking_id,
        t1_0.name,
        t1_0.nic 
    from
        teachers t1_0 
    where
        t1_0.booking_id=?
2025-09-24 10:54:06 [http-nio-8080-exec-1] DEBUG org.hibernate.SQL - 
    select
        g1_0.id,
        g1_0.booking_id,
        g1_0.contact_number,
        g1_0.name,
        g1_0.nic 
    from
        guardians g1_0 
    where
        g1_0.booking_id=?
2025-09-24 10:54:06 [http-nio-8080-exec-1] DEBUG org.hibernate.SQL - 
    select
        bd1_0.booking_id,
        bd1_0.id,
        bd1_0.bus_capacity,
        bd1_0.bus_company,
        bd1_0.bus_number,
        bd1_0.conductor_name,
        bd1_0.conductor_nic,
        bd1_0.driver_contact,
        bd1_0.driver_license_number,
        bd1_0.driver_name,
        bd1_0.estimated_arrival_time,
        bd1_0.estimated_departure_time 
    from
        bus_details bd1_0 
    where
        bd1_0.booking_id=?
2025-09-24 10:54:06 [http-nio-8080-exec-1] DEBUG org.hibernate.SQL - 
    select
        t1_0.id,
        t1_0.booking_id,
        t1_0.name,
        t1_0.nic 
    from
        teachers t1_0 
    where
        t1_0.booking_id=?
2025-09-24 10:54:06 [http-nio-8080-exec-1] DEBUG org.hibernate.SQL - 
    select
        g1_0.id,
        g1_0.booking_id,
        g1_0.contact_number,
        g1_0.name,
        g1_0.nic 
    from
        guardians g1_0 
    where
        g1_0.booking_id=?
2025-09-24 10:54:06 [http-nio-8080-exec-1] DEBUG org.hibernate.SQL - 
    select
        bd1_0.booking_id,
        bd1_0.id,
        bd1_0.bus_capacity,
        bd1_0.bus_company,
        bd1_0.bus_number,
        bd1_0.conductor_name,
        bd1_0.conductor_nic,
        bd1_0.driver_contact,
        bd1_0.driver_license_number,
        bd1_0.driver_name,
        bd1_0.estimated_arrival_time,
        bd1_0.estimated_departure_time 
    from
        bus_details bd1_0 
    where
        bd1_0.booking_id=?
2025-09-24 10:54:06 [http-nio-8080-exec-1] DEBUG org.hibernate.SQL - 
    select
        t1_0.id,
        t1_0.booking_id,
        t1_0.name,
        t1_0.nic 
    from
        teachers t1_0 
    where
        t1_0.booking_id=?
2025-09-24 10:54:06 [http-nio-8080-exec-1] DEBUG org.hibernate.SQL - 
    select
        g1_0.id,
        g1_0.booking_id,
        g1_0.contact_number,
        g1_0.name,
        g1_0.nic 
    from
        guardians g1_0 
    where
        g1_0.booking_id=?
2025-09-24 10:54:06 [http-nio-8080-exec-1] DEBUG org.hibernate.SQL - 
    select
        bd1_0.booking_id,
        bd1_0.id,
        bd1_0.bus_capacity,
        bd1_0.bus_company,
        bd1_0.bus_number,
        bd1_0.conductor_name,
        bd1_0.conductor_nic,
        bd1_0.driver_contact,
        bd1_0.driver_license_number,
        bd1_0.driver_name,
        bd1_0.estimated_arrival_time,
        bd1_0.estimated_departure_time 
    from
        bus_details bd1_0 
    where
        bd1_0.booking_id=?
2025-09-24 10:54:06 [http-nio-8080-exec-1] DEBUG org.hibernate.SQL - 
    select
        t1_0.id,
        t1_0.booking_id,
        t1_0.name,
        t1_0.nic 
    from
        teachers t1_0 
    where
        t1_0.booking_id=?
2025-09-24 10:54:06 [http-nio-8080-exec-1] DEBUG org.hibernate.SQL - 
    select
        g1_0.id,
        g1_0.booking_id,
        g1_0.contact_number,
        g1_0.name,
        g1_0.nic 
    from
        guardians g1_0 
    where
        g1_0.booking_id=?
2025-09-24 10:54:06 [http-nio-8080-exec-1] DEBUG org.hibernate.SQL - 
    select
        bd1_0.booking_id,
        bd1_0.id,
        bd1_0.bus_capacity,
        bd1_0.bus_company,
        bd1_0.bus_number,
        bd1_0.conductor_name,
        bd1_0.conductor_nic,
        bd1_0.driver_contact,
        bd1_0.driver_license_number,
        bd1_0.driver_name,
        bd1_0.estimated_arrival_time,
        bd1_0.estimated_departure_time 
    from
        bus_details bd1_0 
    where
        bd1_0.booking_id=?
2025-09-24 10:54:06 [http-nio-8080-exec-1] DEBUG org.hibernate.SQL - 
    select
        t1_0.id,
        t1_0.booking_id,
        t1_0.name,
        t1_0.nic 
    from
        teachers t1_0 
    where
        t1_0.booking_id=?
2025-09-24 10:54:06 [http-nio-8080-exec-1] DEBUG org.hibernate.SQL - 
    select
        g1_0.id,
        g1_0.booking_id,
        g1_0.contact_number,
        g1_0.name,
        g1_0.nic 
    from
        guardians g1_0 
    where
        g1_0.booking_id=?
2025-09-24 10:54:06 [http-nio-8080-exec-1] DEBUG org.hibernate.SQL - 
    select
        bd1_0.booking_id,
        bd1_0.id,
        bd1_0.bus_capacity,
        bd1_0.bus_company,
        bd1_0.bus_number,
        bd1_0.conductor_name,
        bd1_0.conductor_nic,
        bd1_0.driver_contact,
        bd1_0.driver_license_number,
        bd1_0.driver_name,
        bd1_0.estimated_arrival_time,
        bd1_0.estimated_departure_time 
    from
        bus_details bd1_0 
    where
        bd1_0.booking_id=?
2025-09-24 10:54:06 [http-nio-8080-exec-1] DEBUG org.hibernate.SQL - 
    select
        t1_0.id,
        t1_0.booking_id,
        t1_0.name,
        t1_0.nic 
    from
        teachers t1_0 
    where
        t1_0.booking_id=?
2025-09-24 10:54:06 [http-nio-8080-exec-1] DEBUG org.hibernate.SQL - 
    select
        g1_0.id,
        g1_0.booking_id,
        g1_0.contact_number,
        g1_0.name,
        g1_0.nic 
    from
        guardians g1_0 
    where
        g1_0.booking_id=?
2025-09-24 10:54:06 [http-nio-8080-exec-1] DEBUG org.hibernate.SQL - 
    select
        bd1_0.booking_id,
        bd1_0.id,
        bd1_0.bus_capacity,
        bd1_0.bus_company,
        bd1_0.bus_number,
        bd1_0.conductor_name,
        bd1_0.conductor_nic,
        bd1_0.driver_contact,
        bd1_0.driver_license_number,
        bd1_0.driver_name,
        bd1_0.estimated_arrival_time,
        bd1_0.estimated_departure_time 
    from
        bus_details bd1_0 
    where
        bd1_0.booking_id=?
2025-09-24 10:54:06 [http-nio-8080-exec-1] DEBUG org.hibernate.SQL - 
    select
        t1_0.id,
        t1_0.booking_id,
        t1_0.name,
        t1_0.nic 
    from
        teachers t1_0 
    where
        t1_0.booking_id=?
2025-09-24 10:54:06 [http-nio-8080-exec-1] DEBUG org.hibernate.SQL - 
    select
        g1_0.id,
        g1_0.booking_id,
        g1_0.contact_number,
        g1_0.name,
        g1_0.nic 
    from
        guardians g1_0 
    where
        g1_0.booking_id=?
2025-09-24 10:54:06 [http-nio-8080-exec-1] DEBUG org.hibernate.SQL - 
    select
        bd1_0.booking_id,
        bd1_0.id,
        bd1_0.bus_capacity,
        bd1_0.bus_company,
        bd1_0.bus_number,
        bd1_0.conductor_name,
        bd1_0.conductor_nic,
        bd1_0.driver_contact,
        bd1_0.driver_license_number,
        bd1_0.driver_name,
        bd1_0.estimated_arrival_time,
        bd1_0.estimated_departure_time 
    from
        bus_details bd1_0 
    where
        bd1_0.booking_id=?
2025-09-24 10:54:06 [http-nio-8080-exec-1] DEBUG org.hibernate.SQL - 
    select
        t1_0.id,
        t1_0.booking_id,
        t1_0.name,
        t1_0.nic 
    from
        teachers t1_0 
    where
        t1_0.booking_id=?
2025-09-24 10:54:06 [http-nio-8080-exec-1] DEBUG org.hibernate.SQL - 
    select
        g1_0.id,
        g1_0.booking_id,
        g1_0.contact_number,
        g1_0.name,
        g1_0.nic 
    from
        guardians g1_0 
    where
        g1_0.booking_id=?
2025-09-24 10:54:06 [http-nio-8080-exec-1] DEBUG org.hibernate.SQL - 
    select
        bd1_0.booking_id,
        bd1_0.id,
        bd1_0.bus_capacity,
        bd1_0.bus_company,
        bd1_0.bus_number,
        bd1_0.conductor_name,
        bd1_0.conductor_nic,
        bd1_0.driver_contact,
        bd1_0.driver_license_number,
        bd1_0.driver_name,
        bd1_0.estimated_arrival_time,
        bd1_0.estimated_departure_time 
    from
        bus_details bd1_0 
    where
        bd1_0.booking_id=?
2025-09-24 10:54:06 [http-nio-8080-exec-1] DEBUG org.hibernate.SQL - 
    select
        t1_0.id,
        t1_0.booking_id,
        t1_0.name,
        t1_0.nic 
    from
        teachers t1_0 
    where
        t1_0.booking_id=?
2025-09-24 10:54:06 [http-nio-8080-exec-1] DEBUG org.hibernate.SQL - 
    select
        g1_0.id,
        g1_0.booking_id,
        g1_0.contact_number,
        g1_0.name,
        g1_0.nic 
    from
        guardians g1_0 
    where
        g1_0.booking_id=?
2025-09-24 10:54:06 [http-nio-8080-exec-1] DEBUG org.hibernate.SQL - 
    select
        bd1_0.booking_id,
        bd1_0.id,
        bd1_0.bus_capacity,
        bd1_0.bus_company,
        bd1_0.bus_number,
        bd1_0.conductor_name,
        bd1_0.conductor_nic,
        bd1_0.driver_contact,
        bd1_0.driver_license_number,
        bd1_0.driver_name,
        bd1_0.estimated_arrival_time,
        bd1_0.estimated_departure_time 
    from
        bus_details bd1_0 
    where
        bd1_0.booking_id=?
2025-09-24 10:54:06 [http-nio-8080-exec-1] DEBUG org.hibernate.SQL - 
    select
        t1_0.id,
        t1_0.booking_id,
        t1_0.name,
        t1_0.nic 
    from
        teachers t1_0 
    where
        t1_0.booking_id=?
2025-09-24 10:54:06 [http-nio-8080-exec-1] DEBUG org.hibernate.SQL - 
    select
        g1_0.id,
        g1_0.booking_id,
        g1_0.contact_number,
        g1_0.name,
        g1_0.nic 
    from
        guardians g1_0 
    where
        g1_0.booking_id=?
2025-09-24 10:54:06 [http-nio-8080-exec-1] DEBUG org.hibernate.SQL - 
    select
        bd1_0.booking_id,
        bd1_0.id,
        bd1_0.bus_capacity,
        bd1_0.bus_company,
        bd1_0.bus_number,
        bd1_0.conductor_name,
        bd1_0.conductor_nic,
        bd1_0.driver_contact,
        bd1_0.driver_license_number,
        bd1_0.driver_name,
        bd1_0.estimated_arrival_time,
        bd1_0.estimated_departure_time 
    from
        bus_details bd1_0 
    where
        bd1_0.booking_id=?
2025-09-24 10:54:06 [http-nio-8080-exec-1] DEBUG org.hibernate.SQL - 
    select
        t1_0.id,
        t1_0.booking_id,
        t1_0.name,
        t1_0.nic 
    from
        teachers t1_0 
    where
        t1_0.booking_id=?
2025-09-24 10:54:06 [http-nio-8080-exec-1] DEBUG org.hibernate.SQL - 
    select
        g1_0.id,
        g1_0.booking_id,
        g1_0.contact_number,
        g1_0.name,
        g1_0.nic 
    from
        guardians g1_0 
    where
        g1_0.booking_id=?
2025-09-24 10:54:06 [http-nio-8080-exec-1] DEBUG org.hibernate.SQL - 
    select
        bd1_0.booking_id,
        bd1_0.id,
        bd1_0.bus_capacity,
        bd1_0.bus_company,
        bd1_0.bus_number,
        bd1_0.conductor_name,
        bd1_0.conductor_nic,
        bd1_0.driver_contact,
        bd1_0.driver_license_number,
        bd1_0.driver_name,
        bd1_0.estimated_arrival_time,
        bd1_0.estimated_departure_time 
    from
        bus_details bd1_0 
    where
        bd1_0.booking_id=?
2025-09-24 10:54:06 [http-nio-8080-exec-1] DEBUG org.hibernate.SQL - 
    select
        t1_0.id,
        t1_0.booking_id,
        t1_0.name,
        t1_0.nic 
    from
        teachers t1_0 
    where
        t1_0.booking_id=?
2025-09-24 10:54:06 [http-nio-8080-exec-1] DEBUG org.hibernate.SQL - 
    select
        g1_0.id,
        g1_0.booking_id,
        g1_0.contact_number,
        g1_0.name,
        g1_0.nic 
    from
        guardians g1_0 
    where
        g1_0.booking_id=?
2025-09-24 10:54:06 [http-nio-8080-exec-1] DEBUG org.hibernate.SQL - 
    select
        bd1_0.booking_id,
        bd1_0.id,
        bd1_0.bus_capacity,
        bd1_0.bus_company,
        bd1_0.bus_number,
        bd1_0.conductor_name,
        bd1_0.conductor_nic,
        bd1_0.driver_contact,
        bd1_0.driver_license_number,
        bd1_0.driver_name,
        bd1_0.estimated_arrival_time,
        bd1_0.estimated_departure_time 
    from
        bus_details bd1_0 
    where
        bd1_0.booking_id=?
2025-09-24 10:54:06 [http-nio-8080-exec-1] DEBUG org.hibernate.SQL - 
    select
        t1_0.id,
        t1_0.booking_id,
        t1_0.name,
        t1_0.nic 
    from
        teachers t1_0 
    where
        t1_0.booking_id=?
2025-09-24 10:54:06 [http-nio-8080-exec-1] DEBUG org.hibernate.SQL - 
    select
        g1_0.id,
        g1_0.booking_id,
        g1_0.contact_number,
        g1_0.name,
        g1_0.nic 
    from
        guardians g1_0 
    where
        g1_0.booking_id=?
2025-09-24 10:54:06 [http-nio-8080-exec-1] DEBUG org.hibernate.SQL - 
    select
        bd1_0.booking_id,
        bd1_0.id,
        bd1_0.bus_capacity,
        bd1_0.bus_company,
        bd1_0.bus_number,
        bd1_0.conductor_name,
        bd1_0.conductor_nic,
        bd1_0.driver_contact,
        bd1_0.driver_license_number,
        bd1_0.driver_name,
        bd1_0.estimated_arrival_time,
        bd1_0.estimated_departure_time 
    from
        bus_details bd1_0 
    where
        bd1_0.booking_id=?
2025-09-24 10:54:06 [http-nio-8080-exec-1] DEBUG org.hibernate.SQL - 
    select
        t1_0.id,
        t1_0.booking_id,
        t1_0.name,
        t1_0.nic 
    from
        teachers t1_0 
    where
        t1_0.booking_id=?
2025-09-24 10:54:06 [http-nio-8080-exec-1] DEBUG org.hibernate.SQL - 
    select
        g1_0.id,
        g1_0.booking_id,
        g1_0.contact_number,
        g1_0.name,
        g1_0.nic 
    from
        guardians g1_0 
    where
        g1_0.booking_id=?
2025-09-24 10:54:06 [http-nio-8080-exec-1] DEBUG org.hibernate.SQL - 
    select
        bd1_0.booking_id,
        bd1_0.id,
        bd1_0.bus_capacity,
        bd1_0.bus_company,
        bd1_0.bus_number,
        bd1_0.conductor_name,
        bd1_0.conductor_nic,
        bd1_0.driver_contact,
        bd1_0.driver_license_number,
        bd1_0.driver_name,
        bd1_0.estimated_arrival_time,
        bd1_0.estimated_departure_time 
    from
        bus_details bd1_0 
    where
        bd1_0.booking_id=?
2025-09-24 10:54:06 [http-nio-8080-exec-1] DEBUG org.hibernate.SQL - 
    select
        t1_0.id,
        t1_0.booking_id,
        t1_0.name,
        t1_0.nic 
    from
        teachers t1_0 
    where
        t1_0.booking_id=?
2025-09-24 10:54:06 [http-nio-8080-exec-1] DEBUG org.hibernate.SQL - 
    select
        g1_0.id,
        g1_0.booking_id,
        g1_0.contact_number,
        g1_0.name,
        g1_0.nic 
    from
        guardians g1_0 
    where
        g1_0.booking_id=?
2025-09-24 10:54:06 [http-nio-8080-exec-1] DEBUG org.hibernate.SQL - 
    select
        bd1_0.booking_id,
        bd1_0.id,
        bd1_0.bus_capacity,
        bd1_0.bus_company,
        bd1_0.bus_number,
        bd1_0.conductor_name,
        bd1_0.conductor_nic,
        bd1_0.driver_contact,
        bd1_0.driver_license_number,
        bd1_0.driver_name,
        bd1_0.estimated_arrival_time,
        bd1_0.estimated_departure_time 
    from
        bus_details bd1_0 
    where
        bd1_0.booking_id=?
2025-09-24 10:54:06 [http-nio-8080-exec-1] DEBUG org.hibernate.SQL - 
    select
        t1_0.id,
        t1_0.booking_id,
        t1_0.name,
        t1_0.nic 
    from
        teachers t1_0 
    where
        t1_0.booking_id=?
2025-09-24 10:54:06 [http-nio-8080-exec-1] DEBUG org.hibernate.SQL - 
    select
        g1_0.id,
        g1_0.booking_id,
        g1_0.contact_number,
        g1_0.name,
        g1_0.nic 
    from
        guardians g1_0 
    where
        g1_0.booking_id=?
2025-09-24 10:55:55 [http-nio-8080-exec-4] DEBUG o.s.security.web.FilterChainProxy - Securing GET /favicon.ico
2025-09-24 10:55:55 [http-nio-8080-exec-4] DEBUG org.hibernate.SQL - 
    select
        u1_0.id,
        u1_0.contact_number,
        u1_0.email,
        u1_0.institution_name,
        u1_0.password,
        u1_0.role,
        u1_0.username 
    from
        users u1_0 
    where
        u1_0.username=?
2025-09-24 10:55:55 [http-nio-8080-exec-4] DEBUG o.s.security.web.FilterChainProxy - Secured GET /favicon.ico
2025-09-24 10:55:57 [http-nio-8080-exec-5] DEBUG o.s.security.web.FilterChainProxy - Securing GET /favicon.ico
2025-09-24 10:55:57 [http-nio-8080-exec-5] DEBUG org.hibernate.SQL - 
    select
        u1_0.id,
        u1_0.contact_number,
        u1_0.email,
        u1_0.institution_name,
        u1_0.password,
        u1_0.role,
        u1_0.username 
    from
        users u1_0 
    where
        u1_0.username=?
2025-09-24 10:55:57 [http-nio-8080-exec-5] DEBUG o.s.security.web.FilterChainProxy - Secured GET /favicon.ico
2025-09-24 10:55:59 [http-nio-8080-exec-8] DEBUG o.s.security.web.FilterChainProxy - Securing POST /api/auth/signin
2025-09-24 10:55:59 [http-nio-8080-exec-8] DEBUG org.hibernate.SQL - 
    select
        u1_0.id,
        u1_0.contact_number,
        u1_0.email,
        u1_0.institution_name,
        u1_0.password,
        u1_0.role,
        u1_0.username 
    from
        users u1_0 
    where
        u1_0.username=?
2025-09-24 10:55:59 [http-nio-8080-exec-8] DEBUG o.s.security.web.FilterChainProxy - Secured POST /api/auth/signin
2025-09-24 10:55:59 [http-nio-8080-exec-8] DEBUG org.hibernate.SQL - 
    select
        u1_0.id,
        u1_0.contact_number,
        u1_0.email,
        u1_0.institution_name,
        u1_0.password,
        u1_0.role,
        u1_0.username 
    from
        users u1_0 
    where
        u1_0.username=?
2025-09-24 10:55:59 [http-nio-8080-exec-8] DEBUG o.s.s.a.d.DaoAuthenticationProvider - Authenticated user
2025-09-24 10:55:59 [http-nio-8080-exec-8] DEBUG org.hibernate.SQL - 
    select
        u1_0.id,
        u1_0.contact_number,
        u1_0.email,
        u1_0.institution_name,
        u1_0.password,
        u1_0.role,
        u1_0.username 
    from
        users u1_0 
    where
        u1_0.username=?
2025-09-24 10:56:00 [http-nio-8080-exec-9] DEBUG o.s.security.web.FilterChainProxy - Securing GET /favicon.ico
2025-09-24 10:56:00 [http-nio-8080-exec-9] DEBUG org.hibernate.SQL - 
    select
        u1_0.id,
        u1_0.contact_number,
        u1_0.email,
        u1_0.institution_name,
        u1_0.password,
        u1_0.role,
        u1_0.username 
    from
        users u1_0 
    where
        u1_0.username=?
2025-09-24 10:56:00 [http-nio-8080-exec-9] DEBUG o.s.security.web.FilterChainProxy - Secured GET /favicon.ico
2025-09-24 10:56:03 [http-nio-8080-exec-2] DEBUG o.s.security.web.FilterChainProxy - Securing GET /api/bookings/my-bookings
2025-09-24 10:56:03 [http-nio-8080-exec-3] DEBUG o.s.security.web.FilterChainProxy - Securing GET /favicon.ico
2025-09-24 10:56:03 [http-nio-8080-exec-2] DEBUG org.hibernate.SQL - 
    select
        u1_0.id,
        u1_0.contact_number,
        u1_0.email,
        u1_0.institution_name,
        u1_0.password,
        u1_0.role,
        u1_0.username 
    from
        users u1_0 
    where
        u1_0.username=?
2025-09-24 10:56:03 [http-nio-8080-exec-3] DEBUG org.hibernate.SQL - 
    select
        u1_0.id,
        u1_0.contact_number,
        u1_0.email,
        u1_0.institution_name,
        u1_0.password,
        u1_0.role,
        u1_0.username 
    from
        users u1_0 
    where
        u1_0.username=?
2025-09-24 10:56:03 [http-nio-8080-exec-2] DEBUG o.s.security.web.FilterChainProxy - Secured GET /api/bookings/my-bookings
2025-09-24 10:56:03 [http-nio-8080-exec-2] DEBUG org.hibernate.SQL - 
    select
        u1_0.id,
        u1_0.contact_number,
        u1_0.email,
        u1_0.institution_name,
        u1_0.password,
        u1_0.role,
        u1_0.username 
    from
        users u1_0 
    where
        u1_0.username=?
2025-09-24 10:56:03 [http-nio-8080-exec-3] DEBUG o.s.security.web.FilterChainProxy - Secured GET /favicon.ico
2025-09-24 10:56:03 [http-nio-8080-exec-2] DEBUG org.hibernate.SQL - 
    select
        b1_0.id,
        b1_0.contact_email,
        b1_0.created_at,
        b1_0.institution_contact_number,
        b1_0.number_of_students,
        b1_0.number_of_teachers,
        b1_0.purpose_of_visit,
        b1_0.rejection_reason,
        b1_0.special_requirements,
        b1_0.status,
        b1_0.updated_at,
        b1_0.user_id,
        b1_0.visit_date 
    from
        bookings b1_0 
    where
        b1_0.user_id=?
2025-09-24 10:56:03 [http-nio-8080-exec-2] DEBUG org.hibernate.SQL - 
    select
        u1_0.id,
        u1_0.contact_number,
        u1_0.email,
        u1_0.institution_name,
        u1_0.password,
        u1_0.role,
        u1_0.username 
    from
        users u1_0 
    where
        u1_0.id=?
2025-09-24 10:56:03 [http-nio-8080-exec-2] DEBUG org.hibernate.SQL - 
    select
        bd1_0.booking_id,
        bd1_0.id,
        bd1_0.bus_capacity,
        bd1_0.bus_company,
        bd1_0.bus_number,
        bd1_0.conductor_name,
        bd1_0.conductor_nic,
        bd1_0.driver_contact,
        bd1_0.driver_license_number,
        bd1_0.driver_name,
        bd1_0.estimated_arrival_time,
        bd1_0.estimated_departure_time 
    from
        bus_details bd1_0 
    where
        bd1_0.booking_id=?
2025-09-24 10:56:03 [http-nio-8080-exec-2] DEBUG org.hibernate.SQL - 
    select
        t1_0.id,
        t1_0.booking_id,
        t1_0.name,
        t1_0.nic 
    from
        teachers t1_0 
    where
        t1_0.booking_id=?
2025-09-24 10:56:03 [http-nio-8080-exec-2] DEBUG org.hibernate.SQL - 
    select
        g1_0.id,
        g1_0.booking_id,
        g1_0.contact_number,
        g1_0.name,
        g1_0.nic 
    from
        guardians g1_0 
    where
        g1_0.booking_id=?
2025-09-24 10:56:03 [http-nio-8080-exec-2] DEBUG org.hibernate.SQL - 
    select
        bd1_0.booking_id,
        bd1_0.id,
        bd1_0.bus_capacity,
        bd1_0.bus_company,
        bd1_0.bus_number,
        bd1_0.conductor_name,
        bd1_0.conductor_nic,
        bd1_0.driver_contact,
        bd1_0.driver_license_number,
        bd1_0.driver_name,
        bd1_0.estimated_arrival_time,
        bd1_0.estimated_departure_time 
    from
        bus_details bd1_0 
    where
        bd1_0.booking_id=?
2025-09-24 10:56:03 [http-nio-8080-exec-2] DEBUG org.hibernate.SQL - 
    select
        t1_0.id,
        t1_0.booking_id,
        t1_0.name,
        t1_0.nic 
    from
        teachers t1_0 
    where
        t1_0.booking_id=?
2025-09-24 10:56:03 [http-nio-8080-exec-2] DEBUG org.hibernate.SQL - 
    select
        g1_0.id,
        g1_0.booking_id,
        g1_0.contact_number,
        g1_0.name,
        g1_0.nic 
    from
        guardians g1_0 
    where
        g1_0.booking_id=?
2025-09-24 10:56:03 [http-nio-8080-exec-2] DEBUG org.hibernate.SQL - 
    select
        bd1_0.booking_id,
        bd1_0.id,
        bd1_0.bus_capacity,
        bd1_0.bus_company,
        bd1_0.bus_number,
        bd1_0.conductor_name,
        bd1_0.conductor_nic,
        bd1_0.driver_contact,
        bd1_0.driver_license_number,
        bd1_0.driver_name,
        bd1_0.estimated_arrival_time,
        bd1_0.estimated_departure_time 
    from
        bus_details bd1_0 
    where
        bd1_0.booking_id=?
2025-09-24 10:56:03 [http-nio-8080-exec-2] DEBUG org.hibernate.SQL - 
    select
        t1_0.id,
        t1_0.booking_id,
        t1_0.name,
        t1_0.nic 
    from
        teachers t1_0 
    where
        t1_0.booking_id=?
2025-09-24 10:56:03 [http-nio-8080-exec-2] DEBUG org.hibernate.SQL - 
    select
        g1_0.id,
        g1_0.booking_id,
        g1_0.contact_number,
        g1_0.name,
        g1_0.nic 
    from
        guardians g1_0 
    where
        g1_0.booking_id=?
2025-09-24 10:56:03 [http-nio-8080-exec-2] DEBUG org.hibernate.SQL - 
    select
        bd1_0.booking_id,
        bd1_0.id,
        bd1_0.bus_capacity,
        bd1_0.bus_company,
        bd1_0.bus_number,
        bd1_0.conductor_name,
        bd1_0.conductor_nic,
        bd1_0.driver_contact,
        bd1_0.driver_license_number,
        bd1_0.driver_name,
        bd1_0.estimated_arrival_time,
        bd1_0.estimated_departure_time 
    from
        bus_details bd1_0 
    where
        bd1_0.booking_id=?
2025-09-24 10:56:03 [http-nio-8080-exec-2] DEBUG org.hibernate.SQL - 
    select
        t1_0.id,
        t1_0.booking_id,
        t1_0.name,
        t1_0.nic 
    from
        teachers t1_0 
    where
        t1_0.booking_id=?
2025-09-24 10:56:03 [http-nio-8080-exec-2] DEBUG org.hibernate.SQL - 
    select
        g1_0.id,
        g1_0.booking_id,
        g1_0.contact_number,
        g1_0.name,
        g1_0.nic 
    from
        guardians g1_0 
    where
        g1_0.booking_id=?
2025-09-24 10:56:03 [http-nio-8080-exec-2] DEBUG org.hibernate.SQL - 
    select
        bd1_0.booking_id,
        bd1_0.id,
        bd1_0.bus_capacity,
        bd1_0.bus_company,
        bd1_0.bus_number,
        bd1_0.conductor_name,
        bd1_0.conductor_nic,
        bd1_0.driver_contact,
        bd1_0.driver_license_number,
        bd1_0.driver_name,
        bd1_0.estimated_arrival_time,
        bd1_0.estimated_departure_time 
    from
        bus_details bd1_0 
    where
        bd1_0.booking_id=?
2025-09-24 10:56:03 [http-nio-8080-exec-2] DEBUG org.hibernate.SQL - 
    select
        t1_0.id,
        t1_0.booking_id,
        t1_0.name,
        t1_0.nic 
    from
        teachers t1_0 
    where
        t1_0.booking_id=?
2025-09-24 10:56:03 [http-nio-8080-exec-2] DEBUG org.hibernate.SQL - 
    select
        g1_0.id,
        g1_0.booking_id,
        g1_0.contact_number,
        g1_0.name,
        g1_0.nic 
    from
        guardians g1_0 
    where
        g1_0.booking_id=?
2025-09-24 10:56:03 [http-nio-8080-exec-6] DEBUG o.s.security.web.FilterChainProxy - Securing GET /api/bookings/my-bookings
2025-09-24 10:56:03 [http-nio-8080-exec-6] DEBUG org.hibernate.SQL - 
    select
        u1_0.id,
        u1_0.contact_number,
        u1_0.email,
        u1_0.institution_name,
        u1_0.password,
        u1_0.role,
        u1_0.username 
    from
        users u1_0 
    where
        u1_0.username=?
2025-09-24 10:56:03 [http-nio-8080-exec-6] DEBUG o.s.security.web.FilterChainProxy - Secured GET /api/bookings/my-bookings
2025-09-24 10:56:03 [http-nio-8080-exec-6] DEBUG org.hibernate.SQL - 
    select
        u1_0.id,
        u1_0.contact_number,
        u1_0.email,
        u1_0.institution_name,
        u1_0.password,
        u1_0.role,
        u1_0.username 
    from
        users u1_0 
    where
        u1_0.username=?
2025-09-24 10:56:03 [http-nio-8080-exec-6] DEBUG org.hibernate.SQL - 
    select
        b1_0.id,
        b1_0.contact_email,
        b1_0.created_at,
        b1_0.institution_contact_number,
        b1_0.number_of_students,
        b1_0.number_of_teachers,
        b1_0.purpose_of_visit,
        b1_0.rejection_reason,
        b1_0.special_requirements,
        b1_0.status,
        b1_0.updated_at,
        b1_0.user_id,
        b1_0.visit_date 
    from
        bookings b1_0 
    where
        b1_0.user_id=?
2025-09-24 10:56:03 [http-nio-8080-exec-6] DEBUG org.hibernate.SQL - 
    select
        u1_0.id,
        u1_0.contact_number,
        u1_0.email,
        u1_0.institution_name,
        u1_0.password,
        u1_0.role,
        u1_0.username 
    from
        users u1_0 
    where
        u1_0.id=?
2025-09-24 10:56:03 [http-nio-8080-exec-6] DEBUG org.hibernate.SQL - 
    select
        bd1_0.booking_id,
        bd1_0.id,
        bd1_0.bus_capacity,
        bd1_0.bus_company,
        bd1_0.bus_number,
        bd1_0.conductor_name,
        bd1_0.conductor_nic,
        bd1_0.driver_contact,
        bd1_0.driver_license_number,
        bd1_0.driver_name,
        bd1_0.estimated_arrival_time,
        bd1_0.estimated_departure_time 
    from
        bus_details bd1_0 
    where
        bd1_0.booking_id=?
2025-09-24 10:56:04 [http-nio-8080-exec-6] DEBUG org.hibernate.SQL - 
    select
        t1_0.id,
        t1_0.booking_id,
        t1_0.name,
        t1_0.nic 
    from
        teachers t1_0 
    where
        t1_0.booking_id=?
2025-09-24 10:56:04 [http-nio-8080-exec-6] DEBUG org.hibernate.SQL - 
    select
        g1_0.id,
        g1_0.booking_id,
        g1_0.contact_number,
        g1_0.name,
        g1_0.nic 
    from
        guardians g1_0 
    where
        g1_0.booking_id=?
2025-09-24 10:56:04 [http-nio-8080-exec-6] DEBUG org.hibernate.SQL - 
    select
        bd1_0.booking_id,
        bd1_0.id,
        bd1_0.bus_capacity,
        bd1_0.bus_company,
        bd1_0.bus_number,
        bd1_0.conductor_name,
        bd1_0.conductor_nic,
        bd1_0.driver_contact,
        bd1_0.driver_license_number,
        bd1_0.driver_name,
        bd1_0.estimated_arrival_time,
        bd1_0.estimated_departure_time 
    from
        bus_details bd1_0 
    where
        bd1_0.booking_id=?
2025-09-24 10:56:04 [http-nio-8080-exec-6] DEBUG org.hibernate.SQL - 
    select
        t1_0.id,
        t1_0.booking_id,
        t1_0.name,
        t1_0.nic 
    from
        teachers t1_0 
    where
        t1_0.booking_id=?
2025-09-24 10:56:04 [http-nio-8080-exec-6] DEBUG org.hibernate.SQL - 
    select
        g1_0.id,
        g1_0.booking_id,
        g1_0.contact_number,
        g1_0.name,
        g1_0.nic 
    from
        guardians g1_0 
    where
        g1_0.booking_id=?
2025-09-24 10:56:04 [http-nio-8080-exec-6] DEBUG org.hibernate.SQL - 
    select
        bd1_0.booking_id,
        bd1_0.id,
        bd1_0.bus_capacity,
        bd1_0.bus_company,
        bd1_0.bus_number,
        bd1_0.conductor_name,
        bd1_0.conductor_nic,
        bd1_0.driver_contact,
        bd1_0.driver_license_number,
        bd1_0.driver_name,
        bd1_0.estimated_arrival_time,
        bd1_0.estimated_departure_time 
    from
        bus_details bd1_0 
    where
        bd1_0.booking_id=?
2025-09-24 10:56:04 [http-nio-8080-exec-6] DEBUG org.hibernate.SQL - 
    select
        t1_0.id,
        t1_0.booking_id,
        t1_0.name,
        t1_0.nic 
    from
        teachers t1_0 
    where
        t1_0.booking_id=?
2025-09-24 10:56:04 [http-nio-8080-exec-6] DEBUG org.hibernate.SQL - 
    select
        g1_0.id,
        g1_0.booking_id,
        g1_0.contact_number,
        g1_0.name,
        g1_0.nic 
    from
        guardians g1_0 
    where
        g1_0.booking_id=?
2025-09-24 10:56:04 [http-nio-8080-exec-6] DEBUG org.hibernate.SQL - 
    select
        bd1_0.booking_id,
        bd1_0.id,
        bd1_0.bus_capacity,
        bd1_0.bus_company,
        bd1_0.bus_number,
        bd1_0.conductor_name,
        bd1_0.conductor_nic,
        bd1_0.driver_contact,
        bd1_0.driver_license_number,
        bd1_0.driver_name,
        bd1_0.estimated_arrival_time,
        bd1_0.estimated_departure_time 
    from
        bus_details bd1_0 
    where
        bd1_0.booking_id=?
2025-09-24 10:56:04 [http-nio-8080-exec-6] DEBUG org.hibernate.SQL - 
    select
        t1_0.id,
        t1_0.booking_id,
        t1_0.name,
        t1_0.nic 
    from
        teachers t1_0 
    where
        t1_0.booking_id=?
2025-09-24 10:56:04 [http-nio-8080-exec-6] DEBUG org.hibernate.SQL - 
    select
        g1_0.id,
        g1_0.booking_id,
        g1_0.contact_number,
        g1_0.name,
        g1_0.nic 
    from
        guardians g1_0 
    where
        g1_0.booking_id=?
2025-09-24 10:56:04 [http-nio-8080-exec-6] DEBUG org.hibernate.SQL - 
    select
        bd1_0.booking_id,
        bd1_0.id,
        bd1_0.bus_capacity,
        bd1_0.bus_company,
        bd1_0.bus_number,
        bd1_0.conductor_name,
        bd1_0.conductor_nic,
        bd1_0.driver_contact,
        bd1_0.driver_license_number,
        bd1_0.driver_name,
        bd1_0.estimated_arrival_time,
        bd1_0.estimated_departure_time 
    from
        bus_details bd1_0 
    where
        bd1_0.booking_id=?
2025-09-24 10:56:04 [http-nio-8080-exec-6] DEBUG org.hibernate.SQL - 
    select
        t1_0.id,
        t1_0.booking_id,
        t1_0.name,
        t1_0.nic 
    from
        teachers t1_0 
    where
        t1_0.booking_id=?
2025-09-24 10:56:04 [http-nio-8080-exec-6] DEBUG org.hibernate.SQL - 
    select
        g1_0.id,
        g1_0.booking_id,
        g1_0.contact_number,
        g1_0.name,
        g1_0.nic 
    from
        guardians g1_0 
    where
        g1_0.booking_id=?
2025-09-24 10:56:04 [http-nio-8080-exec-10] DEBUG o.s.security.web.FilterChainProxy - Securing GET /api/bookings
2025-09-24 10:56:04 [http-nio-8080-exec-7] DEBUG o.s.security.web.FilterChainProxy - Securing GET /api/bookings/pending
2025-09-24 10:56:04 [http-nio-8080-exec-1] DEBUG o.s.security.web.FilterChainProxy - Securing GET /favicon.ico
2025-09-24 10:56:04 [http-nio-8080-exec-1] DEBUG org.hibernate.SQL - 
    select
        u1_0.id,
        u1_0.contact_number,
        u1_0.email,
        u1_0.institution_name,
        u1_0.password,
        u1_0.role,
        u1_0.username 
    from
        users u1_0 
    where
        u1_0.username=?
2025-09-24 10:56:04 [http-nio-8080-exec-10] DEBUG org.hibernate.SQL - 
    select
        u1_0.id,
        u1_0.contact_number,
        u1_0.email,
        u1_0.institution_name,
        u1_0.password,
        u1_0.role,
        u1_0.username 
    from
        users u1_0 
    where
        u1_0.username=?
2025-09-24 10:56:04 [http-nio-8080-exec-7] DEBUG org.hibernate.SQL - 
    select
        u1_0.id,
        u1_0.contact_number,
        u1_0.email,
        u1_0.institution_name,
        u1_0.password,
        u1_0.role,
        u1_0.username 
    from
        users u1_0 
    where
        u1_0.username=?
2025-09-24 10:56:04 [http-nio-8080-exec-1] DEBUG o.s.security.web.FilterChainProxy - Secured GET /favicon.ico
2025-09-24 10:56:04 [http-nio-8080-exec-10] DEBUG o.s.security.web.FilterChainProxy - Secured GET /api/bookings
2025-09-24 10:56:04 [http-nio-8080-exec-7] DEBUG o.s.security.web.FilterChainProxy - Secured GET /api/bookings/pending
2025-09-24 10:56:04 [http-nio-8080-exec-7] DEBUG o.s.s.a.m.AuthorizationManagerBeforeMethodInterceptor - Authorizing method invocation ReflectiveMethodInvocation: public org.springframework.http.ResponseEntity com.portbooking.controller.BookingController.getPendingBookings(); target is of class [com.portbooking.controller.BookingController]
2025-09-24 10:56:04 [http-nio-8080-exec-10] DEBUG o.s.s.a.m.AuthorizationManagerBeforeMethodInterceptor - Authorizing method invocation ReflectiveMethodInvocation: public org.springframework.http.ResponseEntity com.portbooking.controller.BookingController.getAllBookings(); target is of class [com.portbooking.controller.BookingController]
2025-09-24 10:56:05 [http-nio-8080-exec-10] DEBUG o.s.s.a.m.AuthorizationManagerBeforeMethodInterceptor - Authorized method invocation ReflectiveMethodInvocation: public org.springframework.http.ResponseEntity com.portbooking.controller.BookingController.getAllBookings(); target is of class [com.portbooking.controller.BookingController]
2025-09-24 10:56:05 [http-nio-8080-exec-7] DEBUG o.s.s.a.m.AuthorizationManagerBeforeMethodInterceptor - Authorized method invocation ReflectiveMethodInvocation: public org.springframework.http.ResponseEntity com.portbooking.controller.BookingController.getPendingBookings(); target is of class [com.portbooking.controller.BookingController]
2025-09-24 10:56:05 [http-nio-8080-exec-7] DEBUG org.hibernate.SQL - 
    select
        b1_0.id,
        b1_0.contact_email,
        b1_0.created_at,
        b1_0.institution_contact_number,
        b1_0.number_of_students,
        b1_0.number_of_teachers,
        b1_0.purpose_of_visit,
        b1_0.rejection_reason,
        b1_0.special_requirements,
        b1_0.status,
        b1_0.updated_at,
        b1_0.user_id,
        b1_0.visit_date 
    from
        bookings b1_0 
    where
        b1_0.status=?
2025-09-24 10:56:05 [http-nio-8080-exec-10] DEBUG org.hibernate.SQL - 
    select
        b1_0.id,
        b1_0.contact_email,
        b1_0.created_at,
        b1_0.institution_contact_number,
        b1_0.number_of_students,
        b1_0.number_of_teachers,
        b1_0.purpose_of_visit,
        b1_0.rejection_reason,
        b1_0.special_requirements,
        b1_0.status,
        b1_0.updated_at,
        b1_0.user_id,
        b1_0.visit_date 
    from
        bookings b1_0
2025-09-24 10:56:05 [http-nio-8080-exec-7] DEBUG org.hibernate.SQL - 
    select
        u1_0.id,
        u1_0.contact_number,
        u1_0.email,
        u1_0.institution_name,
        u1_0.password,
        u1_0.role,
        u1_0.username 
    from
        users u1_0 
    where
        u1_0.id=?
2025-09-24 10:56:05 [http-nio-8080-exec-7] DEBUG org.hibernate.SQL - 
    select
        bd1_0.booking_id,
        bd1_0.id,
        bd1_0.bus_capacity,
        bd1_0.bus_company,
        bd1_0.bus_number,
        bd1_0.conductor_name,
        bd1_0.conductor_nic,
        bd1_0.driver_contact,
        bd1_0.driver_license_number,
        bd1_0.driver_name,
        bd1_0.estimated_arrival_time,
        bd1_0.estimated_departure_time 
    from
        bus_details bd1_0 
    where
        bd1_0.booking_id=?
2025-09-24 10:56:05 [http-nio-8080-exec-10] DEBUG org.hibernate.SQL - 
    select
        u1_0.id,
        u1_0.contact_number,
        u1_0.email,
        u1_0.institution_name,
        u1_0.password,
        u1_0.role,
        u1_0.username 
    from
        users u1_0 
    where
        u1_0.id=?
2025-09-24 10:56:05 [http-nio-8080-exec-10] DEBUG org.hibernate.SQL - 
    select
        bd1_0.booking_id,
        bd1_0.id,
        bd1_0.bus_capacity,
        bd1_0.bus_company,
        bd1_0.bus_number,
        bd1_0.conductor_name,
        bd1_0.conductor_nic,
        bd1_0.driver_contact,
        bd1_0.driver_license_number,
        bd1_0.driver_name,
        bd1_0.estimated_arrival_time,
        bd1_0.estimated_departure_time 
    from
        bus_details bd1_0 
    where
        bd1_0.booking_id=?
2025-09-24 10:56:05 [http-nio-8080-exec-7] DEBUG org.hibernate.SQL - 
    select
        t1_0.id,
        t1_0.booking_id,
        t1_0.name,
        t1_0.nic 
    from
        teachers t1_0 
    where
        t1_0.booking_id=?
2025-09-24 10:56:05 [http-nio-8080-exec-10] DEBUG org.hibernate.SQL - 
    select
        t1_0.id,
        t1_0.booking_id,
        t1_0.name,
        t1_0.nic 
    from
        teachers t1_0 
    where
        t1_0.booking_id=?
2025-09-24 10:56:05 [http-nio-8080-exec-7] DEBUG org.hibernate.SQL - 
    select
        g1_0.id,
        g1_0.booking_id,
        g1_0.contact_number,
        g1_0.name,
        g1_0.nic 
    from
        guardians g1_0 
    where
        g1_0.booking_id=?
2025-09-24 10:56:05 [http-nio-8080-exec-10] DEBUG org.hibernate.SQL - 
    select
        g1_0.id,
        g1_0.booking_id,
        g1_0.contact_number,
        g1_0.name,
        g1_0.nic 
    from
        guardians g1_0 
    where
        g1_0.booking_id=?
2025-09-24 10:56:05 [http-nio-8080-exec-10] DEBUG org.hibernate.SQL - 
    select
        u1_0.id,
        u1_0.contact_number,
        u1_0.email,
        u1_0.institution_name,
        u1_0.password,
        u1_0.role,
        u1_0.username 
    from
        users u1_0 
    where
        u1_0.id=?
2025-09-24 10:56:05 [http-nio-8080-exec-10] DEBUG org.hibernate.SQL - 
    select
        bd1_0.booking_id,
        bd1_0.id,
        bd1_0.bus_capacity,
        bd1_0.bus_company,
        bd1_0.bus_number,
        bd1_0.conductor_name,
        bd1_0.conductor_nic,
        bd1_0.driver_contact,
        bd1_0.driver_license_number,
        bd1_0.driver_name,
        bd1_0.estimated_arrival_time,
        bd1_0.estimated_departure_time 
    from
        bus_details bd1_0 
    where
        bd1_0.booking_id=?
2025-09-24 10:56:05 [http-nio-8080-exec-4] DEBUG o.s.security.web.FilterChainProxy - Securing GET /api/bookings/pending
2025-09-24 10:56:05 [http-nio-8080-exec-10] DEBUG org.hibernate.SQL - 
    select
        t1_0.id,
        t1_0.booking_id,
        t1_0.name,
        t1_0.nic 
    from
        teachers t1_0 
    where
        t1_0.booking_id=?
2025-09-24 10:56:05 [http-nio-8080-exec-10] DEBUG org.hibernate.SQL - 
    select
        g1_0.id,
        g1_0.booking_id,
        g1_0.contact_number,
        g1_0.name,
        g1_0.nic 
    from
        guardians g1_0 
    where
        g1_0.booking_id=?
2025-09-24 10:56:05 [http-nio-8080-exec-10] DEBUG org.hibernate.SQL - 
    select
        u1_0.id,
        u1_0.contact_number,
        u1_0.email,
        u1_0.institution_name,
        u1_0.password,
        u1_0.role,
        u1_0.username 
    from
        users u1_0 
    where
        u1_0.id=?
2025-09-24 10:56:05 [http-nio-8080-exec-10] DEBUG org.hibernate.SQL - 
    select
        bd1_0.booking_id,
        bd1_0.id,
        bd1_0.bus_capacity,
        bd1_0.bus_company,
        bd1_0.bus_number,
        bd1_0.conductor_name,
        bd1_0.conductor_nic,
        bd1_0.driver_contact,
        bd1_0.driver_license_number,
        bd1_0.driver_name,
        bd1_0.estimated_arrival_time,
        bd1_0.estimated_departure_time 
    from
        bus_details bd1_0 
    where
        bd1_0.booking_id=?
2025-09-24 10:56:05 [http-nio-8080-exec-4] DEBUG org.hibernate.SQL - 
    select
        u1_0.id,
        u1_0.contact_number,
        u1_0.email,
        u1_0.institution_name,
        u1_0.password,
        u1_0.role,
        u1_0.username 
    from
        users u1_0 
    where
        u1_0.username=?
2025-09-24 10:56:05 [http-nio-8080-exec-10] DEBUG org.hibernate.SQL - 
    select
        t1_0.id,
        t1_0.booking_id,
        t1_0.name,
        t1_0.nic 
    from
        teachers t1_0 
    where
        t1_0.booking_id=?
2025-09-24 10:56:05 [http-nio-8080-exec-10] DEBUG org.hibernate.SQL - 
    select
        g1_0.id,
        g1_0.booking_id,
        g1_0.contact_number,
        g1_0.name,
        g1_0.nic 
    from
        guardians g1_0 
    where
        g1_0.booking_id=?
2025-09-24 10:56:05 [http-nio-8080-exec-4] DEBUG o.s.security.web.FilterChainProxy - Secured GET /api/bookings/pending
2025-09-24 10:56:05 [http-nio-8080-exec-4] DEBUG o.s.s.a.m.AuthorizationManagerBeforeMethodInterceptor - Authorizing method invocation ReflectiveMethodInvocation: public org.springframework.http.ResponseEntity com.portbooking.controller.BookingController.getPendingBookings(); target is of class [com.portbooking.controller.BookingController]
2025-09-24 10:56:05 [http-nio-8080-exec-10] DEBUG org.hibernate.SQL - 
    select
        u1_0.id,
        u1_0.contact_number,
        u1_0.email,
        u1_0.institution_name,
        u1_0.password,
        u1_0.role,
        u1_0.username 
    from
        users u1_0 
    where
        u1_0.id=?
2025-09-24 10:56:05 [http-nio-8080-exec-4] DEBUG o.s.s.a.m.AuthorizationManagerBeforeMethodInterceptor - Authorized method invocation ReflectiveMethodInvocation: public org.springframework.http.ResponseEntity com.portbooking.controller.BookingController.getPendingBookings(); target is of class [com.portbooking.controller.BookingController]
2025-09-24 10:56:05 [http-nio-8080-exec-4] DEBUG org.hibernate.SQL - 
    select
        b1_0.id,
        b1_0.contact_email,
        b1_0.created_at,
        b1_0.institution_contact_number,
        b1_0.number_of_students,
        b1_0.number_of_teachers,
        b1_0.purpose_of_visit,
        b1_0.rejection_reason,
        b1_0.special_requirements,
        b1_0.status,
        b1_0.updated_at,
        b1_0.user_id,
        b1_0.visit_date 
    from
        bookings b1_0 
    where
        b1_0.status=?
2025-09-24 10:56:05 [http-nio-8080-exec-10] DEBUG org.hibernate.SQL - 
    select
        bd1_0.booking_id,
        bd1_0.id,
        bd1_0.bus_capacity,
        bd1_0.bus_company,
        bd1_0.bus_number,
        bd1_0.conductor_name,
        bd1_0.conductor_nic,
        bd1_0.driver_contact,
        bd1_0.driver_license_number,
        bd1_0.driver_name,
        bd1_0.estimated_arrival_time,
        bd1_0.estimated_departure_time 
    from
        bus_details bd1_0 
    where
        bd1_0.booking_id=?
2025-09-24 10:56:05 [http-nio-8080-exec-4] DEBUG org.hibernate.SQL - 
    select
        u1_0.id,
        u1_0.contact_number,
        u1_0.email,
        u1_0.institution_name,
        u1_0.password,
        u1_0.role,
        u1_0.username 
    from
        users u1_0 
    where
        u1_0.id=?
2025-09-24 10:56:05 [http-nio-8080-exec-10] DEBUG org.hibernate.SQL - 
    select
        t1_0.id,
        t1_0.booking_id,
        t1_0.name,
        t1_0.nic 
    from
        teachers t1_0 
    where
        t1_0.booking_id=?
2025-09-24 10:56:05 [http-nio-8080-exec-4] DEBUG org.hibernate.SQL - 
    select
        bd1_0.booking_id,
        bd1_0.id,
        bd1_0.bus_capacity,
        bd1_0.bus_company,
        bd1_0.bus_number,
        bd1_0.conductor_name,
        bd1_0.conductor_nic,
        bd1_0.driver_contact,
        bd1_0.driver_license_number,
        bd1_0.driver_name,
        bd1_0.estimated_arrival_time,
        bd1_0.estimated_departure_time 
    from
        bus_details bd1_0 
    where
        bd1_0.booking_id=?
2025-09-24 10:56:05 [http-nio-8080-exec-4] DEBUG org.hibernate.SQL - 
    select
        t1_0.id,
        t1_0.booking_id,
        t1_0.name,
        t1_0.nic 
    from
        teachers t1_0 
    where
        t1_0.booking_id=?
2025-09-24 10:56:05 [http-nio-8080-exec-10] DEBUG org.hibernate.SQL - 
    select
        g1_0.id,
        g1_0.booking_id,
        g1_0.contact_number,
        g1_0.name,
        g1_0.nic 
    from
        guardians g1_0 
    where
        g1_0.booking_id=?
2025-09-24 10:56:05 [http-nio-8080-exec-4] DEBUG org.hibernate.SQL - 
    select
        g1_0.id,
        g1_0.booking_id,
        g1_0.contact_number,
        g1_0.name,
        g1_0.nic 
    from
        guardians g1_0 
    where
        g1_0.booking_id=?
2025-09-24 10:56:05 [http-nio-8080-exec-10] DEBUG org.hibernate.SQL - 
    select
        bd1_0.booking_id,
        bd1_0.id,
        bd1_0.bus_capacity,
        bd1_0.bus_company,
        bd1_0.bus_number,
        bd1_0.conductor_name,
        bd1_0.conductor_nic,
        bd1_0.driver_contact,
        bd1_0.driver_license_number,
        bd1_0.driver_name,
        bd1_0.estimated_arrival_time,
        bd1_0.estimated_departure_time 
    from
        bus_details bd1_0 
    where
        bd1_0.booking_id=?
2025-09-24 10:56:05 [http-nio-8080-exec-10] DEBUG org.hibernate.SQL - 
    select
        t1_0.id,
        t1_0.booking_id,
        t1_0.name,
        t1_0.nic 
    from
        teachers t1_0 
    where
        t1_0.booking_id=?
2025-09-24 10:56:05 [http-nio-8080-exec-10] DEBUG org.hibernate.SQL - 
    select
        g1_0.id,
        g1_0.booking_id,
        g1_0.contact_number,
        g1_0.name,
        g1_0.nic 
    from
        guardians g1_0 
    where
        g1_0.booking_id=?
2025-09-24 10:56:05 [http-nio-8080-exec-10] DEBUG org.hibernate.SQL - 
    select
        bd1_0.booking_id,
        bd1_0.id,
        bd1_0.bus_capacity,
        bd1_0.bus_company,
        bd1_0.bus_number,
        bd1_0.conductor_name,
        bd1_0.conductor_nic,
        bd1_0.driver_contact,
        bd1_0.driver_license_number,
        bd1_0.driver_name,
        bd1_0.estimated_arrival_time,
        bd1_0.estimated_departure_time 
    from
        bus_details bd1_0 
    where
        bd1_0.booking_id=?
2025-09-24 10:56:05 [http-nio-8080-exec-10] DEBUG org.hibernate.SQL - 
    select
        t1_0.id,
        t1_0.booking_id,
        t1_0.name,
        t1_0.nic 
    from
        teachers t1_0 
    where
        t1_0.booking_id=?
2025-09-24 10:56:05 [http-nio-8080-exec-10] DEBUG org.hibernate.SQL - 
    select
        g1_0.id,
        g1_0.booking_id,
        g1_0.contact_number,
        g1_0.name,
        g1_0.nic 
    from
        guardians g1_0 
    where
        g1_0.booking_id=?
2025-09-24 10:56:05 [http-nio-8080-exec-10] DEBUG org.hibernate.SQL - 
    select
        bd1_0.booking_id,
        bd1_0.id,
        bd1_0.bus_capacity,
        bd1_0.bus_company,
        bd1_0.bus_number,
        bd1_0.conductor_name,
        bd1_0.conductor_nic,
        bd1_0.driver_contact,
        bd1_0.driver_license_number,
        bd1_0.driver_name,
        bd1_0.estimated_arrival_time,
        bd1_0.estimated_departure_time 
    from
        bus_details bd1_0 
    where
        bd1_0.booking_id=?
2025-09-24 10:56:05 [http-nio-8080-exec-10] DEBUG org.hibernate.SQL - 
    select
        t1_0.id,
        t1_0.booking_id,
        t1_0.name,
        t1_0.nic 
    from
        teachers t1_0 
    where
        t1_0.booking_id=?
2025-09-24 10:56:05 [http-nio-8080-exec-10] DEBUG org.hibernate.SQL - 
    select
        g1_0.id,
        g1_0.booking_id,
        g1_0.contact_number,
        g1_0.name,
        g1_0.nic 
    from
        guardians g1_0 
    where
        g1_0.booking_id=?
2025-09-24 10:56:05 [http-nio-8080-exec-10] DEBUG org.hibernate.SQL - 
    select
        bd1_0.booking_id,
        bd1_0.id,
        bd1_0.bus_capacity,
        bd1_0.bus_company,
        bd1_0.bus_number,
        bd1_0.conductor_name,
        bd1_0.conductor_nic,
        bd1_0.driver_contact,
        bd1_0.driver_license_number,
        bd1_0.driver_name,
        bd1_0.estimated_arrival_time,
        bd1_0.estimated_departure_time 
    from
        bus_details bd1_0 
    where
        bd1_0.booking_id=?
2025-09-24 10:56:05 [http-nio-8080-exec-10] DEBUG org.hibernate.SQL - 
    select
        t1_0.id,
        t1_0.booking_id,
        t1_0.name,
        t1_0.nic 
    from
        teachers t1_0 
    where
        t1_0.booking_id=?
2025-09-24 10:56:05 [http-nio-8080-exec-10] DEBUG org.hibernate.SQL - 
    select
        g1_0.id,
        g1_0.booking_id,
        g1_0.contact_number,
        g1_0.name,
        g1_0.nic 
    from
        guardians g1_0 
    where
        g1_0.booking_id=?
2025-09-24 10:56:05 [http-nio-8080-exec-10] DEBUG org.hibernate.SQL - 
    select
        u1_0.id,
        u1_0.contact_number,
        u1_0.email,
        u1_0.institution_name,
        u1_0.password,
        u1_0.role,
        u1_0.username 
    from
        users u1_0 
    where
        u1_0.id=?
2025-09-24 10:56:05 [http-nio-8080-exec-10] DEBUG org.hibernate.SQL - 
    select
        bd1_0.booking_id,
        bd1_0.id,
        bd1_0.bus_capacity,
        bd1_0.bus_company,
        bd1_0.bus_number,
        bd1_0.conductor_name,
        bd1_0.conductor_nic,
        bd1_0.driver_contact,
        bd1_0.driver_license_number,
        bd1_0.driver_name,
        bd1_0.estimated_arrival_time,
        bd1_0.estimated_departure_time 
    from
        bus_details bd1_0 
    where
        bd1_0.booking_id=?
2025-09-24 10:56:05 [http-nio-8080-exec-10] DEBUG org.hibernate.SQL - 
    select
        t1_0.id,
        t1_0.booking_id,
        t1_0.name,
        t1_0.nic 
    from
        teachers t1_0 
    where
        t1_0.booking_id=?
2025-09-24 10:56:05 [http-nio-8080-exec-10] DEBUG org.hibernate.SQL - 
    select
        g1_0.id,
        g1_0.booking_id,
        g1_0.contact_number,
        g1_0.name,
        g1_0.nic 
    from
        guardians g1_0 
    where
        g1_0.booking_id=?
2025-09-24 10:56:05 [http-nio-8080-exec-10] DEBUG org.hibernate.SQL - 
    select
        bd1_0.booking_id,
        bd1_0.id,
        bd1_0.bus_capacity,
        bd1_0.bus_company,
        bd1_0.bus_number,
        bd1_0.conductor_name,
        bd1_0.conductor_nic,
        bd1_0.driver_contact,
        bd1_0.driver_license_number,
        bd1_0.driver_name,
        bd1_0.estimated_arrival_time,
        bd1_0.estimated_departure_time 
    from
        bus_details bd1_0 
    where
        bd1_0.booking_id=?
2025-09-24 10:56:05 [http-nio-8080-exec-10] DEBUG org.hibernate.SQL - 
    select
        t1_0.id,
        t1_0.booking_id,
        t1_0.name,
        t1_0.nic 
    from
        teachers t1_0 
    where
        t1_0.booking_id=?
2025-09-24 10:56:05 [http-nio-8080-exec-10] DEBUG org.hibernate.SQL - 
    select
        g1_0.id,
        g1_0.booking_id,
        g1_0.contact_number,
        g1_0.name,
        g1_0.nic 
    from
        guardians g1_0 
    where
        g1_0.booking_id=?
2025-09-24 10:56:05 [http-nio-8080-exec-10] DEBUG org.hibernate.SQL - 
    select
        bd1_0.booking_id,
        bd1_0.id,
        bd1_0.bus_capacity,
        bd1_0.bus_company,
        bd1_0.bus_number,
        bd1_0.conductor_name,
        bd1_0.conductor_nic,
        bd1_0.driver_contact,
        bd1_0.driver_license_number,
        bd1_0.driver_name,
        bd1_0.estimated_arrival_time,
        bd1_0.estimated_departure_time 
    from
        bus_details bd1_0 
    where
        bd1_0.booking_id=?
2025-09-24 10:56:05 [http-nio-8080-exec-10] DEBUG org.hibernate.SQL - 
    select
        t1_0.id,
        t1_0.booking_id,
        t1_0.name,
        t1_0.nic 
    from
        teachers t1_0 
    where
        t1_0.booking_id=?
2025-09-24 10:56:05 [http-nio-8080-exec-10] DEBUG org.hibernate.SQL - 
    select
        g1_0.id,
        g1_0.booking_id,
        g1_0.contact_number,
        g1_0.name,
        g1_0.nic 
    from
        guardians g1_0 
    where
        g1_0.booking_id=?
2025-09-24 10:56:05 [http-nio-8080-exec-10] DEBUG org.hibernate.SQL - 
    select
        bd1_0.booking_id,
        bd1_0.id,
        bd1_0.bus_capacity,
        bd1_0.bus_company,
        bd1_0.bus_number,
        bd1_0.conductor_name,
        bd1_0.conductor_nic,
        bd1_0.driver_contact,
        bd1_0.driver_license_number,
        bd1_0.driver_name,
        bd1_0.estimated_arrival_time,
        bd1_0.estimated_departure_time 
    from
        bus_details bd1_0 
    where
        bd1_0.booking_id=?
2025-09-24 10:56:05 [http-nio-8080-exec-10] DEBUG org.hibernate.SQL - 
    select
        t1_0.id,
        t1_0.booking_id,
        t1_0.name,
        t1_0.nic 
    from
        teachers t1_0 
    where
        t1_0.booking_id=?
2025-09-24 10:56:05 [http-nio-8080-exec-10] DEBUG org.hibernate.SQL - 
    select
        g1_0.id,
        g1_0.booking_id,
        g1_0.contact_number,
        g1_0.name,
        g1_0.nic 
    from
        guardians g1_0 
    where
        g1_0.booking_id=?
2025-09-24 10:56:05 [http-nio-8080-exec-10] DEBUG org.hibernate.SQL - 
    select
        bd1_0.booking_id,
        bd1_0.id,
        bd1_0.bus_capacity,
        bd1_0.bus_company,
        bd1_0.bus_number,
        bd1_0.conductor_name,
        bd1_0.conductor_nic,
        bd1_0.driver_contact,
        bd1_0.driver_license_number,
        bd1_0.driver_name,
        bd1_0.estimated_arrival_time,
        bd1_0.estimated_departure_time 
    from
        bus_details bd1_0 
    where
        bd1_0.booking_id=?
2025-09-24 10:56:05 [http-nio-8080-exec-10] DEBUG org.hibernate.SQL - 
    select
        t1_0.id,
        t1_0.booking_id,
        t1_0.name,
        t1_0.nic 
    from
        teachers t1_0 
    where
        t1_0.booking_id=?
2025-09-24 10:56:05 [http-nio-8080-exec-10] DEBUG org.hibernate.SQL - 
    select
        g1_0.id,
        g1_0.booking_id,
        g1_0.contact_number,
        g1_0.name,
        g1_0.nic 
    from
        guardians g1_0 
    where
        g1_0.booking_id=?
2025-09-24 10:56:05 [http-nio-8080-exec-10] DEBUG org.hibernate.SQL - 
    select
        bd1_0.booking_id,
        bd1_0.id,
        bd1_0.bus_capacity,
        bd1_0.bus_company,
        bd1_0.bus_number,
        bd1_0.conductor_name,
        bd1_0.conductor_nic,
        bd1_0.driver_contact,
        bd1_0.driver_license_number,
        bd1_0.driver_name,
        bd1_0.estimated_arrival_time,
        bd1_0.estimated_departure_time 
    from
        bus_details bd1_0 
    where
        bd1_0.booking_id=?
2025-09-24 10:56:05 [http-nio-8080-exec-10] DEBUG org.hibernate.SQL - 
    select
        t1_0.id,
        t1_0.booking_id,
        t1_0.name,
        t1_0.nic 
    from
        teachers t1_0 
    where
        t1_0.booking_id=?
2025-09-24 10:56:05 [http-nio-8080-exec-10] DEBUG org.hibernate.SQL - 
    select
        g1_0.id,
        g1_0.booking_id,
        g1_0.contact_number,
        g1_0.name,
        g1_0.nic 
    from
        guardians g1_0 
    where
        g1_0.booking_id=?
2025-09-24 10:56:05 [http-nio-8080-exec-10] DEBUG org.hibernate.SQL - 
    select
        bd1_0.booking_id,
        bd1_0.id,
        bd1_0.bus_capacity,
        bd1_0.bus_company,
        bd1_0.bus_number,
        bd1_0.conductor_name,
        bd1_0.conductor_nic,
        bd1_0.driver_contact,
        bd1_0.driver_license_number,
        bd1_0.driver_name,
        bd1_0.estimated_arrival_time,
        bd1_0.estimated_departure_time 
    from
        bus_details bd1_0 
    where
        bd1_0.booking_id=?
2025-09-24 10:56:05 [http-nio-8080-exec-10] DEBUG org.hibernate.SQL - 
    select
        t1_0.id,
        t1_0.booking_id,
        t1_0.name,
        t1_0.nic 
    from
        teachers t1_0 
    where
        t1_0.booking_id=?
2025-09-24 10:56:05 [http-nio-8080-exec-10] DEBUG org.hibernate.SQL - 
    select
        g1_0.id,
        g1_0.booking_id,
        g1_0.contact_number,
        g1_0.name,
        g1_0.nic 
    from
        guardians g1_0 
    where
        g1_0.booking_id=?
2025-09-24 10:56:05 [http-nio-8080-exec-10] DEBUG org.hibernate.SQL - 
    select
        bd1_0.booking_id,
        bd1_0.id,
        bd1_0.bus_capacity,
        bd1_0.bus_company,
        bd1_0.bus_number,
        bd1_0.conductor_name,
        bd1_0.conductor_nic,
        bd1_0.driver_contact,
        bd1_0.driver_license_number,
        bd1_0.driver_name,
        bd1_0.estimated_arrival_time,
        bd1_0.estimated_departure_time 
    from
        bus_details bd1_0 
    where
        bd1_0.booking_id=?
2025-09-24 10:56:05 [http-nio-8080-exec-10] DEBUG org.hibernate.SQL - 
    select
        t1_0.id,
        t1_0.booking_id,
        t1_0.name,
        t1_0.nic 
    from
        teachers t1_0 
    where
        t1_0.booking_id=?
2025-09-24 10:56:05 [http-nio-8080-exec-10] DEBUG org.hibernate.SQL - 
    select
        g1_0.id,
        g1_0.booking_id,
        g1_0.contact_number,
        g1_0.name,
        g1_0.nic 
    from
        guardians g1_0 
    where
        g1_0.booking_id=?
2025-09-24 10:56:05 [http-nio-8080-exec-10] DEBUG org.hibernate.SQL - 
    select
        bd1_0.booking_id,
        bd1_0.id,
        bd1_0.bus_capacity,
        bd1_0.bus_company,
        bd1_0.bus_number,
        bd1_0.conductor_name,
        bd1_0.conductor_nic,
        bd1_0.driver_contact,
        bd1_0.driver_license_number,
        bd1_0.driver_name,
        bd1_0.estimated_arrival_time,
        bd1_0.estimated_departure_time 
    from
        bus_details bd1_0 
    where
        bd1_0.booking_id=?
2025-09-24 10:56:05 [http-nio-8080-exec-10] DEBUG org.hibernate.SQL - 
    select
        t1_0.id,
        t1_0.booking_id,
        t1_0.name,
        t1_0.nic 
    from
        teachers t1_0 
    where
        t1_0.booking_id=?
2025-09-24 10:56:05 [http-nio-8080-exec-10] DEBUG org.hibernate.SQL - 
    select
        g1_0.id,
        g1_0.booking_id,
        g1_0.contact_number,
        g1_0.name,
        g1_0.nic 
    from
        guardians g1_0 
    where
        g1_0.booking_id=?
2025-09-24 10:56:05 [http-nio-8080-exec-10] DEBUG org.hibernate.SQL - 
    select
        bd1_0.booking_id,
        bd1_0.id,
        bd1_0.bus_capacity,
        bd1_0.bus_company,
        bd1_0.bus_number,
        bd1_0.conductor_name,
        bd1_0.conductor_nic,
        bd1_0.driver_contact,
        bd1_0.driver_license_number,
        bd1_0.driver_name,
        bd1_0.estimated_arrival_time,
        bd1_0.estimated_departure_time 
    from
        bus_details bd1_0 
    where
        bd1_0.booking_id=?
2025-09-24 10:56:05 [http-nio-8080-exec-10] DEBUG org.hibernate.SQL - 
    select
        t1_0.id,
        t1_0.booking_id,
        t1_0.name,
        t1_0.nic 
    from
        teachers t1_0 
    where
        t1_0.booking_id=?
2025-09-24 10:56:05 [http-nio-8080-exec-10] DEBUG org.hibernate.SQL - 
    select
        g1_0.id,
        g1_0.booking_id,
        g1_0.contact_number,
        g1_0.name,
        g1_0.nic 
    from
        guardians g1_0 
    where
        g1_0.booking_id=?
2025-09-24 10:56:05 [http-nio-8080-exec-10] DEBUG org.hibernate.SQL - 
    select
        bd1_0.booking_id,
        bd1_0.id,
        bd1_0.bus_capacity,
        bd1_0.bus_company,
        bd1_0.bus_number,
        bd1_0.conductor_name,
        bd1_0.conductor_nic,
        bd1_0.driver_contact,
        bd1_0.driver_license_number,
        bd1_0.driver_name,
        bd1_0.estimated_arrival_time,
        bd1_0.estimated_departure_time 
    from
        bus_details bd1_0 
    where
        bd1_0.booking_id=?
2025-09-24 10:56:05 [http-nio-8080-exec-10] DEBUG org.hibernate.SQL - 
    select
        t1_0.id,
        t1_0.booking_id,
        t1_0.name,
        t1_0.nic 
    from
        teachers t1_0 
    where
        t1_0.booking_id=?
2025-09-24 10:56:05 [http-nio-8080-exec-10] DEBUG org.hibernate.SQL - 
    select
        g1_0.id,
        g1_0.booking_id,
        g1_0.contact_number,
        g1_0.name,
        g1_0.nic 
    from
        guardians g1_0 
    where
        g1_0.booking_id=?
2025-09-24 10:56:05 [http-nio-8080-exec-10] DEBUG org.hibernate.SQL - 
    select
        bd1_0.booking_id,
        bd1_0.id,
        bd1_0.bus_capacity,
        bd1_0.bus_company,
        bd1_0.bus_number,
        bd1_0.conductor_name,
        bd1_0.conductor_nic,
        bd1_0.driver_contact,
        bd1_0.driver_license_number,
        bd1_0.driver_name,
        bd1_0.estimated_arrival_time,
        bd1_0.estimated_departure_time 
    from
        bus_details bd1_0 
    where
        bd1_0.booking_id=?
2025-09-24 10:56:06 [http-nio-8080-exec-10] DEBUG org.hibernate.SQL - 
    select
        t1_0.id,
        t1_0.booking_id,
        t1_0.name,
        t1_0.nic 
    from
        teachers t1_0 
    where
        t1_0.booking_id=?
2025-09-24 10:56:06 [http-nio-8080-exec-10] DEBUG org.hibernate.SQL - 
    select
        g1_0.id,
        g1_0.booking_id,
        g1_0.contact_number,
        g1_0.name,
        g1_0.nic 
    from
        guardians g1_0 
    where
        g1_0.booking_id=?
2025-09-24 10:56:06 [http-nio-8080-exec-10] DEBUG org.hibernate.SQL - 
    select
        bd1_0.booking_id,
        bd1_0.id,
        bd1_0.bus_capacity,
        bd1_0.bus_company,
        bd1_0.bus_number,
        bd1_0.conductor_name,
        bd1_0.conductor_nic,
        bd1_0.driver_contact,
        bd1_0.driver_license_number,
        bd1_0.driver_name,
        bd1_0.estimated_arrival_time,
        bd1_0.estimated_departure_time 
    from
        bus_details bd1_0 
    where
        bd1_0.booking_id=?
2025-09-24 10:56:06 [http-nio-8080-exec-10] DEBUG org.hibernate.SQL - 
    select
        t1_0.id,
        t1_0.booking_id,
        t1_0.name,
        t1_0.nic 
    from
        teachers t1_0 
    where
        t1_0.booking_id=?
2025-09-24 10:56:06 [http-nio-8080-exec-10] DEBUG org.hibernate.SQL - 
    select
        g1_0.id,
        g1_0.booking_id,
        g1_0.contact_number,
        g1_0.name,
        g1_0.nic 
    from
        guardians g1_0 
    where
        g1_0.booking_id=?
2025-09-24 10:56:06 [http-nio-8080-exec-10] DEBUG org.hibernate.SQL - 
    select
        bd1_0.booking_id,
        bd1_0.id,
        bd1_0.bus_capacity,
        bd1_0.bus_company,
        bd1_0.bus_number,
        bd1_0.conductor_name,
        bd1_0.conductor_nic,
        bd1_0.driver_contact,
        bd1_0.driver_license_number,
        bd1_0.driver_name,
        bd1_0.estimated_arrival_time,
        bd1_0.estimated_departure_time 
    from
        bus_details bd1_0 
    where
        bd1_0.booking_id=?
2025-09-24 10:56:06 [http-nio-8080-exec-10] DEBUG org.hibernate.SQL - 
    select
        t1_0.id,
        t1_0.booking_id,
        t1_0.name,
        t1_0.nic 
    from
        teachers t1_0 
    where
        t1_0.booking_id=?
2025-09-24 10:56:06 [http-nio-8080-exec-10] DEBUG org.hibernate.SQL - 
    select
        g1_0.id,
        g1_0.booking_id,
        g1_0.contact_number,
        g1_0.name,
        g1_0.nic 
    from
        guardians g1_0 
    where
        g1_0.booking_id=?
2025-09-24 10:56:06 [http-nio-8080-exec-10] DEBUG org.hibernate.SQL - 
    select
        bd1_0.booking_id,
        bd1_0.id,
        bd1_0.bus_capacity,
        bd1_0.bus_company,
        bd1_0.bus_number,
        bd1_0.conductor_name,
        bd1_0.conductor_nic,
        bd1_0.driver_contact,
        bd1_0.driver_license_number,
        bd1_0.driver_name,
        bd1_0.estimated_arrival_time,
        bd1_0.estimated_departure_time 
    from
        bus_details bd1_0 
    where
        bd1_0.booking_id=?
2025-09-24 10:56:06 [http-nio-8080-exec-10] DEBUG org.hibernate.SQL - 
    select
        t1_0.id,
        t1_0.booking_id,
        t1_0.name,
        t1_0.nic 
    from
        teachers t1_0 
    where
        t1_0.booking_id=?
2025-09-24 10:56:06 [http-nio-8080-exec-10] DEBUG org.hibernate.SQL - 
    select
        g1_0.id,
        g1_0.booking_id,
        g1_0.contact_number,
        g1_0.name,
        g1_0.nic 
    from
        guardians g1_0 
    where
        g1_0.booking_id=?
2025-09-24 10:56:06 [http-nio-8080-exec-10] DEBUG org.hibernate.SQL - 
    select
        bd1_0.booking_id,
        bd1_0.id,
        bd1_0.bus_capacity,
        bd1_0.bus_company,
        bd1_0.bus_number,
        bd1_0.conductor_name,
        bd1_0.conductor_nic,
        bd1_0.driver_contact,
        bd1_0.driver_license_number,
        bd1_0.driver_name,
        bd1_0.estimated_arrival_time,
        bd1_0.estimated_departure_time 
    from
        bus_details bd1_0 
    where
        bd1_0.booking_id=?
2025-09-24 10:56:06 [http-nio-8080-exec-10] DEBUG org.hibernate.SQL - 
    select
        t1_0.id,
        t1_0.booking_id,
        t1_0.name,
        t1_0.nic 
    from
        teachers t1_0 
    where
        t1_0.booking_id=?
2025-09-24 10:56:06 [http-nio-8080-exec-10] DEBUG org.hibernate.SQL - 
    select
        g1_0.id,
        g1_0.booking_id,
        g1_0.contact_number,
        g1_0.name,
        g1_0.nic 
    from
        guardians g1_0 
    where
        g1_0.booking_id=?
2025-09-24 10:56:06 [http-nio-8080-exec-10] DEBUG org.hibernate.SQL - 
    select
        bd1_0.booking_id,
        bd1_0.id,
        bd1_0.bus_capacity,
        bd1_0.bus_company,
        bd1_0.bus_number,
        bd1_0.conductor_name,
        bd1_0.conductor_nic,
        bd1_0.driver_contact,
        bd1_0.driver_license_number,
        bd1_0.driver_name,
        bd1_0.estimated_arrival_time,
        bd1_0.estimated_departure_time 
    from
        bus_details bd1_0 
    where
        bd1_0.booking_id=?
2025-09-24 10:56:06 [http-nio-8080-exec-10] DEBUG org.hibernate.SQL - 
    select
        t1_0.id,
        t1_0.booking_id,
        t1_0.name,
        t1_0.nic 
    from
        teachers t1_0 
    where
        t1_0.booking_id=?
2025-09-24 10:56:06 [http-nio-8080-exec-10] DEBUG org.hibernate.SQL - 
    select
        g1_0.id,
        g1_0.booking_id,
        g1_0.contact_number,
        g1_0.name,
        g1_0.nic 
    from
        guardians g1_0 
    where
        g1_0.booking_id=?
2025-09-24 10:56:06 [http-nio-8080-exec-10] DEBUG org.hibernate.SQL - 
    select
        bd1_0.booking_id,
        bd1_0.id,
        bd1_0.bus_capacity,
        bd1_0.bus_company,
        bd1_0.bus_number,
        bd1_0.conductor_name,
        bd1_0.conductor_nic,
        bd1_0.driver_contact,
        bd1_0.driver_license_number,
        bd1_0.driver_name,
        bd1_0.estimated_arrival_time,
        bd1_0.estimated_departure_time 
    from
        bus_details bd1_0 
    where
        bd1_0.booking_id=?
2025-09-24 10:56:06 [http-nio-8080-exec-10] DEBUG org.hibernate.SQL - 
    select
        t1_0.id,
        t1_0.booking_id,
        t1_0.name,
        t1_0.nic 
    from
        teachers t1_0 
    where
        t1_0.booking_id=?
2025-09-24 10:56:06 [http-nio-8080-exec-10] DEBUG org.hibernate.SQL - 
    select
        g1_0.id,
        g1_0.booking_id,
        g1_0.contact_number,
        g1_0.name,
        g1_0.nic 
    from
        guardians g1_0 
    where
        g1_0.booking_id=?
2025-09-24 10:56:06 [http-nio-8080-exec-10] DEBUG org.hibernate.SQL - 
    select
        bd1_0.booking_id,
        bd1_0.id,
        bd1_0.bus_capacity,
        bd1_0.bus_company,
        bd1_0.bus_number,
        bd1_0.conductor_name,
        bd1_0.conductor_nic,
        bd1_0.driver_contact,
        bd1_0.driver_license_number,
        bd1_0.driver_name,
        bd1_0.estimated_arrival_time,
        bd1_0.estimated_departure_time 
    from
        bus_details bd1_0 
    where
        bd1_0.booking_id=?
2025-09-24 10:56:06 [http-nio-8080-exec-10] DEBUG org.hibernate.SQL - 
    select
        t1_0.id,
        t1_0.booking_id,
        t1_0.name,
        t1_0.nic 
    from
        teachers t1_0 
    where
        t1_0.booking_id=?
2025-09-24 10:56:06 [http-nio-8080-exec-10] DEBUG org.hibernate.SQL - 
    select
        g1_0.id,
        g1_0.booking_id,
        g1_0.contact_number,
        g1_0.name,
        g1_0.nic 
    from
        guardians g1_0 
    where
        g1_0.booking_id=?
2025-09-24 10:56:06 [http-nio-8080-exec-10] DEBUG org.hibernate.SQL - 
    select
        bd1_0.booking_id,
        bd1_0.id,
        bd1_0.bus_capacity,
        bd1_0.bus_company,
        bd1_0.bus_number,
        bd1_0.conductor_name,
        bd1_0.conductor_nic,
        bd1_0.driver_contact,
        bd1_0.driver_license_number,
        bd1_0.driver_name,
        bd1_0.estimated_arrival_time,
        bd1_0.estimated_departure_time 
    from
        bus_details bd1_0 
    where
        bd1_0.booking_id=?
2025-09-24 10:56:06 [http-nio-8080-exec-10] DEBUG org.hibernate.SQL - 
    select
        t1_0.id,
        t1_0.booking_id,
        t1_0.name,
        t1_0.nic 
    from
        teachers t1_0 
    where
        t1_0.booking_id=?
2025-09-24 10:56:06 [http-nio-8080-exec-10] DEBUG org.hibernate.SQL - 
    select
        g1_0.id,
        g1_0.booking_id,
        g1_0.contact_number,
        g1_0.name,
        g1_0.nic 
    from
        guardians g1_0 
    where
        g1_0.booking_id=?
2025-09-24 10:56:06 [http-nio-8080-exec-10] DEBUG org.hibernate.SQL - 
    select
        bd1_0.booking_id,
        bd1_0.id,
        bd1_0.bus_capacity,
        bd1_0.bus_company,
        bd1_0.bus_number,
        bd1_0.conductor_name,
        bd1_0.conductor_nic,
        bd1_0.driver_contact,
        bd1_0.driver_license_number,
        bd1_0.driver_name,
        bd1_0.estimated_arrival_time,
        bd1_0.estimated_departure_time 
    from
        bus_details bd1_0 
    where
        bd1_0.booking_id=?
2025-09-24 10:56:06 [http-nio-8080-exec-10] DEBUG org.hibernate.SQL - 
    select
        t1_0.id,
        t1_0.booking_id,
        t1_0.name,
        t1_0.nic 
    from
        teachers t1_0 
    where
        t1_0.booking_id=?
2025-09-24 10:56:06 [http-nio-8080-exec-10] DEBUG org.hibernate.SQL - 
    select
        g1_0.id,
        g1_0.booking_id,
        g1_0.contact_number,
        g1_0.name,
        g1_0.nic 
    from
        guardians g1_0 
    where
        g1_0.booking_id=?
2025-09-24 10:56:06 [http-nio-8080-exec-10] DEBUG org.hibernate.SQL - 
    select
        bd1_0.booking_id,
        bd1_0.id,
        bd1_0.bus_capacity,
        bd1_0.bus_company,
        bd1_0.bus_number,
        bd1_0.conductor_name,
        bd1_0.conductor_nic,
        bd1_0.driver_contact,
        bd1_0.driver_license_number,
        bd1_0.driver_name,
        bd1_0.estimated_arrival_time,
        bd1_0.estimated_departure_time 
    from
        bus_details bd1_0 
    where
        bd1_0.booking_id=?
2025-09-24 10:56:06 [http-nio-8080-exec-10] DEBUG org.hibernate.SQL - 
    select
        t1_0.id,
        t1_0.booking_id,
        t1_0.name,
        t1_0.nic 
    from
        teachers t1_0 
    where
        t1_0.booking_id=?
2025-09-24 10:56:06 [http-nio-8080-exec-10] DEBUG org.hibernate.SQL - 
    select
        g1_0.id,
        g1_0.booking_id,
        g1_0.contact_number,
        g1_0.name,
        g1_0.nic 
    from
        guardians g1_0 
    where
        g1_0.booking_id=?
2025-09-24 10:56:06 [http-nio-8080-exec-10] DEBUG org.hibernate.SQL - 
    select
        bd1_0.booking_id,
        bd1_0.id,
        bd1_0.bus_capacity,
        bd1_0.bus_company,
        bd1_0.bus_number,
        bd1_0.conductor_name,
        bd1_0.conductor_nic,
        bd1_0.driver_contact,
        bd1_0.driver_license_number,
        bd1_0.driver_name,
        bd1_0.estimated_arrival_time,
        bd1_0.estimated_departure_time 
    from
        bus_details bd1_0 
    where
        bd1_0.booking_id=?
2025-09-24 10:56:06 [http-nio-8080-exec-10] DEBUG org.hibernate.SQL - 
    select
        t1_0.id,
        t1_0.booking_id,
        t1_0.name,
        t1_0.nic 
    from
        teachers t1_0 
    where
        t1_0.booking_id=?
2025-09-24 10:56:06 [http-nio-8080-exec-10] DEBUG org.hibernate.SQL - 
    select
        g1_0.id,
        g1_0.booking_id,
        g1_0.contact_number,
        g1_0.name,
        g1_0.nic 
    from
        guardians g1_0 
    where
        g1_0.booking_id=?
2025-09-24 10:56:06 [http-nio-8080-exec-10] DEBUG org.hibernate.SQL - 
    select
        bd1_0.booking_id,
        bd1_0.id,
        bd1_0.bus_capacity,
        bd1_0.bus_company,
        bd1_0.bus_number,
        bd1_0.conductor_name,
        bd1_0.conductor_nic,
        bd1_0.driver_contact,
        bd1_0.driver_license_number,
        bd1_0.driver_name,
        bd1_0.estimated_arrival_time,
        bd1_0.estimated_departure_time 
    from
        bus_details bd1_0 
    where
        bd1_0.booking_id=?
2025-09-24 10:56:06 [http-nio-8080-exec-10] DEBUG org.hibernate.SQL - 
    select
        t1_0.id,
        t1_0.booking_id,
        t1_0.name,
        t1_0.nic 
    from
        teachers t1_0 
    where
        t1_0.booking_id=?
2025-09-24 10:56:06 [http-nio-8080-exec-10] DEBUG org.hibernate.SQL - 
    select
        g1_0.id,
        g1_0.booking_id,
        g1_0.contact_number,
        g1_0.name,
        g1_0.nic 
    from
        guardians g1_0 
    where
        g1_0.booking_id=?
2025-09-24 10:56:06 [http-nio-8080-exec-10] DEBUG org.hibernate.SQL - 
    select
        bd1_0.booking_id,
        bd1_0.id,
        bd1_0.bus_capacity,
        bd1_0.bus_company,
        bd1_0.bus_number,
        bd1_0.conductor_name,
        bd1_0.conductor_nic,
        bd1_0.driver_contact,
        bd1_0.driver_license_number,
        bd1_0.driver_name,
        bd1_0.estimated_arrival_time,
        bd1_0.estimated_departure_time 
    from
        bus_details bd1_0 
    where
        bd1_0.booking_id=?
2025-09-24 10:56:06 [http-nio-8080-exec-10] DEBUG org.hibernate.SQL - 
    select
        t1_0.id,
        t1_0.booking_id,
        t1_0.name,
        t1_0.nic 
    from
        teachers t1_0 
    where
        t1_0.booking_id=?
2025-09-24 10:56:06 [http-nio-8080-exec-10] DEBUG org.hibernate.SQL - 
    select
        g1_0.id,
        g1_0.booking_id,
        g1_0.contact_number,
        g1_0.name,
        g1_0.nic 
    from
        guardians g1_0 
    where
        g1_0.booking_id=?
2025-09-24 10:56:06 [http-nio-8080-exec-5] DEBUG o.s.security.web.FilterChainProxy - Securing GET /api/bookings
2025-09-24 10:56:06 [http-nio-8080-exec-5] DEBUG org.hibernate.SQL - 
    select
        u1_0.id,
        u1_0.contact_number,
        u1_0.email,
        u1_0.institution_name,
        u1_0.password,
        u1_0.role,
        u1_0.username 
    from
        users u1_0 
    where
        u1_0.username=?
2025-09-24 10:56:06 [http-nio-8080-exec-5] DEBUG o.s.security.web.FilterChainProxy - Secured GET /api/bookings
2025-09-24 10:56:06 [http-nio-8080-exec-5] DEBUG o.s.s.a.m.AuthorizationManagerBeforeMethodInterceptor - Authorizing method invocation ReflectiveMethodInvocation: public org.springframework.http.ResponseEntity com.portbooking.controller.BookingController.getAllBookings(); target is of class [com.portbooking.controller.BookingController]
2025-09-24 10:56:06 [http-nio-8080-exec-5] DEBUG o.s.s.a.m.AuthorizationManagerBeforeMethodInterceptor - Authorized method invocation ReflectiveMethodInvocation: public org.springframework.http.ResponseEntity com.portbooking.controller.BookingController.getAllBookings(); target is of class [com.portbooking.controller.BookingController]
2025-09-24 10:56:06 [http-nio-8080-exec-5] DEBUG org.hibernate.SQL - 
    select
        b1_0.id,
        b1_0.contact_email,
        b1_0.created_at,
        b1_0.institution_contact_number,
        b1_0.number_of_students,
        b1_0.number_of_teachers,
        b1_0.purpose_of_visit,
        b1_0.rejection_reason,
        b1_0.special_requirements,
        b1_0.status,
        b1_0.updated_at,
        b1_0.user_id,
        b1_0.visit_date 
    from
        bookings b1_0
2025-09-24 10:56:06 [http-nio-8080-exec-5] DEBUG org.hibernate.SQL - 
    select
        u1_0.id,
        u1_0.contact_number,
        u1_0.email,
        u1_0.institution_name,
        u1_0.password,
        u1_0.role,
        u1_0.username 
    from
        users u1_0 
    where
        u1_0.id=?
2025-09-24 10:56:06 [http-nio-8080-exec-5] DEBUG org.hibernate.SQL - 
    select
        bd1_0.booking_id,
        bd1_0.id,
        bd1_0.bus_capacity,
        bd1_0.bus_company,
        bd1_0.bus_number,
        bd1_0.conductor_name,
        bd1_0.conductor_nic,
        bd1_0.driver_contact,
        bd1_0.driver_license_number,
        bd1_0.driver_name,
        bd1_0.estimated_arrival_time,
        bd1_0.estimated_departure_time 
    from
        bus_details bd1_0 
    where
        bd1_0.booking_id=?
2025-09-24 10:56:06 [http-nio-8080-exec-5] DEBUG org.hibernate.SQL - 
    select
        t1_0.id,
        t1_0.booking_id,
        t1_0.name,
        t1_0.nic 
    from
        teachers t1_0 
    where
        t1_0.booking_id=?
2025-09-24 10:56:06 [http-nio-8080-exec-5] DEBUG org.hibernate.SQL - 
    select
        g1_0.id,
        g1_0.booking_id,
        g1_0.contact_number,
        g1_0.name,
        g1_0.nic 
    from
        guardians g1_0 
    where
        g1_0.booking_id=?
2025-09-24 10:56:06 [http-nio-8080-exec-5] DEBUG org.hibernate.SQL - 
    select
        u1_0.id,
        u1_0.contact_number,
        u1_0.email,
        u1_0.institution_name,
        u1_0.password,
        u1_0.role,
        u1_0.username 
    from
        users u1_0 
    where
        u1_0.id=?
2025-09-24 10:56:06 [http-nio-8080-exec-5] DEBUG org.hibernate.SQL - 
    select
        bd1_0.booking_id,
        bd1_0.id,
        bd1_0.bus_capacity,
        bd1_0.bus_company,
        bd1_0.bus_number,
        bd1_0.conductor_name,
        bd1_0.conductor_nic,
        bd1_0.driver_contact,
        bd1_0.driver_license_number,
        bd1_0.driver_name,
        bd1_0.estimated_arrival_time,
        bd1_0.estimated_departure_time 
    from
        bus_details bd1_0 
    where
        bd1_0.booking_id=?
2025-09-24 10:56:06 [http-nio-8080-exec-5] DEBUG org.hibernate.SQL - 
    select
        t1_0.id,
        t1_0.booking_id,
        t1_0.name,
        t1_0.nic 
    from
        teachers t1_0 
    where
        t1_0.booking_id=?
2025-09-24 10:56:06 [http-nio-8080-exec-5] DEBUG org.hibernate.SQL - 
    select
        g1_0.id,
        g1_0.booking_id,
        g1_0.contact_number,
        g1_0.name,
        g1_0.nic 
    from
        guardians g1_0 
    where
        g1_0.booking_id=?
2025-09-24 10:56:06 [http-nio-8080-exec-5] DEBUG org.hibernate.SQL - 
    select
        u1_0.id,
        u1_0.contact_number,
        u1_0.email,
        u1_0.institution_name,
        u1_0.password,
        u1_0.role,
        u1_0.username 
    from
        users u1_0 
    where
        u1_0.id=?
2025-09-24 10:56:06 [http-nio-8080-exec-5] DEBUG org.hibernate.SQL - 
    select
        bd1_0.booking_id,
        bd1_0.id,
        bd1_0.bus_capacity,
        bd1_0.bus_company,
        bd1_0.bus_number,
        bd1_0.conductor_name,
        bd1_0.conductor_nic,
        bd1_0.driver_contact,
        bd1_0.driver_license_number,
        bd1_0.driver_name,
        bd1_0.estimated_arrival_time,
        bd1_0.estimated_departure_time 
    from
        bus_details bd1_0 
    where
        bd1_0.booking_id=?
2025-09-24 10:56:06 [http-nio-8080-exec-5] DEBUG org.hibernate.SQL - 
    select
        t1_0.id,
        t1_0.booking_id,
        t1_0.name,
        t1_0.nic 
    from
        teachers t1_0 
    where
        t1_0.booking_id=?
2025-09-24 10:56:06 [http-nio-8080-exec-5] DEBUG org.hibernate.SQL - 
    select
        g1_0.id,
        g1_0.booking_id,
        g1_0.contact_number,
        g1_0.name,
        g1_0.nic 
    from
        guardians g1_0 
    where
        g1_0.booking_id=?
2025-09-24 10:56:06 [http-nio-8080-exec-5] DEBUG org.hibernate.SQL - 
    select
        u1_0.id,
        u1_0.contact_number,
        u1_0.email,
        u1_0.institution_name,
        u1_0.password,
        u1_0.role,
        u1_0.username 
    from
        users u1_0 
    where
        u1_0.id=?
2025-09-24 10:56:06 [http-nio-8080-exec-5] DEBUG org.hibernate.SQL - 
    select
        bd1_0.booking_id,
        bd1_0.id,
        bd1_0.bus_capacity,
        bd1_0.bus_company,
        bd1_0.bus_number,
        bd1_0.conductor_name,
        bd1_0.conductor_nic,
        bd1_0.driver_contact,
        bd1_0.driver_license_number,
        bd1_0.driver_name,
        bd1_0.estimated_arrival_time,
        bd1_0.estimated_departure_time 
    from
        bus_details bd1_0 
    where
        bd1_0.booking_id=?
2025-09-24 10:56:06 [http-nio-8080-exec-5] DEBUG org.hibernate.SQL - 
    select
        t1_0.id,
        t1_0.booking_id,
        t1_0.name,
        t1_0.nic 
    from
        teachers t1_0 
    where
        t1_0.booking_id=?
2025-09-24 10:56:06 [http-nio-8080-exec-5] DEBUG org.hibernate.SQL - 
    select
        g1_0.id,
        g1_0.booking_id,
        g1_0.contact_number,
        g1_0.name,
        g1_0.nic 
    from
        guardians g1_0 
    where
        g1_0.booking_id=?
2025-09-24 10:56:06 [http-nio-8080-exec-5] DEBUG org.hibernate.SQL - 
    select
        bd1_0.booking_id,
        bd1_0.id,
        bd1_0.bus_capacity,
        bd1_0.bus_company,
        bd1_0.bus_number,
        bd1_0.conductor_name,
        bd1_0.conductor_nic,
        bd1_0.driver_contact,
        bd1_0.driver_license_number,
        bd1_0.driver_name,
        bd1_0.estimated_arrival_time,
        bd1_0.estimated_departure_time 
    from
        bus_details bd1_0 
    where
        bd1_0.booking_id=?
2025-09-24 10:56:06 [http-nio-8080-exec-5] DEBUG org.hibernate.SQL - 
    select
        t1_0.id,
        t1_0.booking_id,
        t1_0.name,
        t1_0.nic 
    from
        teachers t1_0 
    where
        t1_0.booking_id=?
2025-09-24 10:56:06 [http-nio-8080-exec-5] DEBUG org.hibernate.SQL - 
    select
        g1_0.id,
        g1_0.booking_id,
        g1_0.contact_number,
        g1_0.name,
        g1_0.nic 
    from
        guardians g1_0 
    where
        g1_0.booking_id=?
2025-09-24 10:56:06 [http-nio-8080-exec-5] DEBUG org.hibernate.SQL - 
    select
        bd1_0.booking_id,
        bd1_0.id,
        bd1_0.bus_capacity,
        bd1_0.bus_company,
        bd1_0.bus_number,
        bd1_0.conductor_name,
        bd1_0.conductor_nic,
        bd1_0.driver_contact,
        bd1_0.driver_license_number,
        bd1_0.driver_name,
        bd1_0.estimated_arrival_time,
        bd1_0.estimated_departure_time 
    from
        bus_details bd1_0 
    where
        bd1_0.booking_id=?
2025-09-24 10:56:06 [http-nio-8080-exec-5] DEBUG org.hibernate.SQL - 
    select
        t1_0.id,
        t1_0.booking_id,
        t1_0.name,
        t1_0.nic 
    from
        teachers t1_0 
    where
        t1_0.booking_id=?
2025-09-24 10:56:07 [http-nio-8080-exec-5] DEBUG org.hibernate.SQL - 
    select
        g1_0.id,
        g1_0.booking_id,
        g1_0.contact_number,
        g1_0.name,
        g1_0.nic 
    from
        guardians g1_0 
    where
        g1_0.booking_id=?
2025-09-24 10:56:07 [http-nio-8080-exec-5] DEBUG org.hibernate.SQL - 
    select
        bd1_0.booking_id,
        bd1_0.id,
        bd1_0.bus_capacity,
        bd1_0.bus_company,
        bd1_0.bus_number,
        bd1_0.conductor_name,
        bd1_0.conductor_nic,
        bd1_0.driver_contact,
        bd1_0.driver_license_number,
        bd1_0.driver_name,
        bd1_0.estimated_arrival_time,
        bd1_0.estimated_departure_time 
    from
        bus_details bd1_0 
    where
        bd1_0.booking_id=?
2025-09-24 10:56:07 [http-nio-8080-exec-5] DEBUG org.hibernate.SQL - 
    select
        t1_0.id,
        t1_0.booking_id,
        t1_0.name,
        t1_0.nic 
    from
        teachers t1_0 
    where
        t1_0.booking_id=?
2025-09-24 10:56:07 [http-nio-8080-exec-5] DEBUG org.hibernate.SQL - 
    select
        g1_0.id,
        g1_0.booking_id,
        g1_0.contact_number,
        g1_0.name,
        g1_0.nic 
    from
        guardians g1_0 
    where
        g1_0.booking_id=?
2025-09-24 10:56:07 [http-nio-8080-exec-5] DEBUG org.hibernate.SQL - 
    select
        bd1_0.booking_id,
        bd1_0.id,
        bd1_0.bus_capacity,
        bd1_0.bus_company,
        bd1_0.bus_number,
        bd1_0.conductor_name,
        bd1_0.conductor_nic,
        bd1_0.driver_contact,
        bd1_0.driver_license_number,
        bd1_0.driver_name,
        bd1_0.estimated_arrival_time,
        bd1_0.estimated_departure_time 
    from
        bus_details bd1_0 
    where
        bd1_0.booking_id=?
2025-09-24 10:56:07 [http-nio-8080-exec-5] DEBUG org.hibernate.SQL - 
    select
        t1_0.id,
        t1_0.booking_id,
        t1_0.name,
        t1_0.nic 
    from
        teachers t1_0 
    where
        t1_0.booking_id=?
2025-09-24 10:56:07 [http-nio-8080-exec-5] DEBUG org.hibernate.SQL - 
    select
        g1_0.id,
        g1_0.booking_id,
        g1_0.contact_number,
        g1_0.name,
        g1_0.nic 
    from
        guardians g1_0 
    where
        g1_0.booking_id=?
2025-09-24 10:56:07 [http-nio-8080-exec-5] DEBUG org.hibernate.SQL - 
    select
        u1_0.id,
        u1_0.contact_number,
        u1_0.email,
        u1_0.institution_name,
        u1_0.password,
        u1_0.role,
        u1_0.username 
    from
        users u1_0 
    where
        u1_0.id=?
2025-09-24 10:56:07 [http-nio-8080-exec-5] DEBUG org.hibernate.SQL - 
    select
        bd1_0.booking_id,
        bd1_0.id,
        bd1_0.bus_capacity,
        bd1_0.bus_company,
        bd1_0.bus_number,
        bd1_0.conductor_name,
        bd1_0.conductor_nic,
        bd1_0.driver_contact,
        bd1_0.driver_license_number,
        bd1_0.driver_name,
        bd1_0.estimated_arrival_time,
        bd1_0.estimated_departure_time 
    from
        bus_details bd1_0 
    where
        bd1_0.booking_id=?
2025-09-24 10:56:07 [http-nio-8080-exec-5] DEBUG org.hibernate.SQL - 
    select
        t1_0.id,
        t1_0.booking_id,
        t1_0.name,
        t1_0.nic 
    from
        teachers t1_0 
    where
        t1_0.booking_id=?
2025-09-24 10:56:07 [http-nio-8080-exec-5] DEBUG org.hibernate.SQL - 
    select
        g1_0.id,
        g1_0.booking_id,
        g1_0.contact_number,
        g1_0.name,
        g1_0.nic 
    from
        guardians g1_0 
    where
        g1_0.booking_id=?
2025-09-24 10:56:07 [http-nio-8080-exec-5] DEBUG org.hibernate.SQL - 
    select
        bd1_0.booking_id,
        bd1_0.id,
        bd1_0.bus_capacity,
        bd1_0.bus_company,
        bd1_0.bus_number,
        bd1_0.conductor_name,
        bd1_0.conductor_nic,
        bd1_0.driver_contact,
        bd1_0.driver_license_number,
        bd1_0.driver_name,
        bd1_0.estimated_arrival_time,
        bd1_0.estimated_departure_time 
    from
        bus_details bd1_0 
    where
        bd1_0.booking_id=?
2025-09-24 10:56:07 [http-nio-8080-exec-5] DEBUG org.hibernate.SQL - 
    select
        t1_0.id,
        t1_0.booking_id,
        t1_0.name,
        t1_0.nic 
    from
        teachers t1_0 
    where
        t1_0.booking_id=?
2025-09-24 10:56:07 [http-nio-8080-exec-5] DEBUG org.hibernate.SQL - 
    select
        g1_0.id,
        g1_0.booking_id,
        g1_0.contact_number,
        g1_0.name,
        g1_0.nic 
    from
        guardians g1_0 
    where
        g1_0.booking_id=?
2025-09-24 10:56:07 [http-nio-8080-exec-5] DEBUG org.hibernate.SQL - 
    select
        bd1_0.booking_id,
        bd1_0.id,
        bd1_0.bus_capacity,
        bd1_0.bus_company,
        bd1_0.bus_number,
        bd1_0.conductor_name,
        bd1_0.conductor_nic,
        bd1_0.driver_contact,
        bd1_0.driver_license_number,
        bd1_0.driver_name,
        bd1_0.estimated_arrival_time,
        bd1_0.estimated_departure_time 
    from
        bus_details bd1_0 
    where
        bd1_0.booking_id=?
2025-09-24 10:56:07 [http-nio-8080-exec-5] DEBUG org.hibernate.SQL - 
    select
        t1_0.id,
        t1_0.booking_id,
        t1_0.name,
        t1_0.nic 
    from
        teachers t1_0 
    where
        t1_0.booking_id=?
2025-09-24 10:56:07 [http-nio-8080-exec-5] DEBUG org.hibernate.SQL - 
    select
        g1_0.id,
        g1_0.booking_id,
        g1_0.contact_number,
        g1_0.name,
        g1_0.nic 
    from
        guardians g1_0 
    where
        g1_0.booking_id=?
2025-09-24 10:56:07 [http-nio-8080-exec-5] DEBUG org.hibernate.SQL - 
    select
        bd1_0.booking_id,
        bd1_0.id,
        bd1_0.bus_capacity,
        bd1_0.bus_company,
        bd1_0.bus_number,
        bd1_0.conductor_name,
        bd1_0.conductor_nic,
        bd1_0.driver_contact,
        bd1_0.driver_license_number,
        bd1_0.driver_name,
        bd1_0.estimated_arrival_time,
        bd1_0.estimated_departure_time 
    from
        bus_details bd1_0 
    where
        bd1_0.booking_id=?
2025-09-24 10:56:07 [http-nio-8080-exec-5] DEBUG org.hibernate.SQL - 
    select
        t1_0.id,
        t1_0.booking_id,
        t1_0.name,
        t1_0.nic 
    from
        teachers t1_0 
    where
        t1_0.booking_id=?
2025-09-24 10:56:07 [http-nio-8080-exec-5] DEBUG org.hibernate.SQL - 
    select
        g1_0.id,
        g1_0.booking_id,
        g1_0.contact_number,
        g1_0.name,
        g1_0.nic 
    from
        guardians g1_0 
    where
        g1_0.booking_id=?
2025-09-24 10:56:07 [http-nio-8080-exec-5] DEBUG org.hibernate.SQL - 
    select
        bd1_0.booking_id,
        bd1_0.id,
        bd1_0.bus_capacity,
        bd1_0.bus_company,
        bd1_0.bus_number,
        bd1_0.conductor_name,
        bd1_0.conductor_nic,
        bd1_0.driver_contact,
        bd1_0.driver_license_number,
        bd1_0.driver_name,
        bd1_0.estimated_arrival_time,
        bd1_0.estimated_departure_time 
    from
        bus_details bd1_0 
    where
        bd1_0.booking_id=?
2025-09-24 10:56:07 [http-nio-8080-exec-5] DEBUG org.hibernate.SQL - 
    select
        t1_0.id,
        t1_0.booking_id,
        t1_0.name,
        t1_0.nic 
    from
        teachers t1_0 
    where
        t1_0.booking_id=?
2025-09-24 10:56:07 [http-nio-8080-exec-5] DEBUG org.hibernate.SQL - 
    select
        g1_0.id,
        g1_0.booking_id,
        g1_0.contact_number,
        g1_0.name,
        g1_0.nic 
    from
        guardians g1_0 
    where
        g1_0.booking_id=?
2025-09-24 10:56:07 [http-nio-8080-exec-5] DEBUG org.hibernate.SQL - 
    select
        bd1_0.booking_id,
        bd1_0.id,
        bd1_0.bus_capacity,
        bd1_0.bus_company,
        bd1_0.bus_number,
        bd1_0.conductor_name,
        bd1_0.conductor_nic,
        bd1_0.driver_contact,
        bd1_0.driver_license_number,
        bd1_0.driver_name,
        bd1_0.estimated_arrival_time,
        bd1_0.estimated_departure_time 
    from
        bus_details bd1_0 
    where
        bd1_0.booking_id=?
2025-09-24 10:56:07 [http-nio-8080-exec-5] DEBUG org.hibernate.SQL - 
    select
        t1_0.id,
        t1_0.booking_id,
        t1_0.name,
        t1_0.nic 
    from
        teachers t1_0 
    where
        t1_0.booking_id=?
2025-09-24 10:56:07 [http-nio-8080-exec-5] DEBUG org.hibernate.SQL - 
    select
        g1_0.id,
        g1_0.booking_id,
        g1_0.contact_number,
        g1_0.name,
        g1_0.nic 
    from
        guardians g1_0 
    where
        g1_0.booking_id=?
2025-09-24 10:56:07 [http-nio-8080-exec-5] DEBUG org.hibernate.SQL - 
    select
        bd1_0.booking_id,
        bd1_0.id,
        bd1_0.bus_capacity,
        bd1_0.bus_company,
        bd1_0.bus_number,
        bd1_0.conductor_name,
        bd1_0.conductor_nic,
        bd1_0.driver_contact,
        bd1_0.driver_license_number,
        bd1_0.driver_name,
        bd1_0.estimated_arrival_time,
        bd1_0.estimated_departure_time 
    from
        bus_details bd1_0 
    where
        bd1_0.booking_id=?
2025-09-24 10:56:07 [http-nio-8080-exec-5] DEBUG org.hibernate.SQL - 
    select
        t1_0.id,
        t1_0.booking_id,
        t1_0.name,
        t1_0.nic 
    from
        teachers t1_0 
    where
        t1_0.booking_id=?
2025-09-24 10:56:07 [http-nio-8080-exec-5] DEBUG org.hibernate.SQL - 
    select
        g1_0.id,
        g1_0.booking_id,
        g1_0.contact_number,
        g1_0.name,
        g1_0.nic 
    from
        guardians g1_0 
    where
        g1_0.booking_id=?
2025-09-24 10:56:07 [http-nio-8080-exec-5] DEBUG org.hibernate.SQL - 
    select
        bd1_0.booking_id,
        bd1_0.id,
        bd1_0.bus_capacity,
        bd1_0.bus_company,
        bd1_0.bus_number,
        bd1_0.conductor_name,
        bd1_0.conductor_nic,
        bd1_0.driver_contact,
        bd1_0.driver_license_number,
        bd1_0.driver_name,
        bd1_0.estimated_arrival_time,
        bd1_0.estimated_departure_time 
    from
        bus_details bd1_0 
    where
        bd1_0.booking_id=?
2025-09-24 10:56:07 [http-nio-8080-exec-5] DEBUG org.hibernate.SQL - 
    select
        t1_0.id,
        t1_0.booking_id,
        t1_0.name,
        t1_0.nic 
    from
        teachers t1_0 
    where
        t1_0.booking_id=?
2025-09-24 10:56:07 [http-nio-8080-exec-5] DEBUG org.hibernate.SQL - 
    select
        g1_0.id,
        g1_0.booking_id,
        g1_0.contact_number,
        g1_0.name,
        g1_0.nic 
    from
        guardians g1_0 
    where
        g1_0.booking_id=?
2025-09-24 10:56:07 [http-nio-8080-exec-5] DEBUG org.hibernate.SQL - 
    select
        bd1_0.booking_id,
        bd1_0.id,
        bd1_0.bus_capacity,
        bd1_0.bus_company,
        bd1_0.bus_number,
        bd1_0.conductor_name,
        bd1_0.conductor_nic,
        bd1_0.driver_contact,
        bd1_0.driver_license_number,
        bd1_0.driver_name,
        bd1_0.estimated_arrival_time,
        bd1_0.estimated_departure_time 
    from
        bus_details bd1_0 
    where
        bd1_0.booking_id=?
2025-09-24 10:56:07 [http-nio-8080-exec-5] DEBUG org.hibernate.SQL - 
    select
        t1_0.id,
        t1_0.booking_id,
        t1_0.name,
        t1_0.nic 
    from
        teachers t1_0 
    where
        t1_0.booking_id=?
2025-09-24 10:56:07 [http-nio-8080-exec-5] DEBUG org.hibernate.SQL - 
    select
        g1_0.id,
        g1_0.booking_id,
        g1_0.contact_number,
        g1_0.name,
        g1_0.nic 
    from
        guardians g1_0 
    where
        g1_0.booking_id=?
2025-09-24 10:56:07 [http-nio-8080-exec-5] DEBUG org.hibernate.SQL - 
    select
        bd1_0.booking_id,
        bd1_0.id,
        bd1_0.bus_capacity,
        bd1_0.bus_company,
        bd1_0.bus_number,
        bd1_0.conductor_name,
        bd1_0.conductor_nic,
        bd1_0.driver_contact,
        bd1_0.driver_license_number,
        bd1_0.driver_name,
        bd1_0.estimated_arrival_time,
        bd1_0.estimated_departure_time 
    from
        bus_details bd1_0 
    where
        bd1_0.booking_id=?
2025-09-24 10:56:07 [http-nio-8080-exec-5] DEBUG org.hibernate.SQL - 
    select
        t1_0.id,
        t1_0.booking_id,
        t1_0.name,
        t1_0.nic 
    from
        teachers t1_0 
    where
        t1_0.booking_id=?
2025-09-24 10:56:07 [http-nio-8080-exec-5] DEBUG org.hibernate.SQL - 
    select
        g1_0.id,
        g1_0.booking_id,
        g1_0.contact_number,
        g1_0.name,
        g1_0.nic 
    from
        guardians g1_0 
    where
        g1_0.booking_id=?
2025-09-24 10:56:07 [http-nio-8080-exec-5] DEBUG org.hibernate.SQL - 
    select
        bd1_0.booking_id,
        bd1_0.id,
        bd1_0.bus_capacity,
        bd1_0.bus_company,
        bd1_0.bus_number,
        bd1_0.conductor_name,
        bd1_0.conductor_nic,
        bd1_0.driver_contact,
        bd1_0.driver_license_number,
        bd1_0.driver_name,
        bd1_0.estimated_arrival_time,
        bd1_0.estimated_departure_time 
    from
        bus_details bd1_0 
    where
        bd1_0.booking_id=?
2025-09-24 10:56:07 [http-nio-8080-exec-5] DEBUG org.hibernate.SQL - 
    select
        t1_0.id,
        t1_0.booking_id,
        t1_0.name,
        t1_0.nic 
    from
        teachers t1_0 
    where
        t1_0.booking_id=?
2025-09-24 10:56:07 [http-nio-8080-exec-5] DEBUG org.hibernate.SQL - 
    select
        g1_0.id,
        g1_0.booking_id,
        g1_0.contact_number,
        g1_0.name,
        g1_0.nic 
    from
        guardians g1_0 
    where
        g1_0.booking_id=?
2025-09-24 10:56:07 [http-nio-8080-exec-5] DEBUG org.hibernate.SQL - 
    select
        bd1_0.booking_id,
        bd1_0.id,
        bd1_0.bus_capacity,
        bd1_0.bus_company,
        bd1_0.bus_number,
        bd1_0.conductor_name,
        bd1_0.conductor_nic,
        bd1_0.driver_contact,
        bd1_0.driver_license_number,
        bd1_0.driver_name,
        bd1_0.estimated_arrival_time,
        bd1_0.estimated_departure_time 
    from
        bus_details bd1_0 
    where
        bd1_0.booking_id=?
2025-09-24 10:56:07 [http-nio-8080-exec-5] DEBUG org.hibernate.SQL - 
    select
        t1_0.id,
        t1_0.booking_id,
        t1_0.name,
        t1_0.nic 
    from
        teachers t1_0 
    where
        t1_0.booking_id=?
2025-09-24 10:56:07 [http-nio-8080-exec-5] DEBUG org.hibernate.SQL - 
    select
        g1_0.id,
        g1_0.booking_id,
        g1_0.contact_number,
        g1_0.name,
        g1_0.nic 
    from
        guardians g1_0 
    where
        g1_0.booking_id=?
2025-09-24 10:56:07 [http-nio-8080-exec-5] DEBUG org.hibernate.SQL - 
    select
        bd1_0.booking_id,
        bd1_0.id,
        bd1_0.bus_capacity,
        bd1_0.bus_company,
        bd1_0.bus_number,
        bd1_0.conductor_name,
        bd1_0.conductor_nic,
        bd1_0.driver_contact,
        bd1_0.driver_license_number,
        bd1_0.driver_name,
        bd1_0.estimated_arrival_time,
        bd1_0.estimated_departure_time 
    from
        bus_details bd1_0 
    where
        bd1_0.booking_id=?
2025-09-24 10:56:07 [http-nio-8080-exec-5] DEBUG org.hibernate.SQL - 
    select
        t1_0.id,
        t1_0.booking_id,
        t1_0.name,
        t1_0.nic 
    from
        teachers t1_0 
    where
        t1_0.booking_id=?
2025-09-24 10:56:07 [http-nio-8080-exec-5] DEBUG org.hibernate.SQL - 
    select
        g1_0.id,
        g1_0.booking_id,
        g1_0.contact_number,
        g1_0.name,
        g1_0.nic 
    from
        guardians g1_0 
    where
        g1_0.booking_id=?
2025-09-24 10:56:07 [http-nio-8080-exec-5] DEBUG org.hibernate.SQL - 
    select
        bd1_0.booking_id,
        bd1_0.id,
        bd1_0.bus_capacity,
        bd1_0.bus_company,
        bd1_0.bus_number,
        bd1_0.conductor_name,
        bd1_0.conductor_nic,
        bd1_0.driver_contact,
        bd1_0.driver_license_number,
        bd1_0.driver_name,
        bd1_0.estimated_arrival_time,
        bd1_0.estimated_departure_time 
    from
        bus_details bd1_0 
    where
        bd1_0.booking_id=?
2025-09-24 10:56:08 [http-nio-8080-exec-5] DEBUG org.hibernate.SQL - 
    select
        t1_0.id,
        t1_0.booking_id,
        t1_0.name,
        t1_0.nic 
    from
        teachers t1_0 
    where
        t1_0.booking_id=?
2025-09-24 10:56:08 [http-nio-8080-exec-5] DEBUG org.hibernate.SQL - 
    select
        g1_0.id,
        g1_0.booking_id,
        g1_0.contact_number,
        g1_0.name,
        g1_0.nic 
    from
        guardians g1_0 
    where
        g1_0.booking_id=?
2025-09-24 10:56:08 [http-nio-8080-exec-5] DEBUG org.hibernate.SQL - 
    select
        bd1_0.booking_id,
        bd1_0.id,
        bd1_0.bus_capacity,
        bd1_0.bus_company,
        bd1_0.bus_number,
        bd1_0.conductor_name,
        bd1_0.conductor_nic,
        bd1_0.driver_contact,
        bd1_0.driver_license_number,
        bd1_0.driver_name,
        bd1_0.estimated_arrival_time,
        bd1_0.estimated_departure_time 
    from
        bus_details bd1_0 
    where
        bd1_0.booking_id=?
2025-09-24 10:56:08 [http-nio-8080-exec-5] DEBUG org.hibernate.SQL - 
    select
        t1_0.id,
        t1_0.booking_id,
        t1_0.name,
        t1_0.nic 
    from
        teachers t1_0 
    where
        t1_0.booking_id=?
2025-09-24 10:56:08 [http-nio-8080-exec-5] DEBUG org.hibernate.SQL - 
    select
        g1_0.id,
        g1_0.booking_id,
        g1_0.contact_number,
        g1_0.name,
        g1_0.nic 
    from
        guardians g1_0 
    where
        g1_0.booking_id=?
2025-09-24 10:56:08 [http-nio-8080-exec-5] DEBUG org.hibernate.SQL - 
    select
        bd1_0.booking_id,
        bd1_0.id,
        bd1_0.bus_capacity,
        bd1_0.bus_company,
        bd1_0.bus_number,
        bd1_0.conductor_name,
        bd1_0.conductor_nic,
        bd1_0.driver_contact,
        bd1_0.driver_license_number,
        bd1_0.driver_name,
        bd1_0.estimated_arrival_time,
        bd1_0.estimated_departure_time 
    from
        bus_details bd1_0 
    where
        bd1_0.booking_id=?
2025-09-24 10:56:08 [http-nio-8080-exec-5] DEBUG org.hibernate.SQL - 
    select
        t1_0.id,
        t1_0.booking_id,
        t1_0.name,
        t1_0.nic 
    from
        teachers t1_0 
    where
        t1_0.booking_id=?
2025-09-24 10:56:08 [http-nio-8080-exec-5] DEBUG org.hibernate.SQL - 
    select
        g1_0.id,
        g1_0.booking_id,
        g1_0.contact_number,
        g1_0.name,
        g1_0.nic 
    from
        guardians g1_0 
    where
        g1_0.booking_id=?
2025-09-24 10:56:08 [http-nio-8080-exec-5] DEBUG org.hibernate.SQL - 
    select
        bd1_0.booking_id,
        bd1_0.id,
        bd1_0.bus_capacity,
        bd1_0.bus_company,
        bd1_0.bus_number,
        bd1_0.conductor_name,
        bd1_0.conductor_nic,
        bd1_0.driver_contact,
        bd1_0.driver_license_number,
        bd1_0.driver_name,
        bd1_0.estimated_arrival_time,
        bd1_0.estimated_departure_time 
    from
        bus_details bd1_0 
    where
        bd1_0.booking_id=?
2025-09-24 10:56:08 [http-nio-8080-exec-5] DEBUG org.hibernate.SQL - 
    select
        t1_0.id,
        t1_0.booking_id,
        t1_0.name,
        t1_0.nic 
    from
        teachers t1_0 
    where
        t1_0.booking_id=?
2025-09-24 10:56:08 [http-nio-8080-exec-5] DEBUG org.hibernate.SQL - 
    select
        g1_0.id,
        g1_0.booking_id,
        g1_0.contact_number,
        g1_0.name,
        g1_0.nic 
    from
        guardians g1_0 
    where
        g1_0.booking_id=?
2025-09-24 10:56:08 [http-nio-8080-exec-5] DEBUG org.hibernate.SQL - 
    select
        bd1_0.booking_id,
        bd1_0.id,
        bd1_0.bus_capacity,
        bd1_0.bus_company,
        bd1_0.bus_number,
        bd1_0.conductor_name,
        bd1_0.conductor_nic,
        bd1_0.driver_contact,
        bd1_0.driver_license_number,
        bd1_0.driver_name,
        bd1_0.estimated_arrival_time,
        bd1_0.estimated_departure_time 
    from
        bus_details bd1_0 
    where
        bd1_0.booking_id=?
2025-09-24 10:56:08 [http-nio-8080-exec-5] DEBUG org.hibernate.SQL - 
    select
        t1_0.id,
        t1_0.booking_id,
        t1_0.name,
        t1_0.nic 
    from
        teachers t1_0 
    where
        t1_0.booking_id=?
2025-09-24 10:56:08 [http-nio-8080-exec-5] DEBUG org.hibernate.SQL - 
    select
        g1_0.id,
        g1_0.booking_id,
        g1_0.contact_number,
        g1_0.name,
        g1_0.nic 
    from
        guardians g1_0 
    where
        g1_0.booking_id=?
2025-09-24 10:56:08 [http-nio-8080-exec-5] DEBUG org.hibernate.SQL - 
    select
        bd1_0.booking_id,
        bd1_0.id,
        bd1_0.bus_capacity,
        bd1_0.bus_company,
        bd1_0.bus_number,
        bd1_0.conductor_name,
        bd1_0.conductor_nic,
        bd1_0.driver_contact,
        bd1_0.driver_license_number,
        bd1_0.driver_name,
        bd1_0.estimated_arrival_time,
        bd1_0.estimated_departure_time 
    from
        bus_details bd1_0 
    where
        bd1_0.booking_id=?
2025-09-24 10:56:08 [http-nio-8080-exec-5] DEBUG org.hibernate.SQL - 
    select
        t1_0.id,
        t1_0.booking_id,
        t1_0.name,
        t1_0.nic 
    from
        teachers t1_0 
    where
        t1_0.booking_id=?
2025-09-24 10:56:08 [http-nio-8080-exec-5] DEBUG org.hibernate.SQL - 
    select
        g1_0.id,
        g1_0.booking_id,
        g1_0.contact_number,
        g1_0.name,
        g1_0.nic 
    from
        guardians g1_0 
    where
        g1_0.booking_id=?
2025-09-24 10:56:08 [http-nio-8080-exec-5] DEBUG org.hibernate.SQL - 
    select
        bd1_0.booking_id,
        bd1_0.id,
        bd1_0.bus_capacity,
        bd1_0.bus_company,
        bd1_0.bus_number,
        bd1_0.conductor_name,
        bd1_0.conductor_nic,
        bd1_0.driver_contact,
        bd1_0.driver_license_number,
        bd1_0.driver_name,
        bd1_0.estimated_arrival_time,
        bd1_0.estimated_departure_time 
    from
        bus_details bd1_0 
    where
        bd1_0.booking_id=?
2025-09-24 10:56:08 [http-nio-8080-exec-5] DEBUG org.hibernate.SQL - 
    select
        t1_0.id,
        t1_0.booking_id,
        t1_0.name,
        t1_0.nic 
    from
        teachers t1_0 
    where
        t1_0.booking_id=?
2025-09-24 10:56:08 [http-nio-8080-exec-5] DEBUG org.hibernate.SQL - 
    select
        g1_0.id,
        g1_0.booking_id,
        g1_0.contact_number,
        g1_0.name,
        g1_0.nic 
    from
        guardians g1_0 
    where
        g1_0.booking_id=?
2025-09-24 10:56:08 [http-nio-8080-exec-5] DEBUG org.hibernate.SQL - 
    select
        bd1_0.booking_id,
        bd1_0.id,
        bd1_0.bus_capacity,
        bd1_0.bus_company,
        bd1_0.bus_number,
        bd1_0.conductor_name,
        bd1_0.conductor_nic,
        bd1_0.driver_contact,
        bd1_0.driver_license_number,
        bd1_0.driver_name,
        bd1_0.estimated_arrival_time,
        bd1_0.estimated_departure_time 
    from
        bus_details bd1_0 
    where
        bd1_0.booking_id=?
2025-09-24 10:56:08 [http-nio-8080-exec-5] DEBUG org.hibernate.SQL - 
    select
        t1_0.id,
        t1_0.booking_id,
        t1_0.name,
        t1_0.nic 
    from
        teachers t1_0 
    where
        t1_0.booking_id=?
2025-09-24 10:56:08 [http-nio-8080-exec-5] DEBUG org.hibernate.SQL - 
    select
        g1_0.id,
        g1_0.booking_id,
        g1_0.contact_number,
        g1_0.name,
        g1_0.nic 
    from
        guardians g1_0 
    where
        g1_0.booking_id=?
2025-09-24 10:56:08 [http-nio-8080-exec-5] DEBUG org.hibernate.SQL - 
    select
        bd1_0.booking_id,
        bd1_0.id,
        bd1_0.bus_capacity,
        bd1_0.bus_company,
        bd1_0.bus_number,
        bd1_0.conductor_name,
        bd1_0.conductor_nic,
        bd1_0.driver_contact,
        bd1_0.driver_license_number,
        bd1_0.driver_name,
        bd1_0.estimated_arrival_time,
        bd1_0.estimated_departure_time 
    from
        bus_details bd1_0 
    where
        bd1_0.booking_id=?
2025-09-24 10:56:08 [http-nio-8080-exec-5] DEBUG org.hibernate.SQL - 
    select
        t1_0.id,
        t1_0.booking_id,
        t1_0.name,
        t1_0.nic 
    from
        teachers t1_0 
    where
        t1_0.booking_id=?
2025-09-24 10:56:08 [http-nio-8080-exec-5] DEBUG org.hibernate.SQL - 
    select
        g1_0.id,
        g1_0.booking_id,
        g1_0.contact_number,
        g1_0.name,
        g1_0.nic 
    from
        guardians g1_0 
    where
        g1_0.booking_id=?
2025-09-24 10:56:08 [http-nio-8080-exec-5] DEBUG org.hibernate.SQL - 
    select
        bd1_0.booking_id,
        bd1_0.id,
        bd1_0.bus_capacity,
        bd1_0.bus_company,
        bd1_0.bus_number,
        bd1_0.conductor_name,
        bd1_0.conductor_nic,
        bd1_0.driver_contact,
        bd1_0.driver_license_number,
        bd1_0.driver_name,
        bd1_0.estimated_arrival_time,
        bd1_0.estimated_departure_time 
    from
        bus_details bd1_0 
    where
        bd1_0.booking_id=?
2025-09-24 10:56:08 [http-nio-8080-exec-5] DEBUG org.hibernate.SQL - 
    select
        t1_0.id,
        t1_0.booking_id,
        t1_0.name,
        t1_0.nic 
    from
        teachers t1_0 
    where
        t1_0.booking_id=?
2025-09-24 10:56:08 [http-nio-8080-exec-5] DEBUG org.hibernate.SQL - 
    select
        g1_0.id,
        g1_0.booking_id,
        g1_0.contact_number,
        g1_0.name,
        g1_0.nic 
    from
        guardians g1_0 
    where
        g1_0.booking_id=?
2025-09-24 10:56:08 [http-nio-8080-exec-5] DEBUG org.hibernate.SQL - 
    select
        bd1_0.booking_id,
        bd1_0.id,
        bd1_0.bus_capacity,
        bd1_0.bus_company,
        bd1_0.bus_number,
        bd1_0.conductor_name,
        bd1_0.conductor_nic,
        bd1_0.driver_contact,
        bd1_0.driver_license_number,
        bd1_0.driver_name,
        bd1_0.estimated_arrival_time,
        bd1_0.estimated_departure_time 
    from
        bus_details bd1_0 
    where
        bd1_0.booking_id=?
2025-09-24 10:56:08 [http-nio-8080-exec-5] DEBUG org.hibernate.SQL - 
    select
        t1_0.id,
        t1_0.booking_id,
        t1_0.name,
        t1_0.nic 
    from
        teachers t1_0 
    where
        t1_0.booking_id=?
2025-09-24 10:56:08 [http-nio-8080-exec-5] DEBUG org.hibernate.SQL - 
    select
        g1_0.id,
        g1_0.booking_id,
        g1_0.contact_number,
        g1_0.name,
        g1_0.nic 
    from
        guardians g1_0 
    where
        g1_0.booking_id=?
2025-09-24 10:56:08 [http-nio-8080-exec-5] DEBUG org.hibernate.SQL - 
    select
        bd1_0.booking_id,
        bd1_0.id,
        bd1_0.bus_capacity,
        bd1_0.bus_company,
        bd1_0.bus_number,
        bd1_0.conductor_name,
        bd1_0.conductor_nic,
        bd1_0.driver_contact,
        bd1_0.driver_license_number,
        bd1_0.driver_name,
        bd1_0.estimated_arrival_time,
        bd1_0.estimated_departure_time 
    from
        bus_details bd1_0 
    where
        bd1_0.booking_id=?
2025-09-24 10:56:08 [http-nio-8080-exec-5] DEBUG org.hibernate.SQL - 
    select
        t1_0.id,
        t1_0.booking_id,
        t1_0.name,
        t1_0.nic 
    from
        teachers t1_0 
    where
        t1_0.booking_id=?
2025-09-24 10:56:08 [http-nio-8080-exec-5] DEBUG org.hibernate.SQL - 
    select
        g1_0.id,
        g1_0.booking_id,
        g1_0.contact_number,
        g1_0.name,
        g1_0.nic 
    from
        guardians g1_0 
    where
        g1_0.booking_id=?
2025-09-24 10:56:11 [http-nio-8080-exec-8] DEBUG o.s.security.web.FilterChainProxy - Securing PUT /api/bookings/33/status
2025-09-24 10:56:11 [http-nio-8080-exec-8] DEBUG org.hibernate.SQL - 
    select
        u1_0.id,
        u1_0.contact_number,
        u1_0.email,
        u1_0.institution_name,
        u1_0.password,
        u1_0.role,
        u1_0.username 
    from
        users u1_0 
    where
        u1_0.username=?
2025-09-24 10:56:11 [http-nio-8080-exec-8] DEBUG o.s.security.web.FilterChainProxy - Secured PUT /api/bookings/33/status
2025-09-24 10:56:11 [http-nio-8080-exec-8] DEBUG o.s.s.a.m.AuthorizationManagerBeforeMethodInterceptor - Authorizing method invocation ReflectiveMethodInvocation: public org.springframework.http.ResponseEntity com.portbooking.controller.BookingController.updateBookingStatus(java.lang.Long,java.util.Map); target is of class [com.portbooking.controller.BookingController]
2025-09-24 10:56:11 [http-nio-8080-exec-8] DEBUG o.s.s.a.m.AuthorizationManagerBeforeMethodInterceptor - Authorized method invocation ReflectiveMethodInvocation: public org.springframework.http.ResponseEntity com.portbooking.controller.BookingController.updateBookingStatus(java.lang.Long,java.util.Map); target is of class [com.portbooking.controller.BookingController]
2025-09-24 10:56:11 [http-nio-8080-exec-8] DEBUG org.hibernate.SQL - 
    select
        b1_0.id,
        b1_0.contact_email,
        b1_0.created_at,
        b1_0.institution_contact_number,
        b1_0.number_of_students,
        b1_0.number_of_teachers,
        b1_0.purpose_of_visit,
        b1_0.rejection_reason,
        b1_0.special_requirements,
        b1_0.status,
        b1_0.updated_at,
        b1_0.user_id,
        b1_0.visit_date 
    from
        bookings b1_0 
    where
        b1_0.id=?
2025-09-24 10:56:11 [http-nio-8080-exec-8] DEBUG org.hibernate.SQL - 
    select
        u1_0.id,
        u1_0.contact_number,
        u1_0.email,
        u1_0.institution_name,
        u1_0.password,
        u1_0.role,
        u1_0.username 
    from
        users u1_0 
    where
        u1_0.id=?
2025-09-24 10:56:11 [http-nio-8080-exec-8] INFO  c.portbooking.service.BookingService - Sending email notification to: info.thamindu@gmail.com for status: REJECTED
2025-09-24 10:56:11 [http-nio-8080-exec-8] INFO  c.portbooking.service.EmailService - Preparing to send booking notification email to: info.thamindu@gmail.com
2025-09-24 10:56:11 [http-nio-8080-exec-8] DEBUG c.portbooking.service.EmailService - Email body:
Dear KIU,

Your SLPA education visit booking for 2025-10-16 has been REJECTED.

Reason: er2

Thank you for your interest in our educational program.

Best regards,
SLPA Education Visit Team
2025-09-24 10:56:14 [http-nio-8080-exec-8] ERROR c.portbooking.service.EmailService - Failed to send email notification to: info.thamindu@gmail.com
org.springframework.mail.MailSendException: Mail server connection failed. Failed messages: jakarta.mail.MessagingException: Could not connect to SMTP host: smtp.gmail.com, port: 465;
  nested exception is:
	java.net.SocketTimeoutException: Read timed out
	at org.springframework.mail.javamail.JavaMailSenderImpl.doSend(JavaMailSenderImpl.java:410)
	at org.springframework.mail.javamail.JavaMailSenderImpl.send(JavaMailSenderImpl.java:317)
	at org.springframework.mail.MailSender.send(MailSender.java:42)
	at com.portbooking.service.EmailService.sendBookingNotification(EmailService.java:47)
	at com.portbooking.service.BookingService.updateBookingStatus(BookingService.java:197)
	at com.portbooking.service.BookingService.updateBookingStatusWithReason(BookingService.java:218)
	at java.base/jdk.internal.reflect.DirectMethodHandleAccessor.invoke(DirectMethodHandleAccessor.java:103)
	at java.base/java.lang.reflect.Method.invoke(Method.java:580)
	at org.springframework.aop.support.AopUtils.invokeJoinpointUsingReflection(AopUtils.java:352)
	at org.springframework.aop.framework.ReflectiveMethodInvocation.invokeJoinpoint(ReflectiveMethodInvocation.java:196)
	at org.springframework.aop.framework.ReflectiveMethodInvocation.proceed(ReflectiveMethodInvocation.java:163)
	at org.springframework.aop.framework.CglibAopProxy$CglibMethodInvocation.proceed(CglibAopProxy.java:765)
	at org.springframework.transaction.interceptor.TransactionInterceptor$1.proceedWithInvocation(TransactionInterceptor.java:123)
	at org.springframework.transaction.interceptor.TransactionAspectSupport.invokeWithinTransaction(TransactionAspectSupport.java:385)
	at org.springframework.transaction.interceptor.TransactionInterceptor.invoke(TransactionInterceptor.java:119)
	at org.springframework.aop.framework.ReflectiveMethodInvocation.proceed(ReflectiveMethodInvocation.java:184)
	at org.springframework.aop.framework.CglibAopProxy$CglibMethodInvocation.proceed(CglibAopProxy.java:765)
	at org.springframework.aop.framework.CglibAopProxy$DynamicAdvisedInterceptor.intercept(CglibAopProxy.java:717)
	at com.portbooking.service.BookingService$$SpringCGLIB$$0.updateBookingStatusWithReason(<generated>)
	at com.portbooking.controller.BookingController.updateBookingStatus(BookingController.java:108)
	at java.base/jdk.internal.reflect.DirectMethodHandleAccessor.invoke(DirectMethodHandleAccessor.java:103)
	at java.base/java.lang.reflect.Method.invoke(Method.java:580)
	at org.springframework.aop.support.AopUtils.invokeJoinpointUsingReflection(AopUtils.java:352)
	at org.springframework.aop.framework.ReflectiveMethodInvocation.invokeJoinpoint(ReflectiveMethodInvocation.java:196)
	at org.springframework.aop.framework.ReflectiveMethodInvocation.proceed(ReflectiveMethodInvocation.java:163)
	at org.springframework.aop.framework.CglibAopProxy$CglibMethodInvocation.proceed(CglibAopProxy.java:765)
	at org.springframework.security.authorization.method.AuthorizationManagerBeforeMethodInterceptor.invoke(AuthorizationManagerBeforeMethodInterceptor.java:198)
	at org.springframework.aop.framework.ReflectiveMethodInvocation.proceed(ReflectiveMethodInvocation.java:184)
	at org.springframework.aop.framework.CglibAopProxy$CglibMethodInvocation.proceed(CglibAopProxy.java:765)
	at org.springframework.aop.framework.CglibAopProxy$DynamicAdvisedInterceptor.intercept(CglibAopProxy.java:717)
	at com.portbooking.controller.BookingController$$SpringCGLIB$$0.updateBookingStatus(<generated>)
	at java.base/jdk.internal.reflect.DirectMethodHandleAccessor.invoke(DirectMethodHandleAccessor.java:103)
	at java.base/java.lang.reflect.Method.invoke(Method.java:580)
	at org.springframework.web.method.support.InvocableHandlerMethod.doInvoke(InvocableHandlerMethod.java:254)
	at org.springframework.web.method.support.InvocableHandlerMethod.invokeForRequest(InvocableHandlerMethod.java:182)
	at org.springframework.web.servlet.mvc.method.annotation.ServletInvocableHandlerMethod.invokeAndHandle(ServletInvocableHandlerMethod.java:118)
	at org.springframework.web.servlet.mvc.method.annotation.RequestMappingHandlerAdapter.invokeHandlerMethod(RequestMappingHandlerAdapter.java:917)
	at org.springframework.web.servlet.mvc.method.annotation.RequestMappingHandlerAdapter.handleInternal(RequestMappingHandlerAdapter.java:829)
	at org.springframework.web.servlet.mvc.method.AbstractHandlerMethodAdapter.handle(AbstractHandlerMethodAdapter.java:87)
	at org.springframework.web.servlet.DispatcherServlet.doDispatch(DispatcherServlet.java:1089)
	at org.springframework.web.servlet.DispatcherServlet.doService(DispatcherServlet.java:979)
	at org.springframework.web.servlet.FrameworkServlet.processRequest(FrameworkServlet.java:1014)
	at org.springframework.web.servlet.FrameworkServlet.doPut(FrameworkServlet.java:925)
	at jakarta.servlet.http.HttpServlet.service(HttpServlet.java:593)
	at org.springframework.web.servlet.FrameworkServlet.service(FrameworkServlet.java:885)
	at jakarta.servlet.http.HttpServlet.service(HttpServlet.java:658)
	at org.apache.catalina.core.ApplicationFilterChain.internalDoFilter(ApplicationFilterChain.java:205)
	at org.apache.catalina.core.ApplicationFilterChain.doFilter(ApplicationFilterChain.java:149)
	at org.apache.tomcat.websocket.server.WsFilter.doFilter(WsFilter.java:51)
	at org.apache.catalina.core.ApplicationFilterChain.internalDoFilter(ApplicationFilterChain.java:174)
	at org.apache.catalina.core.ApplicationFilterChain.doFilter(ApplicationFilterChain.java:149)
	at org.springframework.web.filter.OncePerRequestFilter.doFilter(OncePerRequestFilter.java:110)
	at org.apache.catalina.core.ApplicationFilterChain.internalDoFilter(ApplicationFilterChain.java:174)
	at org.apache.catalina.core.ApplicationFilterChain.doFilter(ApplicationFilterChain.java:149)
	at org.springframework.security.web.FilterChainProxy.lambda$doFilterInternal$3(FilterChainProxy.java:231)
	at org.springframework.security.web.ObservationFilterChainDecorator$FilterObservation$SimpleFilterObservation.lambda$wrap$1(ObservationFilterChainDecorator.java:479)
	at org.springframework.security.web.ObservationFilterChainDecorator$AroundFilterObservation$SimpleAroundFilterObservation.lambda$wrap$1(ObservationFilterChainDecorator.java:340)
	at org.springframework.security.web.ObservationFilterChainDecorator.lambda$wrapSecured$0(ObservationFilterChainDecorator.java:82)
	at org.springframework.security.web.ObservationFilterChainDecorator$VirtualFilterChain.doFilter(ObservationFilterChainDecorator.java:128)
	at org.springframework.security.web.access.intercept.AuthorizationFilter.doFilter(AuthorizationFilter.java:100)
	at org.springframework.security.web.ObservationFilterChainDecorator$ObservationFilter.wrapFilter(ObservationFilterChainDecorator.java:240)
	at org.springframework.security.web.ObservationFilterChainDecorator$ObservationFilter.doFilter(ObservationFilterChainDecorator.java:227)
	at org.springframework.security.web.ObservationFilterChainDecorator$VirtualFilterChain.doFilter(ObservationFilterChainDecorator.java:137)
	at org.springframework.security.web.access.ExceptionTranslationFilter.doFilter(ExceptionTranslationFilter.java:126)
	at org.springframework.security.web.access.ExceptionTranslationFilter.doFilter(ExceptionTranslationFilter.java:120)
	at org.springframework.security.web.ObservationFilterChainDecorator$ObservationFilter.wrapFilter(ObservationFilterChainDecorator.java:240)
	at org.springframework.security.web.ObservationFilterChainDecorator$ObservationFilter.doFilter(ObservationFilterChainDecorator.java:227)
	at org.springframework.security.web.ObservationFilterChainDecorator$VirtualFilterChain.doFilter(ObservationFilterChainDecorator.java:137)
	at org.springframework.security.web.session.SessionManagementFilter.doFilter(SessionManagementFilter.java:131)
	at org.springframework.security.web.session.SessionManagementFilter.doFilter(SessionManagementFilter.java:85)
	at org.springframework.security.web.ObservationFilterChainDecorator$ObservationFilter.wrapFilter(ObservationFilterChainDecorator.java:240)
	at org.springframework.security.web.ObservationFilterChainDecorator$ObservationFilter.doFilter(ObservationFilterChainDecorator.java:227)
	at org.springframework.security.web.ObservationFilterChainDecorator$VirtualFilterChain.doFilter(ObservationFilterChainDecorator.java:137)
	at org.springframework.security.web.authentication.AnonymousAuthenticationFilter.doFilter(AnonymousAuthenticationFilter.java:100)
	at org.springframework.security.web.ObservationFilterChainDecorator$ObservationFilter.wrapFilter(ObservationFilterChainDecorator.java:240)
	at org.springframework.security.web.ObservationFilterChainDecorator$ObservationFilter.doFilter(ObservationFilterChainDecorator.java:227)
	at org.springframework.security.web.ObservationFilterChainDecorator$VirtualFilterChain.doFilter(ObservationFilterChainDecorator.java:137)
	at org.springframework.security.web.servletapi.SecurityContextHolderAwareRequestFilter.doFilter(SecurityContextHolderAwareRequestFilter.java:179)
	at org.springframework.security.web.ObservationFilterChainDecorator$ObservationFilter.wrapFilter(ObservationFilterChainDecorator.java:240)
	at org.springframework.security.web.ObservationFilterChainDecorator$ObservationFilter.doFilter(ObservationFilterChainDecorator.java:227)
	at org.springframework.security.web.ObservationFilterChainDecorator$VirtualFilterChain.doFilter(ObservationFilterChainDecorator.java:137)
	at org.springframework.security.web.savedrequest.RequestCacheAwareFilter.doFilter(RequestCacheAwareFilter.java:63)
	at org.springframework.security.web.ObservationFilterChainDecorator$ObservationFilter.wrapFilter(ObservationFilterChainDecorator.java:240)
	at org.springframework.security.web.ObservationFilterChainDecorator$ObservationFilter.doFilter(ObservationFilterChainDecorator.java:227)
	at org.springframework.security.web.ObservationFilterChainDecorator$VirtualFilterChain.doFilter(ObservationFilterChainDecorator.java:137)
	at com.portbooking.security.AuthTokenFilter.doFilterInternal(AuthTokenFilter.java:59)
	at org.springframework.web.filter.OncePerRequestFilter.doFilter(OncePerRequestFilter.java:116)
	at org.springframework.security.web.ObservationFilterChainDecorator$ObservationFilter.wrapFilter(ObservationFilterChainDecorator.java:240)
	at org.springframework.security.web.ObservationFilterChainDecorator$ObservationFilter.doFilter(ObservationFilterChainDecorator.java:227)
	at org.springframework.security.web.ObservationFilterChainDecorator$VirtualFilterChain.doFilter(ObservationFilterChainDecorator.java:137)
	at org.springframework.security.web.authentication.logout.LogoutFilter.doFilter(LogoutFilter.java:107)
	at org.springframework.security.web.authentication.logout.LogoutFilter.doFilter(LogoutFilter.java:93)
	at org.springframework.security.web.ObservationFilterChainDecorator$ObservationFilter.wrapFilter(ObservationFilterChainDecorator.java:240)
	at org.springframework.security.web.ObservationFilterChainDecorator$ObservationFilter.doFilter(ObservationFilterChainDecorator.java:227)
	at org.springframework.security.web.ObservationFilterChainDecorator$VirtualFilterChain.doFilter(ObservationFilterChainDecorator.java:137)
	at org.springframework.web.filter.CorsFilter.doFilterInternal(CorsFilter.java:91)
	at org.springframework.web.filter.OncePerRequestFilter.doFilter(OncePerRequestFilter.java:116)
	at org.springframework.security.web.ObservationFilterChainDecorator$ObservationFilter.wrapFilter(ObservationFilterChainDecorator.java:240)
	at org.springframework.security.web.ObservationFilterChainDecorator$ObservationFilter.doFilter(ObservationFilterChainDecorator.java:227)
	at org.springframework.security.web.ObservationFilterChainDecorator$VirtualFilterChain.doFilter(ObservationFilterChainDecorator.java:137)
	at org.springframework.security.web.header.HeaderWriterFilter.doHeadersAfter(HeaderWriterFilter.java:90)
	at org.springframework.security.web.header.HeaderWriterFilter.doFilterInternal(HeaderWriterFilter.java:75)
	at org.springframework.web.filter.OncePerRequestFilter.doFilter(OncePerRequestFilter.java:116)
	at org.springframework.security.web.ObservationFilterChainDecorator$ObservationFilter.wrapFilter(ObservationFilterChainDecorator.java:240)
	at org.springframework.security.web.ObservationFilterChainDecorator$ObservationFilter.doFilter(ObservationFilterChainDecorator.java:227)
	at org.springframework.security.web.ObservationFilterChainDecorator$VirtualFilterChain.doFilter(ObservationFilterChainDecorator.java:137)
	at org.springframework.security.web.context.SecurityContextHolderFilter.doFilter(SecurityContextHolderFilter.java:82)
	at org.springframework.security.web.context.SecurityContextHolderFilter.doFilter(SecurityContextHolderFilter.java:69)
	at org.springframework.security.web.ObservationFilterChainDecorator$ObservationFilter.wrapFilter(ObservationFilterChainDecorator.java:240)
	at org.springframework.security.web.ObservationFilterChainDecorator$ObservationFilter.doFilter(ObservationFilterChainDecorator.java:227)
	at org.springframework.security.web.ObservationFilterChainDecorator$VirtualFilterChain.doFilter(ObservationFilterChainDecorator.java:137)
	at org.springframework.security.web.context.request.async.WebAsyncManagerIntegrationFilter.doFilterInternal(WebAsyncManagerIntegrationFilter.java:62)
	at org.springframework.web.filter.OncePerRequestFilter.doFilter(OncePerRequestFilter.java:116)
	at org.springframework.security.web.ObservationFilterChainDecorator$ObservationFilter.wrapFilter(ObservationFilterChainDecorator.java:240)
	at org.springframework.security.web.ObservationFilterChainDecorator$ObservationFilter.doFilter(ObservationFilterChainDecorator.java:227)
	at org.springframework.security.web.ObservationFilterChainDecorator$VirtualFilterChain.doFilter(ObservationFilterChainDecorator.java:137)
	at org.springframework.security.web.session.DisableEncodeUrlFilter.doFilterInternal(DisableEncodeUrlFilter.java:42)
	at org.springframework.web.filter.OncePerRequestFilter.doFilter(OncePerRequestFilter.java:116)
	at org.springframework.security.web.ObservationFilterChainDecorator$ObservationFilter.wrapFilter(ObservationFilterChainDecorator.java:240)
	at org.springframework.security.web.ObservationFilterChainDecorator$AroundFilterObservation$SimpleAroundFilterObservation.lambda$wrap$0(ObservationFilterChainDecorator.java:323)
	at org.springframework.security.web.ObservationFilterChainDecorator$ObservationFilter.doFilter(ObservationFilterChainDecorator.java:224)
	at org.springframework.security.web.ObservationFilterChainDecorator$VirtualFilterChain.doFilter(ObservationFilterChainDecorator.java:137)
	at org.springframework.security.web.FilterChainProxy.doFilterInternal(FilterChainProxy.java:233)
	at org.springframework.security.web.FilterChainProxy.doFilter(FilterChainProxy.java:191)
	at org.springframework.web.filter.DelegatingFilterProxy.invokeDelegate(DelegatingFilterProxy.java:352)
	at org.springframework.web.filter.DelegatingFilterProxy.doFilter(DelegatingFilterProxy.java:268)
	at org.apache.catalina.core.ApplicationFilterChain.internalDoFilter(ApplicationFilterChain.java:174)
	at org.apache.catalina.core.ApplicationFilterChain.doFilter(ApplicationFilterChain.java:149)
	at org.springframework.web.filter.RequestContextFilter.doFilterInternal(RequestContextFilter.java:100)
	at org.springframework.web.filter.OncePerRequestFilter.doFilter(OncePerRequestFilter.java:116)
	at org.apache.catalina.core.ApplicationFilterChain.internalDoFilter(ApplicationFilterChain.java:174)
	at org.apache.catalina.core.ApplicationFilterChain.doFilter(ApplicationFilterChain.java:149)
	at org.springframework.web.filter.FormContentFilter.doFilterInternal(FormContentFilter.java:93)
	at org.springframework.web.filter.OncePerRequestFilter.doFilter(OncePerRequestFilter.java:116)
	at org.apache.catalina.core.ApplicationFilterChain.internalDoFilter(ApplicationFilterChain.java:174)
	at org.apache.catalina.core.ApplicationFilterChain.doFilter(ApplicationFilterChain.java:149)
	at org.springframework.web.filter.ServerHttpObservationFilter.doFilterInternal(ServerHttpObservationFilter.java:109)
	at org.springframework.web.filter.OncePerRequestFilter.doFilter(OncePerRequestFilter.java:116)
	at org.apache.catalina.core.ApplicationFilterChain.internalDoFilter(ApplicationFilterChain.java:174)
	at org.apache.catalina.core.ApplicationFilterChain.doFilter(ApplicationFilterChain.java:149)
	at org.springframework.web.filter.CharacterEncodingFilter.doFilterInternal(CharacterEncodingFilter.java:201)
	at org.springframework.web.filter.OncePerRequestFilter.doFilter(OncePerRequestFilter.java:116)
	at org.apache.catalina.core.ApplicationFilterChain.internalDoFilter(ApplicationFilterChain.java:174)
	at org.apache.catalina.core.ApplicationFilterChain.doFilter(ApplicationFilterChain.java:149)
	at org.apache.catalina.core.StandardWrapperValve.invoke(StandardWrapperValve.java:167)
	at org.apache.catalina.core.StandardContextValve.invoke(StandardContextValve.java:90)
	at org.apache.catalina.authenticator.AuthenticatorBase.invoke(AuthenticatorBase.java:482)
	at org.apache.catalina.core.StandardHostValve.invoke(StandardHostValve.java:115)
	at org.apache.catalina.valves.ErrorReportValve.invoke(ErrorReportValve.java:93)
	at org.apache.catalina.core.StandardEngineValve.invoke(StandardEngineValve.java:74)
	at org.apache.catalina.connector.CoyoteAdapter.service(CoyoteAdapter.java:340)
	at org.apache.coyote.http11.Http11Processor.service(Http11Processor.java:391)
	at org.apache.coyote.AbstractProcessorLight.process(AbstractProcessorLight.java:63)
	at org.apache.coyote.AbstractProtocol$ConnectionHandler.process(AbstractProtocol.java:896)
	at org.apache.tomcat.util.net.NioEndpoint$SocketProcessor.doRun(NioEndpoint.java:1744)
	at org.apache.tomcat.util.net.SocketProcessorBase.run(SocketProcessorBase.java:52)
	at org.apache.tomcat.util.threads.ThreadPoolExecutor.runWorker(ThreadPoolExecutor.java:1191)
	at org.apache.tomcat.util.threads.ThreadPoolExecutor$Worker.run(ThreadPoolExecutor.java:659)
	at org.apache.tomcat.util.threads.TaskThread$WrappingRunnable.run(TaskThread.java:61)
	at java.base/java.lang.Thread.run(Thread.java:1570)
Caused by: jakarta.mail.MessagingException: Could not connect to SMTP host: smtp.gmail.com, port: 465
	at org.eclipse.angus.mail.smtp.SMTPTransport.openServer(SMTPTransport.java:2245)
	at org.eclipse.angus.mail.smtp.SMTPTransport.protocolConnect(SMTPTransport.java:729)
	at jakarta.mail.Service.connect(Service.java:345)
	at org.springframework.mail.javamail.JavaMailSenderImpl.connectTransport(JavaMailSenderImpl.java:480)
	at org.springframework.mail.javamail.JavaMailSenderImpl.doSend(JavaMailSenderImpl.java:399)
	... 159 common frames omitted
Caused by: java.net.SocketTimeoutException: Read timed out
	at java.base/sun.nio.ch.NioSocketImpl.timedRead(NioSocketImpl.java:278)
	at java.base/sun.nio.ch.NioSocketImpl.implRead(NioSocketImpl.java:304)
	at java.base/sun.nio.ch.NioSocketImpl.read(NioSocketImpl.java:346)
	at java.base/sun.nio.ch.NioSocketImpl$1.read(NioSocketImpl.java:796)
	at java.base/java.net.Socket$SocketInputStream.implRead(Socket.java:1108)
	at java.base/java.net.Socket$SocketInputStream.read(Socket.java:1095)
	at java.base/sun.security.ssl.SSLSocketInputRecord.read(SSLSocketInputRecord.java:489)
	at java.base/sun.security.ssl.SSLSocketInputRecord.readHeader(SSLSocketInputRecord.java:483)
	at java.base/sun.security.ssl.SSLSocketInputRecord.decode(SSLSocketInputRecord.java:160)
	at java.base/sun.security.ssl.SSLTransport.decode(SSLTransport.java:111)
	at java.base/sun.security.ssl.SSLSocketImpl.decode(SSLSocketImpl.java:1507)
	at java.base/sun.security.ssl.SSLSocketImpl.readHandshakeRecord(SSLSocketImpl.java:1422)
	at java.base/sun.security.ssl.SSLSocketImpl.startHandshake(SSLSocketImpl.java:455)
	at java.base/sun.security.ssl.SSLSocketImpl.startHandshake(SSLSocketImpl.java:426)
	at org.eclipse.angus.mail.util.SocketFetcher.configureSSLSocket(SocketFetcher.java:628)
	at org.eclipse.angus.mail.util.SocketFetcher.createSocket(SocketFetcher.java:401)
	at org.eclipse.angus.mail.util.SocketFetcher.getSocket(SocketFetcher.java:235)
	at org.eclipse.angus.mail.smtp.SMTPTransport.openServer(SMTPTransport.java:2193)
	... 163 common frames omitted
2025-09-24 10:56:14 [http-nio-8080-exec-8] WARN  c.portbooking.service.BookingService - Email notification failed for booking status update: Mail server connection failed. Failed messages: jakarta.mail.MessagingException: Could not connect to SMTP host: smtp.gmail.com, port: 465;
  nested exception is:
	java.net.SocketTimeoutException: Read timed out
2025-09-24 10:56:14 [http-nio-8080-exec-8] DEBUG org.hibernate.SQL - 
    select
        bd1_0.booking_id,
        bd1_0.id,
        bd1_0.bus_capacity,
        bd1_0.bus_company,
        bd1_0.bus_number,
        bd1_0.conductor_name,
        bd1_0.conductor_nic,
        bd1_0.driver_contact,
        bd1_0.driver_license_number,
        bd1_0.driver_name,
        bd1_0.estimated_arrival_time,
        bd1_0.estimated_departure_time 
    from
        bus_details bd1_0 
    where
        bd1_0.booking_id=?
2025-09-24 10:56:14 [http-nio-8080-exec-8] DEBUG org.hibernate.SQL - 
    select
        t1_0.id,
        t1_0.booking_id,
        t1_0.name,
        t1_0.nic 
    from
        teachers t1_0 
    where
        t1_0.booking_id=?
2025-09-24 10:56:15 [http-nio-8080-exec-8] DEBUG org.hibernate.SQL - 
    select
        g1_0.id,
        g1_0.booking_id,
        g1_0.contact_number,
        g1_0.name,
        g1_0.nic 
    from
        guardians g1_0 
    where
        g1_0.booking_id=?
2025-09-24 10:56:15 [http-nio-8080-exec-8] DEBUG org.hibernate.SQL - 
    update
        bookings 
    set
        contact_email=?,
        created_at=?,
        institution_contact_number=?,
        number_of_students=?,
        number_of_teachers=?,
        purpose_of_visit=?,
        rejection_reason=?,
        special_requirements=?,
        status=?,
        updated_at=?,
        user_id=?,
        visit_date=? 
    where
        id=?
2025-09-24 10:56:15 [http-nio-8080-exec-9] DEBUG o.s.security.web.FilterChainProxy - Securing GET /api/bookings
2025-09-24 10:56:15 [http-nio-8080-exec-9] DEBUG org.hibernate.SQL - 
    select
        u1_0.id,
        u1_0.contact_number,
        u1_0.email,
        u1_0.institution_name,
        u1_0.password,
        u1_0.role,
        u1_0.username 
    from
        users u1_0 
    where
        u1_0.username=?
2025-09-24 10:56:15 [http-nio-8080-exec-9] DEBUG o.s.security.web.FilterChainProxy - Secured GET /api/bookings
2025-09-24 10:56:15 [http-nio-8080-exec-9] DEBUG o.s.s.a.m.AuthorizationManagerBeforeMethodInterceptor - Authorizing method invocation ReflectiveMethodInvocation: public org.springframework.http.ResponseEntity com.portbooking.controller.BookingController.getAllBookings(); target is of class [com.portbooking.controller.BookingController]
2025-09-24 10:56:15 [http-nio-8080-exec-9] DEBUG o.s.s.a.m.AuthorizationManagerBeforeMethodInterceptor - Authorized method invocation ReflectiveMethodInvocation: public org.springframework.http.ResponseEntity com.portbooking.controller.BookingController.getAllBookings(); target is of class [com.portbooking.controller.BookingController]
2025-09-24 10:56:15 [http-nio-8080-exec-9] DEBUG org.hibernate.SQL - 
    select
        b1_0.id,
        b1_0.contact_email,
        b1_0.created_at,
        b1_0.institution_contact_number,
        b1_0.number_of_students,
        b1_0.number_of_teachers,
        b1_0.purpose_of_visit,
        b1_0.rejection_reason,
        b1_0.special_requirements,
        b1_0.status,
        b1_0.updated_at,
        b1_0.user_id,
        b1_0.visit_date 
    from
        bookings b1_0
2025-09-24 10:56:15 [http-nio-8080-exec-9] DEBUG org.hibernate.SQL - 
    select
        u1_0.id,
        u1_0.contact_number,
        u1_0.email,
        u1_0.institution_name,
        u1_0.password,
        u1_0.role,
        u1_0.username 
    from
        users u1_0 
    where
        u1_0.id=?
2025-09-24 10:56:15 [http-nio-8080-exec-9] DEBUG org.hibernate.SQL - 
    select
        bd1_0.booking_id,
        bd1_0.id,
        bd1_0.bus_capacity,
        bd1_0.bus_company,
        bd1_0.bus_number,
        bd1_0.conductor_name,
        bd1_0.conductor_nic,
        bd1_0.driver_contact,
        bd1_0.driver_license_number,
        bd1_0.driver_name,
        bd1_0.estimated_arrival_time,
        bd1_0.estimated_departure_time 
    from
        bus_details bd1_0 
    where
        bd1_0.booking_id=?
2025-09-24 10:56:15 [http-nio-8080-exec-9] DEBUG org.hibernate.SQL - 
    select
        t1_0.id,
        t1_0.booking_id,
        t1_0.name,
        t1_0.nic 
    from
        teachers t1_0 
    where
        t1_0.booking_id=?
2025-09-24 10:56:15 [http-nio-8080-exec-9] DEBUG org.hibernate.SQL - 
    select
        g1_0.id,
        g1_0.booking_id,
        g1_0.contact_number,
        g1_0.name,
        g1_0.nic 
    from
        guardians g1_0 
    where
        g1_0.booking_id=?
2025-09-24 10:56:15 [http-nio-8080-exec-9] DEBUG org.hibernate.SQL - 
    select
        u1_0.id,
        u1_0.contact_number,
        u1_0.email,
        u1_0.institution_name,
        u1_0.password,
        u1_0.role,
        u1_0.username 
    from
        users u1_0 
    where
        u1_0.id=?
2025-09-24 10:56:15 [http-nio-8080-exec-9] DEBUG org.hibernate.SQL - 
    select
        bd1_0.booking_id,
        bd1_0.id,
        bd1_0.bus_capacity,
        bd1_0.bus_company,
        bd1_0.bus_number,
        bd1_0.conductor_name,
        bd1_0.conductor_nic,
        bd1_0.driver_contact,
        bd1_0.driver_license_number,
        bd1_0.driver_name,
        bd1_0.estimated_arrival_time,
        bd1_0.estimated_departure_time 
    from
        bus_details bd1_0 
    where
        bd1_0.booking_id=?
2025-09-24 10:56:15 [http-nio-8080-exec-9] DEBUG org.hibernate.SQL - 
    select
        t1_0.id,
        t1_0.booking_id,
        t1_0.name,
        t1_0.nic 
    from
        teachers t1_0 
    where
        t1_0.booking_id=?
2025-09-24 10:56:15 [http-nio-8080-exec-9] DEBUG org.hibernate.SQL - 
    select
        g1_0.id,
        g1_0.booking_id,
        g1_0.contact_number,
        g1_0.name,
        g1_0.nic 
    from
        guardians g1_0 
    where
        g1_0.booking_id=?
2025-09-24 10:56:15 [http-nio-8080-exec-9] DEBUG org.hibernate.SQL - 
    select
        u1_0.id,
        u1_0.contact_number,
        u1_0.email,
        u1_0.institution_name,
        u1_0.password,
        u1_0.role,
        u1_0.username 
    from
        users u1_0 
    where
        u1_0.id=?
2025-09-24 10:56:15 [http-nio-8080-exec-9] DEBUG org.hibernate.SQL - 
    select
        bd1_0.booking_id,
        bd1_0.id,
        bd1_0.bus_capacity,
        bd1_0.bus_company,
        bd1_0.bus_number,
        bd1_0.conductor_name,
        bd1_0.conductor_nic,
        bd1_0.driver_contact,
        bd1_0.driver_license_number,
        bd1_0.driver_name,
        bd1_0.estimated_arrival_time,
        bd1_0.estimated_departure_time 
    from
        bus_details bd1_0 
    where
        bd1_0.booking_id=?
2025-09-24 10:56:15 [http-nio-8080-exec-9] DEBUG org.hibernate.SQL - 
    select
        t1_0.id,
        t1_0.booking_id,
        t1_0.name,
        t1_0.nic 
    from
        teachers t1_0 
    where
        t1_0.booking_id=?
2025-09-24 10:56:15 [http-nio-8080-exec-9] DEBUG org.hibernate.SQL - 
    select
        g1_0.id,
        g1_0.booking_id,
        g1_0.contact_number,
        g1_0.name,
        g1_0.nic 
    from
        guardians g1_0 
    where
        g1_0.booking_id=?
2025-09-24 10:56:15 [http-nio-8080-exec-9] DEBUG org.hibernate.SQL - 
    select
        u1_0.id,
        u1_0.contact_number,
        u1_0.email,
        u1_0.institution_name,
        u1_0.password,
        u1_0.role,
        u1_0.username 
    from
        users u1_0 
    where
        u1_0.id=?
2025-09-24 10:56:15 [http-nio-8080-exec-9] DEBUG org.hibernate.SQL - 
    select
        bd1_0.booking_id,
        bd1_0.id,
        bd1_0.bus_capacity,
        bd1_0.bus_company,
        bd1_0.bus_number,
        bd1_0.conductor_name,
        bd1_0.conductor_nic,
        bd1_0.driver_contact,
        bd1_0.driver_license_number,
        bd1_0.driver_name,
        bd1_0.estimated_arrival_time,
        bd1_0.estimated_departure_time 
    from
        bus_details bd1_0 
    where
        bd1_0.booking_id=?
2025-09-24 10:56:15 [http-nio-8080-exec-9] DEBUG org.hibernate.SQL - 
    select
        t1_0.id,
        t1_0.booking_id,
        t1_0.name,
        t1_0.nic 
    from
        teachers t1_0 
    where
        t1_0.booking_id=?
2025-09-24 10:56:15 [http-nio-8080-exec-9] DEBUG org.hibernate.SQL - 
    select
        g1_0.id,
        g1_0.booking_id,
        g1_0.contact_number,
        g1_0.name,
        g1_0.nic 
    from
        guardians g1_0 
    where
        g1_0.booking_id=?
2025-09-24 10:56:15 [http-nio-8080-exec-9] DEBUG org.hibernate.SQL - 
    select
        bd1_0.booking_id,
        bd1_0.id,
        bd1_0.bus_capacity,
        bd1_0.bus_company,
        bd1_0.bus_number,
        bd1_0.conductor_name,
        bd1_0.conductor_nic,
        bd1_0.driver_contact,
        bd1_0.driver_license_number,
        bd1_0.driver_name,
        bd1_0.estimated_arrival_time,
        bd1_0.estimated_departure_time 
    from
        bus_details bd1_0 
    where
        bd1_0.booking_id=?
2025-09-24 10:56:15 [http-nio-8080-exec-9] DEBUG org.hibernate.SQL - 
    select
        t1_0.id,
        t1_0.booking_id,
        t1_0.name,
        t1_0.nic 
    from
        teachers t1_0 
    where
        t1_0.booking_id=?
2025-09-24 10:56:15 [http-nio-8080-exec-9] DEBUG org.hibernate.SQL - 
    select
        g1_0.id,
        g1_0.booking_id,
        g1_0.contact_number,
        g1_0.name,
        g1_0.nic 
    from
        guardians g1_0 
    where
        g1_0.booking_id=?
2025-09-24 10:56:15 [http-nio-8080-exec-9] DEBUG org.hibernate.SQL - 
    select
        bd1_0.booking_id,
        bd1_0.id,
        bd1_0.bus_capacity,
        bd1_0.bus_company,
        bd1_0.bus_number,
        bd1_0.conductor_name,
        bd1_0.conductor_nic,
        bd1_0.driver_contact,
        bd1_0.driver_license_number,
        bd1_0.driver_name,
        bd1_0.estimated_arrival_time,
        bd1_0.estimated_departure_time 
    from
        bus_details bd1_0 
    where
        bd1_0.booking_id=?
2025-09-24 10:56:15 [http-nio-8080-exec-9] DEBUG org.hibernate.SQL - 
    select
        t1_0.id,
        t1_0.booking_id,
        t1_0.name,
        t1_0.nic 
    from
        teachers t1_0 
    where
        t1_0.booking_id=?
2025-09-24 10:56:15 [http-nio-8080-exec-9] DEBUG org.hibernate.SQL - 
    select
        g1_0.id,
        g1_0.booking_id,
        g1_0.contact_number,
        g1_0.name,
        g1_0.nic 
    from
        guardians g1_0 
    where
        g1_0.booking_id=?
2025-09-24 10:56:15 [http-nio-8080-exec-9] DEBUG org.hibernate.SQL - 
    select
        bd1_0.booking_id,
        bd1_0.id,
        bd1_0.bus_capacity,
        bd1_0.bus_company,
        bd1_0.bus_number,
        bd1_0.conductor_name,
        bd1_0.conductor_nic,
        bd1_0.driver_contact,
        bd1_0.driver_license_number,
        bd1_0.driver_name,
        bd1_0.estimated_arrival_time,
        bd1_0.estimated_departure_time 
    from
        bus_details bd1_0 
    where
        bd1_0.booking_id=?
2025-09-24 10:56:15 [http-nio-8080-exec-9] DEBUG org.hibernate.SQL - 
    select
        t1_0.id,
        t1_0.booking_id,
        t1_0.name,
        t1_0.nic 
    from
        teachers t1_0 
    where
        t1_0.booking_id=?
2025-09-24 10:56:15 [http-nio-8080-exec-9] DEBUG org.hibernate.SQL - 
    select
        g1_0.id,
        g1_0.booking_id,
        g1_0.contact_number,
        g1_0.name,
        g1_0.nic 
    from
        guardians g1_0 
    where
        g1_0.booking_id=?
2025-09-24 10:56:15 [http-nio-8080-exec-9] DEBUG org.hibernate.SQL - 
    select
        bd1_0.booking_id,
        bd1_0.id,
        bd1_0.bus_capacity,
        bd1_0.bus_company,
        bd1_0.bus_number,
        bd1_0.conductor_name,
        bd1_0.conductor_nic,
        bd1_0.driver_contact,
        bd1_0.driver_license_number,
        bd1_0.driver_name,
        bd1_0.estimated_arrival_time,
        bd1_0.estimated_departure_time 
    from
        bus_details bd1_0 
    where
        bd1_0.booking_id=?
2025-09-24 10:56:15 [http-nio-8080-exec-9] DEBUG org.hibernate.SQL - 
    select
        t1_0.id,
        t1_0.booking_id,
        t1_0.name,
        t1_0.nic 
    from
        teachers t1_0 
    where
        t1_0.booking_id=?
2025-09-24 10:56:15 [http-nio-8080-exec-9] DEBUG org.hibernate.SQL - 
    select
        g1_0.id,
        g1_0.booking_id,
        g1_0.contact_number,
        g1_0.name,
        g1_0.nic 
    from
        guardians g1_0 
    where
        g1_0.booking_id=?
2025-09-24 10:56:15 [http-nio-8080-exec-9] DEBUG org.hibernate.SQL - 
    select
        u1_0.id,
        u1_0.contact_number,
        u1_0.email,
        u1_0.institution_name,
        u1_0.password,
        u1_0.role,
        u1_0.username 
    from
        users u1_0 
    where
        u1_0.id=?
2025-09-24 10:56:15 [http-nio-8080-exec-9] DEBUG org.hibernate.SQL - 
    select
        bd1_0.booking_id,
        bd1_0.id,
        bd1_0.bus_capacity,
        bd1_0.bus_company,
        bd1_0.bus_number,
        bd1_0.conductor_name,
        bd1_0.conductor_nic,
        bd1_0.driver_contact,
        bd1_0.driver_license_number,
        bd1_0.driver_name,
        bd1_0.estimated_arrival_time,
        bd1_0.estimated_departure_time 
    from
        bus_details bd1_0 
    where
        bd1_0.booking_id=?
2025-09-24 10:56:15 [http-nio-8080-exec-9] DEBUG org.hibernate.SQL - 
    select
        t1_0.id,
        t1_0.booking_id,
        t1_0.name,
        t1_0.nic 
    from
        teachers t1_0 
    where
        t1_0.booking_id=?
2025-09-24 10:56:15 [http-nio-8080-exec-9] DEBUG org.hibernate.SQL - 
    select
        g1_0.id,
        g1_0.booking_id,
        g1_0.contact_number,
        g1_0.name,
        g1_0.nic 
    from
        guardians g1_0 
    where
        g1_0.booking_id=?
2025-09-24 10:56:15 [http-nio-8080-exec-9] DEBUG org.hibernate.SQL - 
    select
        bd1_0.booking_id,
        bd1_0.id,
        bd1_0.bus_capacity,
        bd1_0.bus_company,
        bd1_0.bus_number,
        bd1_0.conductor_name,
        bd1_0.conductor_nic,
        bd1_0.driver_contact,
        bd1_0.driver_license_number,
        bd1_0.driver_name,
        bd1_0.estimated_arrival_time,
        bd1_0.estimated_departure_time 
    from
        bus_details bd1_0 
    where
        bd1_0.booking_id=?
2025-09-24 10:56:15 [http-nio-8080-exec-9] DEBUG org.hibernate.SQL - 
    select
        t1_0.id,
        t1_0.booking_id,
        t1_0.name,
        t1_0.nic 
    from
        teachers t1_0 
    where
        t1_0.booking_id=?
2025-09-24 10:56:15 [http-nio-8080-exec-9] DEBUG org.hibernate.SQL - 
    select
        g1_0.id,
        g1_0.booking_id,
        g1_0.contact_number,
        g1_0.name,
        g1_0.nic 
    from
        guardians g1_0 
    where
        g1_0.booking_id=?
2025-09-24 10:56:15 [http-nio-8080-exec-9] DEBUG org.hibernate.SQL - 
    select
        bd1_0.booking_id,
        bd1_0.id,
        bd1_0.bus_capacity,
        bd1_0.bus_company,
        bd1_0.bus_number,
        bd1_0.conductor_name,
        bd1_0.conductor_nic,
        bd1_0.driver_contact,
        bd1_0.driver_license_number,
        bd1_0.driver_name,
        bd1_0.estimated_arrival_time,
        bd1_0.estimated_departure_time 
    from
        bus_details bd1_0 
    where
        bd1_0.booking_id=?
2025-09-24 10:56:15 [http-nio-8080-exec-9] DEBUG org.hibernate.SQL - 
    select
        t1_0.id,
        t1_0.booking_id,
        t1_0.name,
        t1_0.nic 
    from
        teachers t1_0 
    where
        t1_0.booking_id=?
2025-09-24 10:56:15 [http-nio-8080-exec-9] DEBUG org.hibernate.SQL - 
    select
        g1_0.id,
        g1_0.booking_id,
        g1_0.contact_number,
        g1_0.name,
        g1_0.nic 
    from
        guardians g1_0 
    where
        g1_0.booking_id=?
2025-09-24 10:56:15 [http-nio-8080-exec-9] DEBUG org.hibernate.SQL - 
    select
        bd1_0.booking_id,
        bd1_0.id,
        bd1_0.bus_capacity,
        bd1_0.bus_company,
        bd1_0.bus_number,
        bd1_0.conductor_name,
        bd1_0.conductor_nic,
        bd1_0.driver_contact,
        bd1_0.driver_license_number,
        bd1_0.driver_name,
        bd1_0.estimated_arrival_time,
        bd1_0.estimated_departure_time 
    from
        bus_details bd1_0 
    where
        bd1_0.booking_id=?
2025-09-24 10:56:15 [http-nio-8080-exec-9] DEBUG org.hibernate.SQL - 
    select
        t1_0.id,
        t1_0.booking_id,
        t1_0.name,
        t1_0.nic 
    from
        teachers t1_0 
    where
        t1_0.booking_id=?
2025-09-24 10:56:15 [http-nio-8080-exec-9] DEBUG org.hibernate.SQL - 
    select
        g1_0.id,
        g1_0.booking_id,
        g1_0.contact_number,
        g1_0.name,
        g1_0.nic 
    from
        guardians g1_0 
    where
        g1_0.booking_id=?
2025-09-24 10:56:15 [http-nio-8080-exec-9] DEBUG org.hibernate.SQL - 
    select
        bd1_0.booking_id,
        bd1_0.id,
        bd1_0.bus_capacity,
        bd1_0.bus_company,
        bd1_0.bus_number,
        bd1_0.conductor_name,
        bd1_0.conductor_nic,
        bd1_0.driver_contact,
        bd1_0.driver_license_number,
        bd1_0.driver_name,
        bd1_0.estimated_arrival_time,
        bd1_0.estimated_departure_time 
    from
        bus_details bd1_0 
    where
        bd1_0.booking_id=?
2025-09-24 10:56:15 [http-nio-8080-exec-9] DEBUG org.hibernate.SQL - 
    select
        t1_0.id,
        t1_0.booking_id,
        t1_0.name,
        t1_0.nic 
    from
        teachers t1_0 
    where
        t1_0.booking_id=?
2025-09-24 10:56:15 [http-nio-8080-exec-9] DEBUG org.hibernate.SQL - 
    select
        g1_0.id,
        g1_0.booking_id,
        g1_0.contact_number,
        g1_0.name,
        g1_0.nic 
    from
        guardians g1_0 
    where
        g1_0.booking_id=?
2025-09-24 10:56:15 [http-nio-8080-exec-9] DEBUG org.hibernate.SQL - 
    select
        bd1_0.booking_id,
        bd1_0.id,
        bd1_0.bus_capacity,
        bd1_0.bus_company,
        bd1_0.bus_number,
        bd1_0.conductor_name,
        bd1_0.conductor_nic,
        bd1_0.driver_contact,
        bd1_0.driver_license_number,
        bd1_0.driver_name,
        bd1_0.estimated_arrival_time,
        bd1_0.estimated_departure_time 
    from
        bus_details bd1_0 
    where
        bd1_0.booking_id=?
2025-09-24 10:56:15 [http-nio-8080-exec-9] DEBUG org.hibernate.SQL - 
    select
        t1_0.id,
        t1_0.booking_id,
        t1_0.name,
        t1_0.nic 
    from
        teachers t1_0 
    where
        t1_0.booking_id=?
2025-09-24 10:56:15 [http-nio-8080-exec-9] DEBUG org.hibernate.SQL - 
    select
        g1_0.id,
        g1_0.booking_id,
        g1_0.contact_number,
        g1_0.name,
        g1_0.nic 
    from
        guardians g1_0 
    where
        g1_0.booking_id=?
2025-09-24 10:56:15 [http-nio-8080-exec-9] DEBUG org.hibernate.SQL - 
    select
        bd1_0.booking_id,
        bd1_0.id,
        bd1_0.bus_capacity,
        bd1_0.bus_company,
        bd1_0.bus_number,
        bd1_0.conductor_name,
        bd1_0.conductor_nic,
        bd1_0.driver_contact,
        bd1_0.driver_license_number,
        bd1_0.driver_name,
        bd1_0.estimated_arrival_time,
        bd1_0.estimated_departure_time 
    from
        bus_details bd1_0 
    where
        bd1_0.booking_id=?
2025-09-24 10:56:15 [http-nio-8080-exec-9] DEBUG org.hibernate.SQL - 
    select
        t1_0.id,
        t1_0.booking_id,
        t1_0.name,
        t1_0.nic 
    from
        teachers t1_0 
    where
        t1_0.booking_id=?
2025-09-24 10:56:15 [http-nio-8080-exec-9] DEBUG org.hibernate.SQL - 
    select
        g1_0.id,
        g1_0.booking_id,
        g1_0.contact_number,
        g1_0.name,
        g1_0.nic 
    from
        guardians g1_0 
    where
        g1_0.booking_id=?
2025-09-24 10:56:15 [http-nio-8080-exec-9] DEBUG org.hibernate.SQL - 
    select
        bd1_0.booking_id,
        bd1_0.id,
        bd1_0.bus_capacity,
        bd1_0.bus_company,
        bd1_0.bus_number,
        bd1_0.conductor_name,
        bd1_0.conductor_nic,
        bd1_0.driver_contact,
        bd1_0.driver_license_number,
        bd1_0.driver_name,
        bd1_0.estimated_arrival_time,
        bd1_0.estimated_departure_time 
    from
        bus_details bd1_0 
    where
        bd1_0.booking_id=?
2025-09-24 10:56:15 [http-nio-8080-exec-9] DEBUG org.hibernate.SQL - 
    select
        t1_0.id,
        t1_0.booking_id,
        t1_0.name,
        t1_0.nic 
    from
        teachers t1_0 
    where
        t1_0.booking_id=?
2025-09-24 10:56:15 [http-nio-8080-exec-9] DEBUG org.hibernate.SQL - 
    select
        g1_0.id,
        g1_0.booking_id,
        g1_0.contact_number,
        g1_0.name,
        g1_0.nic 
    from
        guardians g1_0 
    where
        g1_0.booking_id=?
2025-09-24 10:56:15 [http-nio-8080-exec-9] DEBUG org.hibernate.SQL - 
    select
        bd1_0.booking_id,
        bd1_0.id,
        bd1_0.bus_capacity,
        bd1_0.bus_company,
        bd1_0.bus_number,
        bd1_0.conductor_name,
        bd1_0.conductor_nic,
        bd1_0.driver_contact,
        bd1_0.driver_license_number,
        bd1_0.driver_name,
        bd1_0.estimated_arrival_time,
        bd1_0.estimated_departure_time 
    from
        bus_details bd1_0 
    where
        bd1_0.booking_id=?
2025-09-24 10:56:15 [http-nio-8080-exec-9] DEBUG org.hibernate.SQL - 
    select
        t1_0.id,
        t1_0.booking_id,
        t1_0.name,
        t1_0.nic 
    from
        teachers t1_0 
    where
        t1_0.booking_id=?
2025-09-24 10:56:15 [http-nio-8080-exec-9] DEBUG org.hibernate.SQL - 
    select
        g1_0.id,
        g1_0.booking_id,
        g1_0.contact_number,
        g1_0.name,
        g1_0.nic 
    from
        guardians g1_0 
    where
        g1_0.booking_id=?
2025-09-24 10:56:15 [http-nio-8080-exec-9] DEBUG org.hibernate.SQL - 
    select
        bd1_0.booking_id,
        bd1_0.id,
        bd1_0.bus_capacity,
        bd1_0.bus_company,
        bd1_0.bus_number,
        bd1_0.conductor_name,
        bd1_0.conductor_nic,
        bd1_0.driver_contact,
        bd1_0.driver_license_number,
        bd1_0.driver_name,
        bd1_0.estimated_arrival_time,
        bd1_0.estimated_departure_time 
    from
        bus_details bd1_0 
    where
        bd1_0.booking_id=?
2025-09-24 10:56:15 [http-nio-8080-exec-9] DEBUG org.hibernate.SQL - 
    select
        t1_0.id,
        t1_0.booking_id,
        t1_0.name,
        t1_0.nic 
    from
        teachers t1_0 
    where
        t1_0.booking_id=?
2025-09-24 10:56:15 [http-nio-8080-exec-9] DEBUG org.hibernate.SQL - 
    select
        g1_0.id,
        g1_0.booking_id,
        g1_0.contact_number,
        g1_0.name,
        g1_0.nic 
    from
        guardians g1_0 
    where
        g1_0.booking_id=?
2025-09-24 10:56:15 [http-nio-8080-exec-9] DEBUG org.hibernate.SQL - 
    select
        bd1_0.booking_id,
        bd1_0.id,
        bd1_0.bus_capacity,
        bd1_0.bus_company,
        bd1_0.bus_number,
        bd1_0.conductor_name,
        bd1_0.conductor_nic,
        bd1_0.driver_contact,
        bd1_0.driver_license_number,
        bd1_0.driver_name,
        bd1_0.estimated_arrival_time,
        bd1_0.estimated_departure_time 
    from
        bus_details bd1_0 
    where
        bd1_0.booking_id=?
2025-09-24 10:56:15 [http-nio-8080-exec-3] DEBUG o.s.security.web.FilterChainProxy - Securing GET /api/bookings/pending
2025-09-24 10:56:15 [http-nio-8080-exec-9] DEBUG org.hibernate.SQL - 
    select
        t1_0.id,
        t1_0.booking_id,
        t1_0.name,
        t1_0.nic 
    from
        teachers t1_0 
    where
        t1_0.booking_id=?
2025-09-24 10:56:15 [http-nio-8080-exec-9] DEBUG org.hibernate.SQL - 
    select
        g1_0.id,
        g1_0.booking_id,
        g1_0.contact_number,
        g1_0.name,
        g1_0.nic 
    from
        guardians g1_0 
    where
        g1_0.booking_id=?
2025-09-24 10:56:15 [http-nio-8080-exec-9] DEBUG org.hibernate.SQL - 
    select
        bd1_0.booking_id,
        bd1_0.id,
        bd1_0.bus_capacity,
        bd1_0.bus_company,
        bd1_0.bus_number,
        bd1_0.conductor_name,
        bd1_0.conductor_nic,
        bd1_0.driver_contact,
        bd1_0.driver_license_number,
        bd1_0.driver_name,
        bd1_0.estimated_arrival_time,
        bd1_0.estimated_departure_time 
    from
        bus_details bd1_0 
    where
        bd1_0.booking_id=?
2025-09-24 10:56:15 [http-nio-8080-exec-3] DEBUG org.hibernate.SQL - 
    select
        u1_0.id,
        u1_0.contact_number,
        u1_0.email,
        u1_0.institution_name,
        u1_0.password,
        u1_0.role,
        u1_0.username 
    from
        users u1_0 
    where
        u1_0.username=?
2025-09-24 10:56:15 [http-nio-8080-exec-9] DEBUG org.hibernate.SQL - 
    select
        t1_0.id,
        t1_0.booking_id,
        t1_0.name,
        t1_0.nic 
    from
        teachers t1_0 
    where
        t1_0.booking_id=?
2025-09-24 10:56:15 [http-nio-8080-exec-9] DEBUG org.hibernate.SQL - 
    select
        g1_0.id,
        g1_0.booking_id,
        g1_0.contact_number,
        g1_0.name,
        g1_0.nic 
    from
        guardians g1_0 
    where
        g1_0.booking_id=?
2025-09-24 10:56:15 [http-nio-8080-exec-3] DEBUG o.s.security.web.FilterChainProxy - Secured GET /api/bookings/pending
2025-09-24 10:56:15 [http-nio-8080-exec-3] DEBUG o.s.s.a.m.AuthorizationManagerBeforeMethodInterceptor - Authorizing method invocation ReflectiveMethodInvocation: public org.springframework.http.ResponseEntity com.portbooking.controller.BookingController.getPendingBookings(); target is of class [com.portbooking.controller.BookingController]
2025-09-24 10:56:15 [http-nio-8080-exec-3] DEBUG o.s.s.a.m.AuthorizationManagerBeforeMethodInterceptor - Authorized method invocation ReflectiveMethodInvocation: public org.springframework.http.ResponseEntity com.portbooking.controller.BookingController.getPendingBookings(); target is of class [com.portbooking.controller.BookingController]
2025-09-24 10:56:15 [http-nio-8080-exec-9] DEBUG org.hibernate.SQL - 
    select
        bd1_0.booking_id,
        bd1_0.id,
        bd1_0.bus_capacity,
        bd1_0.bus_company,
        bd1_0.bus_number,
        bd1_0.conductor_name,
        bd1_0.conductor_nic,
        bd1_0.driver_contact,
        bd1_0.driver_license_number,
        bd1_0.driver_name,
        bd1_0.estimated_arrival_time,
        bd1_0.estimated_departure_time 
    from
        bus_details bd1_0 
    where
        bd1_0.booking_id=?
2025-09-24 10:56:15 [http-nio-8080-exec-3] DEBUG org.hibernate.SQL - 
    select
        b1_0.id,
        b1_0.contact_email,
        b1_0.created_at,
        b1_0.institution_contact_number,
        b1_0.number_of_students,
        b1_0.number_of_teachers,
        b1_0.purpose_of_visit,
        b1_0.rejection_reason,
        b1_0.special_requirements,
        b1_0.status,
        b1_0.updated_at,
        b1_0.user_id,
        b1_0.visit_date 
    from
        bookings b1_0 
    where
        b1_0.status=?
2025-09-24 10:56:15 [http-nio-8080-exec-9] DEBUG org.hibernate.SQL - 
    select
        t1_0.id,
        t1_0.booking_id,
        t1_0.name,
        t1_0.nic 
    from
        teachers t1_0 
    where
        t1_0.booking_id=?
2025-09-24 10:56:15 [http-nio-8080-exec-9] DEBUG org.hibernate.SQL - 
    select
        g1_0.id,
        g1_0.booking_id,
        g1_0.contact_number,
        g1_0.name,
        g1_0.nic 
    from
        guardians g1_0 
    where
        g1_0.booking_id=?
2025-09-24 10:56:15 [http-nio-8080-exec-9] DEBUG org.hibernate.SQL - 
    select
        bd1_0.booking_id,
        bd1_0.id,
        bd1_0.bus_capacity,
        bd1_0.bus_company,
        bd1_0.bus_number,
        bd1_0.conductor_name,
        bd1_0.conductor_nic,
        bd1_0.driver_contact,
        bd1_0.driver_license_number,
        bd1_0.driver_name,
        bd1_0.estimated_arrival_time,
        bd1_0.estimated_departure_time 
    from
        bus_details bd1_0 
    where
        bd1_0.booking_id=?
2025-09-24 10:56:15 [http-nio-8080-exec-9] DEBUG org.hibernate.SQL - 
    select
        t1_0.id,
        t1_0.booking_id,
        t1_0.name,
        t1_0.nic 
    from
        teachers t1_0 
    where
        t1_0.booking_id=?
2025-09-24 10:56:15 [http-nio-8080-exec-9] DEBUG org.hibernate.SQL - 
    select
        g1_0.id,
        g1_0.booking_id,
        g1_0.contact_number,
        g1_0.name,
        g1_0.nic 
    from
        guardians g1_0 
    where
        g1_0.booking_id=?
2025-09-24 10:56:15 [http-nio-8080-exec-9] DEBUG org.hibernate.SQL - 
    select
        bd1_0.booking_id,
        bd1_0.id,
        bd1_0.bus_capacity,
        bd1_0.bus_company,
        bd1_0.bus_number,
        bd1_0.conductor_name,
        bd1_0.conductor_nic,
        bd1_0.driver_contact,
        bd1_0.driver_license_number,
        bd1_0.driver_name,
        bd1_0.estimated_arrival_time,
        bd1_0.estimated_departure_time 
    from
        bus_details bd1_0 
    where
        bd1_0.booking_id=?
2025-09-24 10:56:15 [http-nio-8080-exec-9] DEBUG org.hibernate.SQL - 
    select
        t1_0.id,
        t1_0.booking_id,
        t1_0.name,
        t1_0.nic 
    from
        teachers t1_0 
    where
        t1_0.booking_id=?
2025-09-24 10:56:15 [http-nio-8080-exec-9] DEBUG org.hibernate.SQL - 
    select
        g1_0.id,
        g1_0.booking_id,
        g1_0.contact_number,
        g1_0.name,
        g1_0.nic 
    from
        guardians g1_0 
    where
        g1_0.booking_id=?
2025-09-24 10:56:15 [http-nio-8080-exec-9] DEBUG org.hibernate.SQL - 
    select
        bd1_0.booking_id,
        bd1_0.id,
        bd1_0.bus_capacity,
        bd1_0.bus_company,
        bd1_0.bus_number,
        bd1_0.conductor_name,
        bd1_0.conductor_nic,
        bd1_0.driver_contact,
        bd1_0.driver_license_number,
        bd1_0.driver_name,
        bd1_0.estimated_arrival_time,
        bd1_0.estimated_departure_time 
    from
        bus_details bd1_0 
    where
        bd1_0.booking_id=?
2025-09-24 10:56:15 [http-nio-8080-exec-9] DEBUG org.hibernate.SQL - 
    select
        t1_0.id,
        t1_0.booking_id,
        t1_0.name,
        t1_0.nic 
    from
        teachers t1_0 
    where
        t1_0.booking_id=?
2025-09-24 10:56:15 [http-nio-8080-exec-9] DEBUG org.hibernate.SQL - 
    select
        g1_0.id,
        g1_0.booking_id,
        g1_0.contact_number,
        g1_0.name,
        g1_0.nic 
    from
        guardians g1_0 
    where
        g1_0.booking_id=?
2025-09-24 10:56:15 [http-nio-8080-exec-9] DEBUG org.hibernate.SQL - 
    select
        bd1_0.booking_id,
        bd1_0.id,
        bd1_0.bus_capacity,
        bd1_0.bus_company,
        bd1_0.bus_number,
        bd1_0.conductor_name,
        bd1_0.conductor_nic,
        bd1_0.driver_contact,
        bd1_0.driver_license_number,
        bd1_0.driver_name,
        bd1_0.estimated_arrival_time,
        bd1_0.estimated_departure_time 
    from
        bus_details bd1_0 
    where
        bd1_0.booking_id=?
2025-09-24 10:56:15 [http-nio-8080-exec-9] DEBUG org.hibernate.SQL - 
    select
        t1_0.id,
        t1_0.booking_id,
        t1_0.name,
        t1_0.nic 
    from
        teachers t1_0 
    where
        t1_0.booking_id=?
2025-09-24 10:56:15 [http-nio-8080-exec-9] DEBUG org.hibernate.SQL - 
    select
        g1_0.id,
        g1_0.booking_id,
        g1_0.contact_number,
        g1_0.name,
        g1_0.nic 
    from
        guardians g1_0 
    where
        g1_0.booking_id=?
2025-09-24 10:56:15 [http-nio-8080-exec-9] DEBUG org.hibernate.SQL - 
    select
        bd1_0.booking_id,
        bd1_0.id,
        bd1_0.bus_capacity,
        bd1_0.bus_company,
        bd1_0.bus_number,
        bd1_0.conductor_name,
        bd1_0.conductor_nic,
        bd1_0.driver_contact,
        bd1_0.driver_license_number,
        bd1_0.driver_name,
        bd1_0.estimated_arrival_time,
        bd1_0.estimated_departure_time 
    from
        bus_details bd1_0 
    where
        bd1_0.booking_id=?
2025-09-24 10:56:15 [http-nio-8080-exec-9] DEBUG org.hibernate.SQL - 
    select
        t1_0.id,
        t1_0.booking_id,
        t1_0.name,
        t1_0.nic 
    from
        teachers t1_0 
    where
        t1_0.booking_id=?
2025-09-24 10:56:15 [http-nio-8080-exec-9] DEBUG org.hibernate.SQL - 
    select
        g1_0.id,
        g1_0.booking_id,
        g1_0.contact_number,
        g1_0.name,
        g1_0.nic 
    from
        guardians g1_0 
    where
        g1_0.booking_id=?
2025-09-24 10:56:15 [http-nio-8080-exec-9] DEBUG org.hibernate.SQL - 
    select
        bd1_0.booking_id,
        bd1_0.id,
        bd1_0.bus_capacity,
        bd1_0.bus_company,
        bd1_0.bus_number,
        bd1_0.conductor_name,
        bd1_0.conductor_nic,
        bd1_0.driver_contact,
        bd1_0.driver_license_number,
        bd1_0.driver_name,
        bd1_0.estimated_arrival_time,
        bd1_0.estimated_departure_time 
    from
        bus_details bd1_0 
    where
        bd1_0.booking_id=?
2025-09-24 10:56:15 [http-nio-8080-exec-9] DEBUG org.hibernate.SQL - 
    select
        t1_0.id,
        t1_0.booking_id,
        t1_0.name,
        t1_0.nic 
    from
        teachers t1_0 
    where
        t1_0.booking_id=?
2025-09-24 10:56:15 [http-nio-8080-exec-9] DEBUG org.hibernate.SQL - 
    select
        g1_0.id,
        g1_0.booking_id,
        g1_0.contact_number,
        g1_0.name,
        g1_0.nic 
    from
        guardians g1_0 
    where
        g1_0.booking_id=?
2025-09-24 10:56:15 [http-nio-8080-exec-9] DEBUG org.hibernate.SQL - 
    select
        bd1_0.booking_id,
        bd1_0.id,
        bd1_0.bus_capacity,
        bd1_0.bus_company,
        bd1_0.bus_number,
        bd1_0.conductor_name,
        bd1_0.conductor_nic,
        bd1_0.driver_contact,
        bd1_0.driver_license_number,
        bd1_0.driver_name,
        bd1_0.estimated_arrival_time,
        bd1_0.estimated_departure_time 
    from
        bus_details bd1_0 
    where
        bd1_0.booking_id=?
2025-09-24 10:56:15 [http-nio-8080-exec-9] DEBUG org.hibernate.SQL - 
    select
        t1_0.id,
        t1_0.booking_id,
        t1_0.name,
        t1_0.nic 
    from
        teachers t1_0 
    where
        t1_0.booking_id=?
2025-09-24 10:56:15 [http-nio-8080-exec-9] DEBUG org.hibernate.SQL - 
    select
        g1_0.id,
        g1_0.booking_id,
        g1_0.contact_number,
        g1_0.name,
        g1_0.nic 
    from
        guardians g1_0 
    where
        g1_0.booking_id=?
2025-09-24 10:56:15 [http-nio-8080-exec-9] DEBUG org.hibernate.SQL - 
    select
        bd1_0.booking_id,
        bd1_0.id,
        bd1_0.bus_capacity,
        bd1_0.bus_company,
        bd1_0.bus_number,
        bd1_0.conductor_name,
        bd1_0.conductor_nic,
        bd1_0.driver_contact,
        bd1_0.driver_license_number,
        bd1_0.driver_name,
        bd1_0.estimated_arrival_time,
        bd1_0.estimated_departure_time 
    from
        bus_details bd1_0 
    where
        bd1_0.booking_id=?
2025-09-24 10:56:15 [http-nio-8080-exec-9] DEBUG org.hibernate.SQL - 
    select
        t1_0.id,
        t1_0.booking_id,
        t1_0.name,
        t1_0.nic 
    from
        teachers t1_0 
    where
        t1_0.booking_id=?
2025-09-24 10:56:15 [http-nio-8080-exec-9] DEBUG org.hibernate.SQL - 
    select
        g1_0.id,
        g1_0.booking_id,
        g1_0.contact_number,
        g1_0.name,
        g1_0.nic 
    from
        guardians g1_0 
    where
        g1_0.booking_id=?
2025-09-24 10:56:15 [http-nio-8080-exec-9] DEBUG org.hibernate.SQL - 
    select
        bd1_0.booking_id,
        bd1_0.id,
        bd1_0.bus_capacity,
        bd1_0.bus_company,
        bd1_0.bus_number,
        bd1_0.conductor_name,
        bd1_0.conductor_nic,
        bd1_0.driver_contact,
        bd1_0.driver_license_number,
        bd1_0.driver_name,
        bd1_0.estimated_arrival_time,
        bd1_0.estimated_departure_time 
    from
        bus_details bd1_0 
    where
        bd1_0.booking_id=?
2025-09-24 10:56:15 [http-nio-8080-exec-9] DEBUG org.hibernate.SQL - 
    select
        t1_0.id,
        t1_0.booking_id,
        t1_0.name,
        t1_0.nic 
    from
        teachers t1_0 
    where
        t1_0.booking_id=?
2025-09-24 10:56:15 [http-nio-8080-exec-9] DEBUG org.hibernate.SQL - 
    select
        g1_0.id,
        g1_0.booking_id,
        g1_0.contact_number,
        g1_0.name,
        g1_0.nic 
    from
        guardians g1_0 
    where
        g1_0.booking_id=?
2025-09-24 10:56:15 [http-nio-8080-exec-9] DEBUG org.hibernate.SQL - 
    select
        bd1_0.booking_id,
        bd1_0.id,
        bd1_0.bus_capacity,
        bd1_0.bus_company,
        bd1_0.bus_number,
        bd1_0.conductor_name,
        bd1_0.conductor_nic,
        bd1_0.driver_contact,
        bd1_0.driver_license_number,
        bd1_0.driver_name,
        bd1_0.estimated_arrival_time,
        bd1_0.estimated_departure_time 
    from
        bus_details bd1_0 
    where
        bd1_0.booking_id=?
2025-09-24 10:56:15 [http-nio-8080-exec-9] DEBUG org.hibernate.SQL - 
    select
        t1_0.id,
        t1_0.booking_id,
        t1_0.name,
        t1_0.nic 
    from
        teachers t1_0 
    where
        t1_0.booking_id=?
2025-09-24 10:56:15 [http-nio-8080-exec-9] DEBUG org.hibernate.SQL - 
    select
        g1_0.id,
        g1_0.booking_id,
        g1_0.contact_number,
        g1_0.name,
        g1_0.nic 
    from
        guardians g1_0 
    where
        g1_0.booking_id=?
2025-09-24 10:56:15 [http-nio-8080-exec-9] DEBUG org.hibernate.SQL - 
    select
        bd1_0.booking_id,
        bd1_0.id,
        bd1_0.bus_capacity,
        bd1_0.bus_company,
        bd1_0.bus_number,
        bd1_0.conductor_name,
        bd1_0.conductor_nic,
        bd1_0.driver_contact,
        bd1_0.driver_license_number,
        bd1_0.driver_name,
        bd1_0.estimated_arrival_time,
        bd1_0.estimated_departure_time 
    from
        bus_details bd1_0 
    where
        bd1_0.booking_id=?
2025-09-24 10:56:15 [http-nio-8080-exec-9] DEBUG org.hibernate.SQL - 
    select
        t1_0.id,
        t1_0.booking_id,
        t1_0.name,
        t1_0.nic 
    from
        teachers t1_0 
    where
        t1_0.booking_id=?
2025-09-24 10:56:15 [http-nio-8080-exec-9] DEBUG org.hibernate.SQL - 
    select
        g1_0.id,
        g1_0.booking_id,
        g1_0.contact_number,
        g1_0.name,
        g1_0.nic 
    from
        guardians g1_0 
    where
        g1_0.booking_id=?
2025-09-24 10:56:15 [http-nio-8080-exec-9] DEBUG org.hibernate.SQL - 
    select
        bd1_0.booking_id,
        bd1_0.id,
        bd1_0.bus_capacity,
        bd1_0.bus_company,
        bd1_0.bus_number,
        bd1_0.conductor_name,
        bd1_0.conductor_nic,
        bd1_0.driver_contact,
        bd1_0.driver_license_number,
        bd1_0.driver_name,
        bd1_0.estimated_arrival_time,
        bd1_0.estimated_departure_time 
    from
        bus_details bd1_0 
    where
        bd1_0.booking_id=?
2025-09-24 10:56:15 [http-nio-8080-exec-9] DEBUG org.hibernate.SQL - 
    select
        t1_0.id,
        t1_0.booking_id,
        t1_0.name,
        t1_0.nic 
    from
        teachers t1_0 
    where
        t1_0.booking_id=?
2025-09-24 10:56:15 [http-nio-8080-exec-9] DEBUG org.hibernate.SQL - 
    select
        g1_0.id,
        g1_0.booking_id,
        g1_0.contact_number,
        g1_0.name,
        g1_0.nic 
    from
        guardians g1_0 
    where
        g1_0.booking_id=?
2025-09-24 10:57:02 [http-nio-8080-exec-2] DEBUG o.s.security.web.FilterChainProxy - Securing GET /favicon.ico
2025-09-24 10:57:02 [http-nio-8080-exec-2] DEBUG org.hibernate.SQL - 
    select
        u1_0.id,
        u1_0.contact_number,
        u1_0.email,
        u1_0.institution_name,
        u1_0.password,
        u1_0.role,
        u1_0.username 
    from
        users u1_0 
    where
        u1_0.username=?
2025-09-24 10:57:02 [http-nio-8080-exec-2] DEBUG o.s.security.web.FilterChainProxy - Secured GET /favicon.ico
2025-09-24 10:57:03 [http-nio-8080-exec-6] DEBUG o.s.security.web.FilterChainProxy - Securing GET /favicon.ico
2025-09-24 10:57:03 [http-nio-8080-exec-6] DEBUG org.hibernate.SQL - 
    select
        u1_0.id,
        u1_0.contact_number,
        u1_0.email,
        u1_0.institution_name,
        u1_0.password,
        u1_0.role,
        u1_0.username 
    from
        users u1_0 
    where
        u1_0.username=?
2025-09-24 10:57:03 [http-nio-8080-exec-6] DEBUG o.s.security.web.FilterChainProxy - Secured GET /favicon.ico
2025-09-24 10:57:09 [http-nio-8080-exec-1] DEBUG o.s.security.web.FilterChainProxy - Securing POST /api/auth/signin
2025-09-24 10:57:09 [http-nio-8080-exec-1] DEBUG org.hibernate.SQL - 
    select
        u1_0.id,
        u1_0.contact_number,
        u1_0.email,
        u1_0.institution_name,
        u1_0.password,
        u1_0.role,
        u1_0.username 
    from
        users u1_0 
    where
        u1_0.username=?
2025-09-24 10:57:09 [http-nio-8080-exec-1] DEBUG o.s.security.web.FilterChainProxy - Secured POST /api/auth/signin
2025-09-24 10:57:09 [http-nio-8080-exec-1] DEBUG org.hibernate.SQL - 
    select
        u1_0.id,
        u1_0.contact_number,
        u1_0.email,
        u1_0.institution_name,
        u1_0.password,
        u1_0.role,
        u1_0.username 
    from
        users u1_0 
    where
        u1_0.username=?
2025-09-24 10:57:09 [http-nio-8080-exec-1] DEBUG o.s.s.a.d.DaoAuthenticationProvider - Authenticated user
2025-09-24 10:57:09 [http-nio-8080-exec-1] DEBUG org.hibernate.SQL - 
    select
        u1_0.id,
        u1_0.contact_number,
        u1_0.email,
        u1_0.institution_name,
        u1_0.password,
        u1_0.role,
        u1_0.username 
    from
        users u1_0 
    where
        u1_0.username=?
2025-09-24 10:57:10 [http-nio-8080-exec-7] DEBUG o.s.security.web.FilterChainProxy - Securing GET /favicon.ico
2025-09-24 10:57:10 [http-nio-8080-exec-7] DEBUG org.hibernate.SQL - 
    select
        u1_0.id,
        u1_0.contact_number,
        u1_0.email,
        u1_0.institution_name,
        u1_0.password,
        u1_0.role,
        u1_0.username 
    from
        users u1_0 
    where
        u1_0.username=?
2025-09-24 10:57:10 [http-nio-8080-exec-7] DEBUG o.s.security.web.FilterChainProxy - Secured GET /favicon.ico
